source_split,filepath,label,file_size_bytes,width,height,mode,format,sha256,phash,valid_image,error
Training,Training/meningioma/Tr-me_0225.jpg,meningioma,19823,369,395,RGB,JPEG,c22c1029b1f5d3b96679b64527073e0b5f575d492094578a9eff022649af84ec,801f5ffa29687d21,True,
Testing,Testing/meningioma/Te-me_0046.jpg,meningioma,27715,369,395,RGB,JPEG,f9c7519fa1b025afb6c7dcb3e7ac3807ab36ffaa535b8dbf72ed6b418303f486,801f5ffa29687d21,True,
Training,Training/meningioma/Tr-me_0198.jpg,meningioma,9268,200,223,RGB,JPEG,96c69ebadfc6c5a736937c6bdf11983ebf111d0cd9f738b1c1aafa96dc61f551,80375f693ab07c65,True,
Testing,Testing/meningioma/Te-me_0011.jpg,meningioma,12380,200,223,RGB,JPEG,0b2a2b578be6b8a5a897047a580f4c331a4ce7999585866bb41e22e46c536cd2,80375f693ab07c65,True,
Training,Training/notumor/Tr-no_1060.jpg,notumor,37052,339,415,RGB,JPEG,14963471b7c2744df51c1da54f4e519cecc34aa12944f1968620da1d36d2c5c2,804a4ba93fb57c96,True,
Training,Training/notumor/Tr-no_0216.jpg,notumor,37052,339,415,RGB,JPEG,14963471b7c2744df51c1da54f4e519cecc34aa12944f1968620da1d36d2c5c2,804a4ba93fb57c96,True,
Training,Training/notumor/Tr-no_1050.jpg,notumor,37547,331,406,RGB,JPEG,7d5fb3078f6ed56884ebf8c14928f4e8e05ffd2065cf1b5f4b23cd6dfa3f49ef,80544fab6f813ab7,True,
Training,Training/notumor/Tr-no_0215.jpg,notumor,37547,331,406,RGB,JPEG,7d5fb3078f6ed56884ebf8c14928f4e8e05ffd2065cf1b5f4b23cd6dfa3f49ef,80544fab6f813ab7,True,
Training,Training/notumor/Tr-no_0567.jpg,notumor,8955,201,250,RGB,JPEG,c6f75a9e39f9f81945a1077e20d530972f8c2915d0fd2af7e1d4e2923f6c75ee,805b1ff87a9168cd,True,
Training,Training/notumor/Tr-no_0910.jpg,notumor,8460,201,250,RGB,JPEG,6fb3bb7facb4a1ce49bd7fe43e2e9e426bdddb9cdcaa48b3462d80367dc60511,805b1ff87a9168cd,True,
Training,Training/notumor/Tr-no_0223.jpg,notumor,12710,201,250,RGB,JPEG,e9a63334af63a2ec8cab2149ec091466c60df5fe115cf36cc30c9304dacbb376,805b1ff87a9168cd,True,
Training,Training/notumor/Tr-no_1101.jpg,notumor,12710,201,250,RGB,JPEG,e9a63334af63a2ec8cab2149ec091466c60df5fe115cf36cc30c9304dacbb376,805b1ff87a9168cd,True,
Training,Training/notumor/Tr-no_0140.jpg,notumor,12710,201,250,RGB,JPEG,e9a63334af63a2ec8cab2149ec091466c60df5fe115cf36cc30c9304dacbb376,805b1ff87a9168cd,True,
Training,Training/notumor/Tr-no_1136.jpg,notumor,8453,201,250,RGB,JPEG,26cc2ac2fd2aa849ffdddc57eacb585a8fdbfe9824404a7d8860f46289571e80,805b1ff87a9168cd,True,
Training,Training/notumor/Tr-no_0983.jpg,notumor,6399,201,250,RGB,JPEG,cca6c02571d544a64a480fb01cb9d45a2b5d0211e201f929844745afa10d658a,805b1ff87a9168cd,True,
Training,Training/notumor/Tr-no_0605.jpg,notumor,10708,214,236,RGB,JPEG,f7f5a375b5aeaea2aa0d8acfa4d171684f5fa49e810006317b271ebafc7b0824,80625f4b3a27799d,True,
Testing,Testing/notumor/Te-no_0353.jpg,notumor,10844,214,236,RGB,JPEG,19a55bf4da0433f3ea4f6288d30b374dbbd7eca0afc7f6e5bbcde61bc06f905d,80625f4b3a27799d,True,
Training,Training/notumor/Tr-no_1182.jpg,notumor,20420,236,309,RGB,JPEG,dfbba0fc3e25b2cc10d6fde8faf975c6f475baa770ede5ea3fd1e495995736ef,80661fab7a85689f,True,
Testing,Testing/notumor/Te-no_0051.jpg,notumor,20420,236,309,RGB,JPEG,dfbba0fc3e25b2cc10d6fde8faf975c6f475baa770ede5ea3fd1e495995736ef,80661fab7a85689f,True,
Training,Training/notumor/Tr-no_0246.jpg,notumor,20420,236,309,RGB,JPEG,dfbba0fc3e25b2cc10d6fde8faf975c6f475baa770ede5ea3fd1e495995736ef,80661fab7a85689f,True,
Training,Training/notumor/Tr-no_0640.jpg,notumor,12875,214,236,RGB,JPEG,8754d6582bc14adc7e7121a1c48e3c7768bb815646e0a77a9767a2b0cb373f29,806a5f6338b1799d,True,
Training,Training/notumor/Tr-no_1339.jpg,notumor,13105,214,236,RGB,JPEG,7db498b0c0da45b720bf64225ab78d2bb03023c9fad87303f07758d7b549471a,806a5f6338b1799d,True,
Training,Training/pituitary/Tr-pi_0343.jpg,pituitary,35906,512,512,RGB,JPEG,8afa71fed3d0307237b24872056b750f3c06ee0d9527c35241b908eb7404080f,80885ffc1b555ada,True,
Training,Training/pituitary/Tr-pi_0342.jpg,pituitary,35906,512,512,RGB,JPEG,8afa71fed3d0307237b24872056b750f3c06ee0d9527c35241b908eb7404080f,80885ffc1b555ada,True,
Training,Training/notumor/Tr-no_0437.jpg,notumor,10736,214,236,RGB,JPEG,21b8b91e5ebe1f8ae79eb437f6ec83e8bfffbf71d50a7799aeacfa39d9327c18,809d5fb03adc7962,True,
Training,Training/notumor/Tr-no_1423.jpg,notumor,10853,214,236,RGB,JPEG,bbb969da9e00cad757ce4cfed82cc780afa9a95f02720d0a9dcbaf64423f166b,809d5fb03adc7962,True,
Testing,Testing/notumor/Te-no_0230.jpg,notumor,9077,201,250,RGB,JPEG,aafa93e0d2c7ff5ba569ba4fb2827a0d2f8de9e504b6a0c665f21b32f9c9acde,80a41f477a6e683f,True,
Testing,Testing/notumor/Te-no_0357.jpg,notumor,8803,201,250,RGB,JPEG,9c8566b89cef0c2467648a9415dbea5b8d6022bbea515d5bbfb6935eb37fdded,80a41f477a6e683f,True,
Training,Training/notumor/Tr-no_0318.jpg,notumor,46209,411,496,RGB,JPEG,90b09a698e88ffae221f5f5c0c732e7a17e93387b4e91fc0be28b3aa3b91ba33,811956fe6c786b85,True,
Training,Training/notumor/Tr-no_1170.jpg,notumor,46209,411,496,RGB,JPEG,90b09a698e88ffae221f5f5c0c732e7a17e93387b4e91fc0be28b3aa3b91ba33,811956fe6c786b85,True,
Testing,Testing/meningioma/Te-me_0079.jpg,meningioma,13951,208,243,RGB,JPEG,8e3337290795e87f60d3aae62e5dc24891c709967907fb85545364a8682a368b,811e1fe87aa53ac5,True,
Training,Training/meningioma/Tr-me_0257.jpg,meningioma,10078,208,243,RGB,JPEG,4c3af3bbaa0e4fef239bd973509aeda877af2ba720a3d469a1d5438a9e55a910,811e1fe87aa53ac5,True,
Training,Training/notumor/Tr-no_1173.jpg,notumor,16812,235,261,RGB,JPEG,1cc081e753d825a7a043b7968fa48c166d3518426790468025d6674794791327,811e4e381bf53d74,True,
Testing,Testing/notumor/Te-no_0014.jpg,notumor,16812,235,261,RGB,JPEG,1cc081e753d825a7a043b7968fa48c166d3518426790468025d6674794791327,811e4e381bf53d74,True,
Training,Training/notumor/Tr-no_0059.jpg,notumor,15035,235,261,RGB,JPEG,ad2f2c46d23d4c56b1848b62b38b5b4288e28e3ec7872235a6597b0def7171fb,811e4e381bf53d74,True,
Testing,Testing/meningioma/Te-me_0016.jpg,meningioma,23465,290,339,RGB,JPEG,fb2b0e33367c6b46c5aee62ff7fa335a1cd7f185792e84090f8a62e722d91d8b,811e63e81eb50bf9,True,
Training,Training/meningioma/Tr-me_0183.jpg,meningioma,20927,290,339,RGB,JPEG,7e93bc227b48e72c38365bbc077e3ac58b5be977cce4a752e09df9f1402c22fb,811e63e81eb50bf9,True,
Testing,Testing/meningioma/Te-me_0041.jpg,meningioma,23802,290,342,RGB,JPEG,d42c2063d877d317380155375c55a3f736e1202e404cbfa0d4507bef3350f4e3,811e63e81eb50fe9,True,
Training,Training/meningioma/Tr-me_0220.jpg,meningioma,21232,290,342,RGB,JPEG,eb9fb089c64c264e1b69fa99df94d15eaeea7fe1e1abf02067a54bb2c7831900,811e63e81eb50fe9,True,
Training,Training/meningioma/Tr-me_0204.jpg,meningioma,37460,630,423,RGB,JPEG,a70f40c8cfc4a3811c80f6f00cc80d890c602ccdd5cb610c4e77db115e2195c1,811f5e722e6b6c19,True,
Testing,Testing/meningioma/Te-me_0024.jpg,meningioma,51353,630,423,RGB,JPEG,9dcd34c5328623dc7c0f06cbb7598017efbb3b6b59d3a70c099343922290de99,811f5e722e6b6c19,True,
Testing,Testing/notumor/Te-no_0075.jpg,notumor,14044,236,290,RGB,JPEG,f2d9f0979df98ce2e4aab669d3c141ca02ebce9eb15775267bfd6d4eae2a7d7f,814a5fad6a97611e,True,
Training,Training/notumor/Tr-no_1084.jpg,notumor,14044,236,290,RGB,JPEG,f2d9f0979df98ce2e4aab669d3c141ca02ebce9eb15775267bfd6d4eae2a7d7f,814a5fad6a97611e,True,
Training,Training/notumor/Tr-no_0338.jpg,notumor,14044,236,290,RGB,JPEG,f2d9f0979df98ce2e4aab669d3c141ca02ebce9eb15775267bfd6d4eae2a7d7f,814a5fad6a97611e,True,
Testing,Testing/notumor/Te-no_0022.jpg,notumor,14044,236,290,RGB,JPEG,f2d9f0979df98ce2e4aab669d3c141ca02ebce9eb15775267bfd6d4eae2a7d7f,814a5fad6a97611e,True,
Training,Training/notumor/Tr-no_0069.jpg,notumor,14044,236,290,RGB,JPEG,f2d9f0979df98ce2e4aab669d3c141ca02ebce9eb15775267bfd6d4eae2a7d7f,814a5fad6a97611e,True,
Training,Training/meningioma/Tr-me_0254.jpg,meningioma,18020,289,354,RGB,JPEG,0393684019b077c8ca1612bffafae672b08a84ed5e66d5290eb93d541a9face9,815a5f28669d6997,True,
Testing,Testing/meningioma/Te-me_0076.jpg,meningioma,20107,289,354,RGB,JPEG,d50fe37de5cb0b6f97374864487a719fcaaca4e9ede3ef711b623314d64cdbc9,815a5f28669d6997,True,
Training,Training/meningioma/Tr-me_0208.jpg,meningioma,16260,286,356,RGB,JPEG,32e43c129cf6fef5fecb82419213685e652d4dbc524f7c7f9d11c42b91c28fa9,815a5f28669d6a97,True,
Testing,Testing/meningioma/Te-me_0028.jpg,meningioma,18704,286,356,RGB,JPEG,deb3cf8255416bd3f24f48f7159965f9e48b5b346e5b22a41b11f8a7f22edec7,815a5f28669d6a97,True,
Training,Training/notumor/Tr-no_0686.jpg,notumor,10754,201,250,RGB,JPEG,124087407d6963f06d54d44a9dbfd710fcd127aa2dc7e57080d0a238b7a16499,815b1fb87a9178c5,True,
Training,Training/notumor/Tr-no_0491.jpg,notumor,11727,201,250,RGB,JPEG,17250b18504f8760546d80281cb9d618e6f2af747cec2a19dd3bb1b1f165de8b,815b1fb87a9178c5,True,
Training,Training/meningioma/Tr-me_0242.jpg,meningioma,14166,257,248,RGB,JPEG,3dda830ebaa3389847012b51952891707f147df53645461c849dda635a9bb3dc,815e5f2a70e957a1,True,
Testing,Testing/meningioma/Te-me_0063.jpg,meningioma,15615,257,248,RGB,JPEG,56cf9f66248d14af34d23eaa420b0c509a94f19c63b1937f8bf63f92cca301f5,815e5f2a70e957a1,True,
Training,Training/notumor/Tr-no_0865.jpg,notumor,8829,230,282,RGB,JPEG,158d04e6d973c091b89089703626b1eb39b0ebc73d43356b6cb1524f89b28a4b,816f3fb06c9530c7,True,
Training,Training/notumor/Tr-no_0993.jpg,notumor,24645,230,282,RGB,JPEG,c9687992fb9b08ab473b261f402dcf5c196db74f8f5b0a68a8dde724e6a58280,816f3fb06c9530c7,True,
Training,Training/notumor/Tr-no_1099.jpg,notumor,8756,230,282,RGB,JPEG,1b7214f86e5142ba4e52fbf7c0aa24b059e0896cf664df6b6236dc8960ac75dd,816f3fb06c9530c7,True,
Training,Training/notumor/Tr-no_0673.jpg,notumor,12599,201,251,RGB,JPEG,26d57c2158c803a1e1683354525072f0301845385a7df32fbd1de32a4b2636e0,81781e277adb6983,True,
Training,Training/notumor/Tr-no_1222.jpg,notumor,12245,201,251,RGB,JPEG,138da28f706b893f2bbc65877117e7c456ff3df7d406b2b065a710027b92c050,81781e277adb6983,True,
Testing,Testing/notumor/Te-no_0160.jpg,notumor,13048,201,251,RGB,JPEG,db193111173bc29f760b6725849a428f52c22eb55d4382f94da57c5c22afe1df,81781e277adb6983,True,
Training,Training/notumor/Tr-no_0242.jpg,notumor,52569,416,512,RGB,JPEG,2ad6ffff97ce8cbfd5d4785955ea16a6ccf7090eb67a8015e47cd8902571b827,817a7e2879e17a25,True,
Training,Training/notumor/Tr-no_1117.jpg,notumor,52569,416,512,RGB,JPEG,2ad6ffff97ce8cbfd5d4785955ea16a6ccf7090eb67a8015e47cd8902571b827,817a7e2879e17a25,True,
Training,Training/notumor/Tr-no_0164.jpg,notumor,52569,416,512,RGB,JPEG,2ad6ffff97ce8cbfd5d4785955ea16a6ccf7090eb67a8015e47cd8902571b827,817a7e2879e17a25,True,
Training,Training/notumor/Tr-no_0150.jpg,notumor,52569,416,512,RGB,JPEG,2ad6ffff97ce8cbfd5d4785955ea16a6ccf7090eb67a8015e47cd8902571b827,817a7e2879e17a25,True,
Testing,Testing/notumor/Te-no_0165.jpg,notumor,13120,201,251,RGB,JPEG,2c18fb6c05afadaa3c57633d3f42a9f375c8677c0ff79afa7d13206d7c50a3ce,81971ed87a24797c,True,
Training,Training/notumor/Tr-no_0809.jpg,notumor,39175,359,449,RGB,JPEG,6287138379cb2fc7b382859b04d591ea8e94ab04fd3d0903282887fd5d5b04c7,81971ed87a24797c,True,
Training,Training/notumor/Tr-no_1213.jpg,notumor,11012,201,250,RGB,JPEG,22172f933e947add6f66a689d6924fc7dbfbe7824d31779d5755e4c5a2faf349,81a41f477a6e783a,True,
Training,Training/notumor/Tr-no_0675.jpg,notumor,11428,201,250,RGB,JPEG,6c634cc4ac61fe526e6dbec903195ac33e498cf60906e1f6e143a588796bc636,81a41f477a6e783a,True,
Training,Training/notumor/Tr-no_0506.jpg,notumor,11680,201,250,RGB,JPEG,d0b2c7cb1685a4b89a7200e4a40ee87daa31a0e512b2084867706f68c9469126,81a41f477a6e783a,True,
Training,Training/notumor/Tr-no_0323.jpg,notumor,15427,207,225,RGB,JPEG,e34e448b7509d16d43c6a6505995cdbb7bf6b2ad29ee09a37ec740c8494f74e3,81a75f59da923962,True,
Training,Training/notumor/Tr-no_0966.jpg,notumor,15427,207,225,RGB,JPEG,e34e448b7509d16d43c6a6505995cdbb7bf6b2ad29ee09a37ec740c8494f74e3,81a75f59da923962,True,
Testing,Testing/notumor/Te-no_0059.jpg,notumor,15427,207,225,RGB,JPEG,e34e448b7509d16d43c6a6505995cdbb7bf6b2ad29ee09a37ec740c8494f74e3,81a75f59da923962,True,
Training,Training/notumor/Tr-no_0585.jpg,notumor,8948,230,282,RGB,JPEG,52dc429fb29de569bd64c1c891117f01f6c27d7dcc2d7b514aaad4a657cd170b,81b43f4f6c6e3039,True,
Training,Training/notumor/Tr-no_1456.jpg,notumor,8681,230,282,RGB,JPEG,c75e3a81c47a1fe7741c595eccc96456a9e40abe992e9ba537ba52de622bbdc7,81b43f4f6c6e3039,True,
Testing,Testing/meningioma/Te-me_0051.jpg,meningioma,23280,330,355,RGB,JPEG,6ad191b6525adf85064c08ec3ab520ca7fc28acb73bd31781d54d8e03315e139,81d0175bb22ee66e,True,
Training,Training/meningioma/Tr-me_0230.jpg,meningioma,20661,330,355,RGB,JPEG,7aed0c5305f66cb3c67a0d617ef6e73e3f965cff91bedcc3bc074fba768d152e,81d0175bb22ee66e,True,
Training,Training/meningioma/Tr-me_0189.jpg,meningioma,25681,369,398,RGB,JPEG,d3dc17e9beb57b30ad2dee3323cb2a7a7e893bcc0666b7938600f71decf5fb39,81e0566f3d257e34,True,
Testing,Testing/meningioma/Te-me_0048.jpg,meningioma,29322,369,398,RGB,JPEG,ca02d2e726540598237ff366f8a9d4078f5f045bc85b2a996c8c044228fb8cf7,81e0566f3d257e34,True,
Training,Training/notumor/Tr-no_1397.jpg,notumor,9557,200,252,RGB,JPEG,eedbd031170773347d9faca9626b34b82c3f989aa8a0890f76e95248e12608fc,820f1db81bf03bf1,True,
Training,Training/notumor/Tr-no_1559.jpg,notumor,9474,200,252,RGB,JPEG,c20b650777309dcebeeab766f3988746a135788d94c4e250b42f6a5a46443bde,820f1db81bf03bf1,True,
Training,Training/notumor/Tr-no_1393.jpg,notumor,8893,201,251,RGB,JPEG,b12a59c1d52b2588972e8ee936e0cebba985e5c126b19c46c93d12c1a9170b4b,825d75aa47b89669,True,
Training,Training/notumor/Tr-no_1556.jpg,notumor,8624,201,251,RGB,JPEG,d1c6f44347a418bce190770dabb1406863a2fba31fe5624a82d5728d2edb415f,825d75aa47b89669,True,
Training,Training/notumor/Tr-no_0414.jpg,notumor,8800,201,251,RGB,JPEG,e14c98975c713efa6057723a4d1b5c8fabe76bde9a82528ad61e8099b8fcd8d1,825d75aa47b89669,True,
Training,Training/notumor/Tr-no_0917.jpg,notumor,14068,201,251,RGB,JPEG,1e044e724e7a39067eb86dd8df724afc45fa6a7eb1a8254f9faf4056d73a14fd,825d75aa47b89669,True,
Testing,Testing/notumor/Te-no_0394.jpg,notumor,10588,194,259,RGB,JPEG,c5db9542e1109eae3a41e8c86617bc8641275991d0c96c642d80f725d8ed9265,82667b0d2db3711b,True,
Testing,Testing/notumor/Te-no_0325.jpg,notumor,10511,194,259,RGB,JPEG,607c82b15de2a706845aed2b626f063763fb088650568ff9d90045fc607bf4e3,82667b0d2db3711b,True,
Training,Training/notumor/Tr-no_1386.jpg,notumor,10497,194,259,RGB,JPEG,410e3ae47ad56ed269b81be74e42519dfaba661fd9429449b21dc0d505533bb9,82997bb22d487de4,True,
Testing,Testing/notumor/Te-no_0113.jpg,notumor,10532,194,259,RGB,JPEG,0535faef8329085b1e6421d9f17e8c7f83127816140323e531c923fe8003c42f,82997bb22d487de4,True,
Training,Training/notumor/Tr-no_1583.jpg,notumor,8928,201,251,RGB,JPEG,62751f230f31f89e713503b6d54027643d05cba54992afce10716efb4e013272,82a2755557479796,True,
Training,Training/notumor/Tr-no_1357.jpg,notumor,8901,201,251,RGB,JPEG,fbaa8d065f778f2b7e1b7723351fcbd2347756bc00a0c7b5860906bcb8af68cd,82a2755557479796,True,
Testing,Testing/notumor/Te-no_0400.jpg,notumor,10142,200,252,RGB,JPEG,18947ac94e2b34115816ad609b3945088b7df2d66328fb923bd2bd4b126813ba,82f01d571a5f3a4e,True,
Training,Training/notumor/Tr-no_1361.jpg,notumor,10186,200,252,RGB,JPEG,384faba98e97f13d58c91f82db66f2c6588b9fc1639d6498feec62604f45ec5e,82f01d571a5f3a4e,True,
Training,Training/meningioma/Tr-me_0239.jpg,meningioma,10523,217,232,RGB,JPEG,e06cbd846ceb5fc12ef5b7407d421fe2ed2641de68cdfc6ba64ea4bfa85d8fcc,841b57797a9668d2,True,
Testing,Testing/meningioma/Te-me_0060.jpg,meningioma,14216,217,232,RGB,JPEG,a147b1910d63258713da833522f6e321bed28401314d5248fbab73df9a46bcac,841b57797a9668d2,True,
Testing,Testing/notumor/Te-no_0089.jpg,notumor,15401,218,234,RGB,JPEG,d08b052913eb262dfd31fdd6d7ca904c5343087cdc458ca928c9e85bf41bf388,84385f317a3439f3,True,
Training,Training/notumor/Tr-no_0969.jpg,notumor,15401,218,234,RGB,JPEG,d08b052913eb262dfd31fdd6d7ca904c5343087cdc458ca928c9e85bf41bf388,84385f317a3439f3,True,
Training,Training/notumor/Tr-no_0353.jpg,notumor,15401,218,234,RGB,JPEG,d08b052913eb262dfd31fdd6d7ca904c5343087cdc458ca928c9e85bf41bf388,84385f317a3439f3,True,
Training,Training/notumor/Tr-no_0367.jpg,notumor,16055,236,221,RGB,JPEG,fc8747011cb29cb94b758e4c23df80e621617dea8ac55797640db236d8223bad,843b667d3a865a3a,True,
Training,Training/notumor/Tr-no_0134.jpg,notumor,16144,236,222,RGB,JPEG,ab198f545810b5a1455ffd1a56e82d1acbf5a22230bc2dea24c92d5ec73af1eb,843b667d3a865a3a,True,
Training,Training/notumor/Tr-no_0308.jpg,notumor,35854,409,442,RGB,JPEG,da9ef6cef60bdcf63e1cb2c07ebe5bfb5a1c08c74dadf280915d55d7c3e36d9a,844a4f2d7e257c71,True,
Training,Training/notumor/Tr-no_1014.jpg,notumor,41544,409,442,L,JPEG,79d7586597473b154fa184970a2b90b41dc65e931356111c1a57620cc0ebccb4,844a4f2d7e257c71,True,
Training,Training/notumor/Tr-no_1164.jpg,notumor,35854,409,442,RGB,JPEG,da9ef6cef60bdcf63e1cb2c07ebe5bfb5a1c08c74dadf280915d55d7c3e36d9a,844a4f2d7e257c71,True,
Testing,Testing/meningioma/Te-me_0038.jpg,meningioma,12491,204,249,RGB,JPEG,cdc4d724a668388abc3657213ea91c3e8d849b2c7e155dc4676ca38a4396b618,844e46ef3b313b31,True,
Training,Training/meningioma/Tr-me_0217.jpg,meningioma,11006,204,249,RGB,JPEG,7cfaba22355b770b309b9e019fb8a86ad4e3f22f16c00b6c003940435bb8a913,844e46ef3b313b31,True,
Training,Training/meningioma/Tr-me_0277.jpg,meningioma,10902,211,239,RGB,JPEG,2e27f1fa36558c2356b50a6f437d33f07c9187b3adcba56977e04aa6f30b3d68,844e5fba5ab26887,True,
Testing,Testing/meningioma/Te-me_0100.jpg,meningioma,14670,211,239,RGB,JPEG,3f176b81b6978f4ba31f8414f7169886e0f8774ff831551d58929832c593e5cd,844e5fba5ab26887,True,
Testing,Testing/notumor/Te-no_0397.jpg,notumor,10177,200,252,RGB,JPEG,0b0bf0e95c3c2e2ffeebc744653a947a1ec2010a84e777c430bc1c0eb0b4e132,84bc4a502f3c78fb,True,
Training,Training/notumor/Tr-no_1356.jpg,notumor,10349,200,252,RGB,JPEG,bce62a8ea2cf130bcf91de7c03c2c6e9c8e93d4f0b0fd07915dcc493a5af0b52,84bc4a502f3c78fb,True,
Training,Training/notumor/Tr-no_0516.jpg,notumor,28313,380,530,RGB,JPEG,7087d682b94b0a82180650da2e29a129588f3e6a479fe942783cb5cd99708941,84e43e3f70b36199,True,
Testing,Testing/notumor/Te-no_0198.jpg,notumor,19156,380,530,RGB,JPEG,ab913d73a29f0bcead33685b0b0aa29a17fdcfc8d1a007e947036dba8b3e5385,84e43e3f70b36199,True,
Testing,Testing/notumor/Te-no_0322.jpg,notumor,18895,380,530,RGB,JPEG,83247f5e7555d6c1460155fa86831957dc168b9aefa161ad4d4697348e6b3f9a,84e43f3f70b16199,True,
Training,Training/notumor/Tr-no_0478.jpg,notumor,18734,380,530,RGB,JPEG,6cbb1f1cf0aa91c28f78bbc17fe11b65af8d21f071e4f8c7c0fc3982a36e068b,84e43f3f70b16199,True,
Training,Training/meningioma/Tr-me_0222.jpg,meningioma,30960,416,395,RGB,JPEG,44c5b942e58c6d70f1c96fdc7c9b3a0b960c2d41bb74546d96006f8d588c9b03,85181f7f62376e21,True,
Testing,Testing/meningioma/Te-me_0043.jpg,meningioma,34945,416,395,RGB,JPEG,64d6885599aa04ff6a12e8f961437ba39c355f66f67beac2992daedcf2f6e20e,85181f7f62376e21,True,
Testing,Testing/meningioma/Te-me_0055.jpg,meningioma,37338,411,396,RGB,JPEG,862b1e94cca563591845710664be57fa2ce1bc18f317233d285f5b396c6cd27c,85181f7f62377e20,True,
Training,Training/meningioma/Tr-me_0234.jpg,meningioma,34017,411,396,RGB,JPEG,b6004e9d2015cbe1793941034ee633464ae0b57b9d91f01fdd1581640330a86d,85181f7f62377e20,True,
Training,Training/notumor/Tr-no_1144.jpg,notumor,37869,267,328,RGB,JPEG,b19b70050792743117c0ca8237e721b433a3d76b7cd1ae7e2bfaa50f73985957,852c5af06697799a,True,
Training,Training/notumor/Tr-no_0248.jpg,notumor,37869,267,328,RGB,JPEG,b19b70050792743117c0ca8237e721b433a3d76b7cd1ae7e2bfaa50f73985957,852c5af06697799a,True,
Training,Training/notumor/Tr-no_0413.jpg,notumor,9879,200,252,RGB,JPEG,6f52961b316f3072bcc798a1178866f44d3f601ee1b5527dfa51907d02a95699,85434baf2fc37d04,True,
Testing,Testing/notumor/Te-no_0337.jpg,notumor,9869,200,252,RGB,JPEG,3a7d8f1f3d8918535f9c0c635eeb1c11988e7535e92b7900456233ea4f751658,85434baf2fc37d04,True,
Training,Training/notumor/Tr-no_0251.jpg,notumor,12914,221,257,RGB,JPEG,c515996f4519dbd88019480d9e6442c71bc2513a7e2cb35a776b56af27b1021a,85471ee97f252895,True,
Testing,Testing/notumor/Te-no_0102.jpg,notumor,12914,221,257,RGB,JPEG,c515996f4519dbd88019480d9e6442c71bc2513a7e2cb35a776b56af27b1021a,85471ee97f252895,True,
Training,Training/notumor/Tr-no_1377.jpg,notumor,13101,215,234,RGB,JPEG,d5cd4bb740e0745035d1d702d7e75fb1053386f06d8d08955f97b4f7b4568f3f,854e7ae968376178,True,
Training,Training/notumor/Tr-no_0630.jpg,notumor,13260,215,234,RGB,JPEG,e20e0cca5af11c4f3b33f20cfe2de85a04c747bda579d8d0cb16d05e523deb06,854e7ae968376178,True,
Training,Training/notumor/Tr-no_1129.jpg,notumor,11761,212,222,RGB,JPEG,bd5b12c433485230720aa33032e1f6bd089702090481d7e56dccfa43435d6950,855e7aa16a276935,True,
Training,Training/notumor/Tr-no_0171.jpg,notumor,11761,212,222,RGB,JPEG,bd5b12c433485230720aa33032e1f6bd089702090481d7e56dccfa43435d6950,855e7aa16a276935,True,
Training,Training/notumor/Tr-no_1389.jpg,notumor,8353,235,214,RGB,JPEG,77c03bf0bdbf7d7f70c89b85855d4d3a299bb0bcc74f931641d9620b274e9e0b,855e7ae0796136a5,True,
Training,Training/notumor/Tr-no_1552.jpg,notumor,8214,235,214,RGB,JPEG,e81dc213af82dd767843da1fece52fc410277aac66c908607b6fabfe139e0746,855e7ae0796136a5,True,
Training,Training/notumor/Tr-no_0412.jpg,notumor,8287,235,214,RGB,JPEG,46896e51c880f82814f80ba9176c246e64c25ea3f2c8a001e6198a70f9a2418f,855e7ae0796136a5,True,
Training,Training/notumor/Tr-no_1097.jpg,notumor,6401,215,234,RGB,JPEG,4de73fbc94cb122829e9387d79a8260ac35bbf5f63e835c61764fb14cdbe2dfe,855e7ae168376178,True,
Training,Training/notumor/Tr-no_0803.jpg,notumor,8250,215,234,RGB,JPEG,29dcd488818a1514200cd3bf27074d3ce9f54aab05e04e736e5493f97f2d841c,855e7ae168376178,True,
Training,Training/notumor/Tr-no_0702.jpg,notumor,8295,215,234,RGB,JPEG,534da970738cf2897d8fa9a9b5e36a4a45f674018a4cd51756aea4a5241907d8,855e7ae168376178,True,
Training,Training/notumor/Tr-no_0552.jpg,notumor,8681,215,234,RGB,JPEG,9abfd64736b07d86d5b188f0757e5ac7b57429b6d11ca46d072d90fff2b592b6,855e7ae168376178,True,
Training,Training/notumor/Tr-no_1453.jpg,notumor,8955,212,238,RGB,JPEG,a55539d13d137f43a7af01f6ad97a8a88b4e495fbe9d0a5803611c908b03f5a2,85695a156ef63992,True,
Training,Training/notumor/Tr-no_0584.jpg,notumor,9258,212,238,RGB,JPEG,425c40074835a12e058bcc81694b824021ecc04363fb21cc3c91fe04163bd64b,85695a156ef63992,True,
Training,Training/notumor/Tr-no_1455.jpg,notumor,17433,350,393,RGB,JPEG,e22d67d921a2663d6bf14de06248488fcc2feb8984ba1fd2a3951f02057b3206,85695a156ef63992,True,
Testing,Testing/notumor/Te-no_0274.jpg,notumor,10709,227,222,RGB,JPEG,280636ea1e5488c70436db9f892bfacbb86840a995599d258f82c6fb71b558ec,856a5ba57ab42996,True,
Training,Training/notumor/Tr-no_1483.jpg,notumor,28630,428,417,RGB,JPEG,a1661a8202874ff2a6a244a3e1a96978a7d994b30b9ce857a3e677089295f72e,856a5ba57ab42996,True,
Training,Training/notumor/Tr-no_1239.jpg,notumor,28967,428,417,RGB,JPEG,5e74a27d2103751a8dc39c59bc9a8effacb82c3914a6fc78c2d55e3c77703f84,856a5ba57ab42996,True,
Testing,Testing/notumor/Te-no_0276.jpg,notumor,29200,428,417,RGB,JPEG,25ec79f41a81254e4294290bbba9009612df147f783c57b780c187ebbd590bdd,856a5ba57ab42996,True,
Testing,Testing/notumor/Te-no_0164.jpg,notumor,11419,227,222,RGB,JPEG,41712b18349f2d5c5402f18c717baa970c5c93ca74f977899b6ad1b8ac1f2ddc,856a5ba57ab42996,True,
Training,Training/notumor/Tr-no_1238.jpg,notumor,10526,227,222,RGB,JPEG,68e4a6e2fa36af0cda6ca472fd6f94eb84b7fbc4d808032b0ebf9952727c164d,856a5ba57ab42996,True,
Training,Training/notumor/Tr-no_1046.jpg,notumor,76351,428,417,RGB,JPEG,4cfec6cb822f28e3e61f07804637656fa1545a67e0c6e54f38cfea363c33e35c,856a5ba57ab50996,True,
Testing,Testing/notumor/Te-no_0310.jpg,notumor,8047,227,222,RGB,JPEG,68c50d0be891e784f7dca8123b8c47824152b5de2c6e62675388b0c97f49fb9c,856a5ba57ab50996,True,
Testing,Testing/notumor/Te-no_0214.jpg,notumor,8577,227,222,RGB,JPEG,fd983400128760bcec5401c7c4d0f4b1fd9a479b898ac63d48eaea6a98a5fbda,856a5ba57ab50996,True,
Training,Training/notumor/Tr-no_1044.jpg,notumor,6144,227,222,RGB,JPEG,e068f498bea26909af4a8a27973cbcf12680252b353288f2f17f92e6bea663a8,856a5ba57ab50996,True,
Training,Training/notumor/Tr-no_0988.jpg,notumor,8048,227,222,RGB,JPEG,f3805b7f17523c0c05f1ef5abea8e8995e853ab9e8bda289bcfe81a48034b743,856a5ba57ab50996,True,
Training,Training/notumor/Tr-no_1008.jpg,notumor,12235,227,222,RGB,JPEG,41efe60c9486d5c559d6ede0449c1da09b12bfbf8241ba4f28c60f82634cfe04,856a5ba57ab50996,True,
Training,Training/notumor/Tr-no_0143.jpg,notumor,38799,428,417,RGB,JPEG,ac76ca3b933520e9519c3fa096e38e281e467ae4bda0412daa34cb966954ff68,856a5ba57ab50996,True,
Training,Training/notumor/Tr-no_1000.jpg,notumor,22067,428,417,RGB,JPEG,cf295c8a79eac47c584277004796711036d122ae829ceaca90099f1ec93f3884,856a5ba57ab50996,True,
Training,Training/notumor/Tr-no_0149.jpg,notumor,38799,428,417,RGB,JPEG,ac76ca3b933520e9519c3fa096e38e281e467ae4bda0412daa34cb966954ff68,856a5ba57ab50996,True,
Training,Training/notumor/Tr-no_0712.jpg,notumor,22081,428,417,RGB,JPEG,a323163a029cffe0d7d5320c9662a6e83b11904ce894976c38f068de83dcb82b,856a5ba57ab50996,True,
Training,Training/notumor/Tr-no_0564.jpg,notumor,22573,428,417,RGB,JPEG,21fd26b23c30b4f39052dd1cccfaa6a73e453d300bcf4dd64e5491022c799acc,856a5ba57ab50996,True,
Training,Training/notumor/Tr-no_0142.jpg,notumor,38799,428,417,RGB,JPEG,ac76ca3b933520e9519c3fa096e38e281e467ae4bda0412daa34cb966954ff68,856a5ba57ab50996,True,
Training,Training/notumor/Tr-no_0199.jpg,notumor,12235,227,222,RGB,JPEG,41efe60c9486d5c559d6ede0449c1da09b12bfbf8241ba4f28c60f82634cfe04,856a5ba57ab50996,True,
Testing,Testing/meningioma/Te-me_0097.jpg,meningioma,13119,200,223,RGB,JPEG,0e0691ddbafbb3de52d589c410cadc2279466b3a5d085c9af34140d407062f73,856d47636e3c1eb0,True,
Training,Training/meningioma/Tr-me_0274.jpg,meningioma,9737,200,223,RGB,JPEG,9ef07d315f8bb789b47f544050569f2b3403ccfe603daf97f037b46f691a28d1,856d47636e3c1eb0,True,
Training,Training/notumor/Tr-no_0332.jpg,notumor,13218,236,236,RGB,JPEG,136e27954eca1b7b887f3700f412b2c531153938a0d721d1557a94c3362497c2,857e7aa17887611e,True,
Testing,Testing/notumor/Te-no_0053.jpg,notumor,13218,236,236,RGB,JPEG,136e27954eca1b7b887f3700f412b2c531153938a0d721d1557a94c3362497c2,857e7aa17887611e,True,
Testing,Testing/notumor/Te-no_0068.jpg,notumor,13218,236,236,RGB,JPEG,136e27954eca1b7b887f3700f412b2c531153938a0d721d1557a94c3362497c2,857e7aa17887611e,True,
Training,Training/notumor/Tr-no_0268.jpg,notumor,13218,236,236,RGB,JPEG,136e27954eca1b7b887f3700f412b2c531153938a0d721d1557a94c3362497c2,857e7aa17887611e,True,
Training,Training/notumor/Tr-no_0982.jpg,notumor,13218,236,236,RGB,JPEG,136e27954eca1b7b887f3700f412b2c531153938a0d721d1557a94c3362497c2,857e7aa17887611e,True,
Training,Training/notumor/Tr-no_0350.jpg,notumor,13218,236,236,RGB,JPEG,136e27954eca1b7b887f3700f412b2c531153938a0d721d1557a94c3362497c2,857e7aa17887611e,True,
Testing,Testing/notumor/Te-no_0048.jpg,notumor,13218,236,236,RGB,JPEG,136e27954eca1b7b887f3700f412b2c531153938a0d721d1557a94c3362497c2,857e7aa17887611e,True,
Testing,Testing/notumor/Te-no_0087.jpg,notumor,13218,236,236,RGB,JPEG,136e27954eca1b7b887f3700f412b2c531153938a0d721d1557a94c3362497c2,857e7aa17887611e,True,
Training,Training/notumor/Tr-no_0224.jpg,notumor,13218,236,236,RGB,JPEG,136e27954eca1b7b887f3700f412b2c531153938a0d721d1557a94c3362497c2,857e7aa17887611e,True,
Testing,Testing/notumor/Te-no_0011.jpg,notumor,13218,236,236,RGB,JPEG,136e27954eca1b7b887f3700f412b2c531153938a0d721d1557a94c3362497c2,857e7aa17887611e,True,
Training,Training/notumor/Tr-no_0056.jpg,notumor,10585,236,236,RGB,JPEG,bda484a632a2f6a5e8083fe8954759e1176bac99ca707af27f87dfbddf56feba,857e7aa17887611e,True,
Training,Training/notumor/Tr-no_1217.jpg,notumor,10548,227,222,RGB,JPEG,7a5a26a0032039fc8f9ee00aba86460ae5a65edf95e3febadb9bea5baf5b5e31,85955b5a7a4b2969,True,
Training,Training/notumor/Tr-no_1486.jpg,notumor,10387,227,222,RGB,JPEG,79f84d67e7bc8f7984c795f3e882430f9ebc2dabdce712a24e183dba92431215,85955b5a7a4b2969,True,
Training,Training/notumor/Tr-no_0672.jpg,notumor,28897,428,417,RGB,JPEG,0b048e3ce5d4cfda7c432c524bbcad3d803a41e2f68e9b454024c84c5be22cbb,85955b5a7a4b2969,True,
Training,Training/notumor/Tr-no_1219.jpg,notumor,28658,428,417,RGB,JPEG,7e9376ca19b889811fd5c904b731fdea1e313413ee1ac882008847ae926d2773,85955b5a7a4b2969,True,
Training,Training/notumor/Tr-no_0479.jpg,notumor,11316,227,222,RGB,JPEG,ddb24391b40956c69ffc3f2c50ecb6eba7779774e9a9d84aea47e0c270feebb1,85955b5a7a4b2969,True,
Training,Training/notumor/Tr-no_0729.jpg,notumor,8408,227,222,RGB,JPEG,efb3c3916e81dfe696832d0a8f8192b95b150930e856582ab241e04897c30098,85955f5a7a4a4969,True,
Training,Training/notumor/Tr-no_0541.jpg,notumor,22304,428,417,RGB,JPEG,69c42f6c43bd792901c446df8bb12bcd3c49b4f40dfcba623c7e8ffcdb52aa24,85955f5a7a4a4969,True,
Testing,Testing/notumor/Te-no_0173.jpg,notumor,8246,227,222,RGB,JPEG,4bcf391b563ecb51e506efbcbf5217028bc7f71eb10e588990bdfd743decb7db,85955f5a7a4a4969,True,
Testing,Testing/notumor/Te-no_0199.jpg,notumor,8553,227,222,RGB,JPEG,28dd84064a1f064a084ca92a4cbbdabf786ad3b3036feac9e612550962c21094,85955f5a7a4a4969,True,
Training,Training/notumor/Tr-no_1086.jpg,notumor,17649,350,393,RGB,JPEG,d09b93a696c411e0ef88f7c979f07cc83a82ff8e5c468c186ae253dd8fd38127,85965aea6e09396d,True,
Training,Training/notumor/Tr-no_1074.jpg,notumor,8776,212,238,RGB,JPEG,46e2b5f4f2ffc80a80a948ac0d47a6c41f183f9edcd26e81408bb56f1b78bc3d,85965aea6e09396d,True,
Training,Training/notumor/Tr-no_1354.jpg,notumor,8388,235,214,RGB,JPEG,0cc3de7aa5dd5d7b3456f85f323f0049d6fbbc32a08d3bbc9c087145bc1d290b,85a17a1e799a365a,True,
Training,Training/notumor/Tr-no_1581.jpg,notumor,8363,235,214,RGB,JPEG,970c05d3beaa4074b676fcc58bb8cc1d4dafd28e09063f12ad36d7f80f3d485f,85a17a1e799a365a,True,
Testing,Testing/notumor/Te-no_0317.jpg,notumor,8603,215,234,RGB,JPEG,ffc0d1e85155bb79dcdb98e4c785759566f5fe6be5d04bdea056151371d97e45,85b17a5e68e861a7,True,
Testing,Testing/notumor/Te-no_0190.jpg,notumor,8742,215,234,RGB,JPEG,0b62aa7c8babd850d6e93b06450e7d91a0bda087d4c7006e5f318ae8effcb47d,85b17a5e68e861a7,True,
Training,Training/notumor/Tr-no_1579.jpg,notumor,8403,215,234,RGB,JPEG,430ee4f67fa7d1d810985e2aa1080e7da56d7a41a2e54ac05517c41d20ab8069,85b17a5e68e861a7,True,
Training,Training/notumor/Tr-no_1110.jpg,notumor,15584,208,225,RGB,JPEG,7703b9670ac9265886cbf62735e2ff074c1507a654573807d0a8468a54c89dd7,85b75e78dab22922,True,
Training,Training/notumor/Tr-no_0157.jpg,notumor,15584,208,225,RGB,JPEG,7703b9670ac9265886cbf62735e2ff074c1507a654573807d0a8468a54c89dd7,85b75e78dab22922,True,
Testing,Testing/notumor/Te-no_0042.jpg,notumor,15584,208,225,RGB,JPEG,7703b9670ac9265886cbf62735e2ff074c1507a654573807d0a8468a54c89dd7,85b75e78dab22922,True,
Training,Training/notumor/Tr-no_0034.jpg,notumor,32146,355,452,RGB,JPEG,84acb850a9c5348cd00623122246c83dffd727e007aedc1d484e39d06e784c6f,85d67a99685b6478,True,
Training,Training/notumor/Tr-no_1078.jpg,notumor,32146,355,452,RGB,JPEG,84acb850a9c5348cd00623122246c83dffd727e007aedc1d484e39d06e784c6f,85d67a99685b6478,True,
Training,Training/notumor/Tr-no_1094.jpg,notumor,26104,236,300,RGB,JPEG,df46c96890474f2ec5f08aa2c32e6bc1c6b5685f8b913501f954a515a6de02fa,860e1ded6eb2489b,True,
Testing,Testing/notumor/Te-no_0039.jpg,notumor,26104,236,300,RGB,JPEG,df46c96890474f2ec5f08aa2c32e6bc1c6b5685f8b913501f954a515a6de02fa,860e1ded6eb2489b,True,
Training,Training/notumor/Tr-no_0124.jpg,notumor,26104,236,300,RGB,JPEG,df46c96890474f2ec5f08aa2c32e6bc1c6b5685f8b913501f954a515a6de02fa,860e1ded6eb2489b,True,
Training,Training/notumor/Tr-no_0205.jpg,notumor,31382,452,509,RGB,JPEG,ce8380b51fcf1dbb1347069191fbeabf20712e1b0673efc65c08c87c70b1a1af,861e5ae53c3661cb,True,
Training,Training/notumor/Tr-no_1027.jpg,notumor,31382,452,509,RGB,JPEG,ce8380b51fcf1dbb1347069191fbeabf20712e1b0673efc65c08c87c70b1a1af,861e5ae53c3661cb,True,
Training,Training/notumor/Tr-no_0440.jpg,notumor,21156,400,442,RGB,JPEG,b4531b317308ad08f6f4c96da6e7244a9875a52d490ecdcab426249236587074,863a7ae065c733c9,True,
Training,Training/notumor/Tr-no_1322.jpg,notumor,29117,400,442,RGB,JPEG,925becfda8733c27027b4c4d6e38ad4ef8c0ba136177dbc9e1f0c54f7065ecfc,863a7ae065c733c9,True,
Training,Training/notumor/Tr-no_1539.jpg,notumor,27936,400,442,RGB,JPEG,bd14ea171ca357ed6a4757207964945b655f74d787ce6f25920334045938f12e,863a7ae065c733c9,True,
Training,Training/notumor/Tr-no_1243.jpg,notumor,21151,400,442,RGB,JPEG,7fb3ddbb14d06fc17f27a24c124031463b8a5d410877d272495a460de1c5b841,863a7ae065c733c9,True,
Training,Training/notumor/Tr-no_0551.jpg,notumor,7656,218,231,RGB,JPEG,1afeb2b05c3047a0aadd48adbbdb4cfc4b9a973e441f3513d7798a82c5bc47c3,863e7a706ac169e5,True,
Training,Training/notumor/Tr-no_1107.jpg,notumor,10908,218,231,RGB,JPEG,a820973ab9e444f92fdc4e5eb2e584a72d5da660675f1793469f229f40199538,863e7a706ac169e5,True,
Training,Training/notumor/Tr-no_0152.jpg,notumor,10908,218,231,RGB,JPEG,a820973ab9e444f92fdc4e5eb2e584a72d5da660675f1793469f229f40199538,863e7a706ac169e5,True,
Training,Training/notumor/Tr-no_1226.jpg,notumor,9595,218,231,RGB,JPEG,7a3b3888385d027b2be2fe13b89c7998edab72283cef267944fff8ca7f7a09b5,863e7a706ac169e5,True,
Training,Training/notumor/Tr-no_0778.jpg,notumor,7376,218,231,RGB,JPEG,2fc5160ae28cfb53b4d21a2cb098eed4f06f4e4ae122aad91da19e54eb54712d,863e7a706ac169e5,True,
Training,Training/notumor/Tr-no_0700.jpg,notumor,7384,218,231,RGB,JPEG,1078c732eff6883e3db6c562b5b50dfb68ba9a74b6ea49ca9595e12fe53b54c4,863e7a706ac169e5,True,
Training,Training/notumor/Tr-no_1075.jpg,notumor,5400,218,231,RGB,JPEG,2d07d5dc31a6f83f8119f83bb45d75666c3b905eafab47609e407daf9951fd4a,863e7a706ac169e5,True,
Testing,Testing/notumor/Te-no_0095.jpg,notumor,10666,236,252,RGB,JPEG,6d94cb16b0e532e10913e0f7e82bc9f0e2ddc3ff08601f8f7b118b88a137e111,864938b5718e67da,True,
Training,Training/notumor/Tr-no_0358.jpg,notumor,10666,236,252,RGB,JPEG,6d94cb16b0e532e10913e0f7e82bc9f0e2ddc3ff08601f8f7b118b88a137e111,864938b5718e67da,True,
Training,Training/notumor/Tr-no_1115.jpg,notumor,14296,207,243,RGB,JPEG,db13da94073aaa03960e97acb4ab41019e4be57c88c8b708e66791696f4bc4b9,865e5b886a66794d,True,
Training,Training/notumor/Tr-no_0696.jpg,notumor,9527,207,243,RGB,JPEG,7c1f5e97fd36bfcca3666d791fdf13e64df99d97b21f3ebd53d9d1d8c1def042,865e5b886a66794d,True,
Training,Training/notumor/Tr-no_0160.jpg,notumor,14296,207,243,RGB,JPEG,db13da94073aaa03960e97acb4ab41019e4be57c88c8b708e66791696f4bc4b9,865e5b886a66794d,True,
Training,Training/notumor/Tr-no_0643.jpg,notumor,9509,207,243,RGB,JPEG,873702425e38ee8c1e71bf486ed9c5aa4000bdde152ffa19e49f1d2f7672ce17,865e5b886a66794d,True,
Training,Training/notumor/Tr-no_0548.jpg,notumor,9757,207,243,RGB,JPEG,530f5b22a670f7393d5a75bdcadbc334ae795f089be206fb20cefc44adfe7495,865e5b886a66794d,True,
Training,Training/notumor/Tr-no_1351.jpg,notumor,15122,207,243,RGB,JPEG,734b5ba695008974e9d1dffa5a2f3b10b3a7d0fcdc753370ef21649118977303,865e5f886a667945,True,
Training,Training/notumor/Tr-no_0589.jpg,notumor,15173,207,243,RGB,JPEG,691bed662072caf352e875dd8e476b4a0cb425599d0c94b0a93d791c344f62f0,865e5f886a667945,True,
Training,Training/notumor/Tr-noTr_0003.jpg,notumor,63465,562,592,RGB,JPEG,7f04f0b6fd5821e19cf5a273a540df06a1f6bdcaa63bb235743e274fff825fbd,865e7fa86e204e99,True,
Training,Training/notumor/Tr-no_0994.jpg,notumor,63465,562,592,RGB,JPEG,7f04f0b6fd5821e19cf5a273a540df06a1f6bdcaa63bb235743e274fff825fbd,865e7fa86e204e99,True,
Training,Training/notumor/Tr-no_1142.jpg,notumor,161038,890,1075,RGB,JPEG,73a882655ceb0a5b8d3f4beea54d9ab58aa36e1021e7807dbb1c72617d4dfecc,867e79b13e816985,True,
Training,Training/notumor/Tr-no_0247.jpg,notumor,161038,890,1075,RGB,JPEG,73a882655ceb0a5b8d3f4beea54d9ab58aa36e1021e7807dbb1c72617d4dfecc,867e79b13e816985,True,
Training,Training/notumor/Tr-no_1580.jpg,notumor,15345,207,243,RGB,JPEG,726ad20e94b322ba2f51164f015b6972b5b5d080280998d643c622a45bd3a381,86a15b676a997992,True,
Testing,Testing/notumor/Te-no_0187.jpg,notumor,9789,207,243,RGB,JPEG,2ff546ca2e2dae4d9999713f8764b3564c1d3b89efba9d7c196dd2ab82d3a1c9,86a15b676a997992,True,
Training,Training/notumor/Tr-no_1516.jpg,notumor,9568,207,243,RGB,JPEG,2d77796b66b2f1d24e87e9f6276bbb6ad8ad41f5f0d1041bccbc1081bf311243,86a15b676a997992,True,
Testing,Testing/notumor/Te-no_0315.jpg,notumor,9611,207,243,RGB,JPEG,3a07225676b2a75f78fab580e0687ca5845e6949299f3fafb39943dbf3dd276c,86a15b676a997992,True,
Testing,Testing/notumor/Te-no_0316.jpg,notumor,7686,218,231,RGB,JPEG,b9c2198b65793dc4ccb1fbac1315585d082e98d843c2ff65b075e76ef19c2d26,86c17a8f6a3e299a,True,
Training,Training/notumor/Tr-no_0525.jpg,notumor,7786,218,231,RGB,JPEG,7b931c3dc87c0650bbde75c91cbca6c235d6192b2e7a350492f82f798f055415,86c17a8f6a3e299a,True,
Training,Training/notumor/Tr-no_1563.jpg,notumor,7611,218,231,RGB,JPEG,ffc188e80d75b771e416ff22359dc66bac090c5a6166c304afcf821c3c574fd8,86c17a8f6a3e299a,True,
Training,Training/notumor/Tr-no_0662.jpg,notumor,9888,218,231,RGB,JPEG,30c2bcdec018ea1c33e5ce79110a2f981011b735e2ff770eb95b9e42e5ba27c7,86c17a8f6a3e691a,True,
Training,Training/notumor/Tr-no_1204.jpg,notumor,9618,218,231,RGB,JPEG,3c640c679ff2cd9f0c59d6f7bb94057122a7a0753c9f9eb5a5c4a73daeac8bbb,86c17a8f6a3e691a,True,
Testing,Testing/notumor/Te-no_0266.jpg,notumor,27772,400,442,RGB,JPEG,e7c6c088b19bfd19972e94a53002be30e60687a53069b491432c683d8b512b46,86c57a1f65383336,True,
Testing,Testing/notumor/Te-no_0323.jpg,notumor,29163,400,442,RGB,JPEG,86fd88b29277a9b4a3c030bc08d812487e57bbe9546316b5a8677374be01307b,86c57a1f65383336,True,
Training,Training/notumor/Tr-no_1451.jpg,notumor,21197,400,442,RGB,JPEG,e16a2a24b2764e4719eb40895cd29937f5d5efca5a2fe9f7c9bac3810ef21348,86c57a1f65383336,True,
Training,Training/notumor/Tr-no_0608.jpg,notumor,20996,400,442,RGB,JPEG,2d0c621b0f3868cd99c6f80a27d871ac054259363582d143fce392ba7d75e6d0,86c57a1f65383336,True,
Training,Training/notumor/Tr-no_1372.jpg,notumor,25300,356,474,RGB,JPEG,7552cb291b6c1823dba4d9e7c22e6fe6822f3b7a6d320aaed4afd28f820ce47e,86d46f4c69c7e03c,True,
Training,Training/notumor/Tr-no_0398.jpg,notumor,25348,356,474,RGB,JPEG,8a9c190999ed224a091cd15fd4f2acc69b6d4f2d3d0cf4cb1802ef9d55e2cf16,86d46f4c69c7e03c,True,
Training,Training/notumor/Tr-no_0569.jpg,notumor,5982,225,225,RGB,JPEG,f4d232bf91cfdfbd899bb4fa7dc2b9de8d76f5160a70831999320c4e4d929ade,870f3ee078996137,True,
Training,Training/notumor/Tr-no_1068.jpg,notumor,6264,225,225,RGB,JPEG,d22f76ae6780bc947ddeb36446b3bb97bfcc5ada33b8db69753949c9d214111a,870f3ee078996137,True,
Training,Training/notumor/Tr-no_0987.jpg,notumor,16166,442,442,L,JPEG,f9b574830e8bd289b44901ea99397d73d1d146b7c25d7e024966795180a49642,870f3ee078996137,True,
Training,Training/notumor/Tr-no_0025.jpg,notumor,29015,442,442,RGB,JPEG,84b2155377f2b5ec87d3988642b885d5b6249e7907486184ac311e15a8a599a9,870f3ee078996137,True,
Training,Training/notumor/Tr-no_1067.jpg,notumor,29015,442,442,RGB,JPEG,84b2155377f2b5ec87d3988642b885d5b6249e7907486184ac311e15a8a599a9,870f3ee078996137,True,
Training,Training/notumor/Tr-no_0026.jpg,notumor,6264,225,225,RGB,JPEG,d22f76ae6780bc947ddeb36446b3bb97bfcc5ada33b8db69753949c9d214111a,870f3ee078996137,True,
Testing,Testing/meningioma/Te-me_0111.jpg,meningioma,14579,225,225,RGB,JPEG,d92efa88092779d3c25197e69bdc238ff39cc37befc438b2a1a0f5cb5f1946d2,871e3ae168b469cd,True,
Training,Training/meningioma/Tr-me_0335.jpg,meningioma,10992,225,225,RGB,JPEG,c70dc85daacdc0227c689b1945a83b0e026425721769070db8eb664bb274b569,871e3ae168b469cd,True,
Training,Training/notumor/Tr-no_0649.jpg,notumor,10502,215,234,RGB,JPEG,00fca519867b97d9c0303d8a65c206a280930f81f63ae9d85ca224a31e01c88b,874e7aa168376578,True,
Training,Training/notumor/Tr-no_1227.jpg,notumor,10650,215,234,RGB,JPEG,389a371de918ef6f7e1f4088657a2845c37e655c5c2472bfd2238a0c4eb2933e,874e7aa168376578,True,
Training,Training/notumor/Tr-no_0185.jpg,notumor,10979,225,225,RGB,JPEG,840e12a9d0fc509d61fab11db74d1716234312bd96939b632e19b8f102ace3cf,876a7e31789568c6,True,
Training,Training/notumor/Tr-no_0187.jpg,notumor,10979,225,225,RGB,JPEG,840e12a9d0fc509d61fab11db74d1716234312bd96939b632e19b8f102ace3cf,876a7e31789568c6,True,
Testing,Testing/notumor/Te-no_0211.jpg,notumor,7528,225,225,RGB,JPEG,a7979c3b28a191e14c80e5f58d9943c30d80b8b868ee415683f412ebb25b800d,876a7e31789568c6,True,
Training,Training/notumor/Tr-no_0914.jpg,notumor,7266,225,225,RGB,JPEG,008621858a0f998debf392faccc3b430b2971ec9ff7f8108391b22f35f787d16,876a7e31789568c6,True,
Training,Training/notumor/Tr-no_1015.jpg,notumor,5758,225,225,RGB,JPEG,3b098b0d2bee33d7fc3864ad7367a71538983f2b06eb83a23d72fa49a7ff5d3c,876a7e31789568c6,True,
Training,Training/notumor/Tr-no_0109.jpg,notumor,26145,350,350,RGB,JPEG,45f94977b8dcdda3912f51dd1f12e6d58ad625545d37ce1771ac3b3fdd155c81,876a7e31789568c6,True,
Testing,Testing/notumor/Te-no_0307.jpg,notumor,7342,225,225,RGB,JPEG,8b5517f37c7a532df452ce22c6114e874d6101cb785d0e967d2982641c0b3192,876a7e31789568c6,True,
Training,Training/notumor/Tr-no_1179.jpg,notumor,10979,225,225,RGB,JPEG,840e12a9d0fc509d61fab11db74d1716234312bd96939b632e19b8f102ace3cf,876a7e31789568c6,True,
Training,Training/notumor/Tr-no_0499.jpg,notumor,45496,550,664,RGB,JPEG,1a5136c4d73f9bb927df2aa8107db8987077758e0e91bac72633fa767cac785d,87727aa568dc6949,True,
Training,Training/notumor/Tr-no_1257.jpg,notumor,42331,550,664,RGB,JPEG,76fed85a9d67e5a53edc77a0e9bf18c9a7aaf09998e3bebaabdb91797b94eb4a,87727aa568dc6949,True,
Training,Training/notumor/Tr-no_0801.jpg,notumor,73877,550,664,RGB,JPEG,d030727998485dde92c001f43f924606d27d28d1d02ba4da1abf4d015e5ff20f,87727aa568dc6949,True,
Training,Training/notumor/Tr-no_0577.jpg,notumor,33196,550,664,RGB,JPEG,07e97dbec5353fbbe52d0b0f6ef883ee04d9e801f007a5388b0ac0ca533a94a3,87727aa568dc6958,True,
Training,Training/notumor/Tr-no_1011.jpg,notumor,306492,550,664,RGBA,PNG,10546b7ed6867429b6685d4d246dadf04b0f66f900ed197a68bd9f8a29e40ce3,87727aa568dc6958,True,
Training,Training/notumor/Tr-no_0751.jpg,notumor,55676,550,664,RGB,JPEG,019ff9b5736b365a41491635a581837fc4cc2506ca559009e81480d80839b003,87727aa568dc6958,True,
Training,Training/notumor/Tr-no_0776.jpg,notumor,33173,550,664,RGB,JPEG,2cfbc2d779fce343dfa5ec84d4715427a2a9c538ac2c532c99ee607e9cfe8619,878d7a5a682369a7,True,
Training,Training/notumor/Tr-no_1472.jpg,notumor,33034,550,664,RGB,JPEG,25cfc5504689ad704bbf6ecd5c7ffa8a8d0c03250ebf43a38a40841cd4344165,878d7a5a682369a7,True,
Testing,Testing/notumor/Te-no_0196.jpg,notumor,7578,225,225,RGB,JPEG,53c4bf03fe86d32c6360a9ee7e449d52e48d1577b7ca0fca279cc6fdeb09c446,87953ece786a6819,True,
Testing,Testing/notumor/Te-no_0320.jpg,notumor,7453,225,225,RGB,JPEG,2ab3a688db57e9a3254bcce98816ab1f595692507fdc67ff1f34115137d2deed,87953ece786a6819,True,
Testing,Testing/notumor/Te-no_0149.jpg,notumor,7348,225,225,RGB,JPEG,16ab208a9c6b5abc07b1e95560877726818015426d83fbb71430edd1f52a2f8c,87953ece786a6819,True,
Training,Training/notumor/Tr-no_1214.jpg,notumor,8892,225,225,RGB,JPEG,39b8c88b93b1b64f6b83da51843937c211ae28c489edabeedf694959f7d80b1b,87973e4e78686139,True,
Training,Training/notumor/Tr-no_0669.jpg,notumor,9228,225,225,RGB,JPEG,982b370105eba2d69c792adbcb7e4c8b5319e6bd5229b64d008dca9af3accf80,87973e4e78686139,True,
Training,Training/meningioma/Tr-me_0192.jpg,meningioma,34435,341,377,RGB,JPEG,e4fcd381c28ede0f3199c3968f487571669726be146fe0ff4daa2a6716858a8a,8b5a746e09ba6678,True,
Testing,Testing/meningioma/Te-me_0081.jpg,meningioma,37660,341,377,RGB,JPEG,85810ba8cb4b872c9b258e404db14581906135c54f678bc4ea4d8c706f8530af,8b5a746e09ba6678,True,
Testing,Testing/notumor/Te-no_0137.jpg,notumor,15898,339,340,RGB,JPEG,008ea33cb5f3f25d975003f55795e758ddf6abf853ff352daa770b7c9662b228,8e7f29a721a274aa,True,
Training,Training/notumor/Tr-no_1432.jpg,notumor,16148,339,340,RGB,JPEG,dcec21068465d771bb815fe25baafbe607a6452e4d3d35060aaff7f1748dbf4d,8e7f29a721a274aa,True,
Testing,Testing/meningioma/Te-me_0084.jpg,meningioma,18058,200,236,RGB,JPEG,15a557c6c92879340272c82ea514712faecbccf15b3f08c9070040b8e685d66f,8ffc544c0ef2c313,True,
Training,Training/meningioma/Tr-me_0261.jpg,meningioma,13451,200,236,RGB,JPEG,699fa8d35abf23b9730f03bf92107d3414ce08bd874546a16825a3d5c4724f0c,8ffc544c0ef2c313,True,
Training,Training/meningioma/Tr-me_0191.jpg,meningioma,33098,351,398,RGB,JPEG,820dbfd9b7449559802740a08ded8d506dbbad2abdda7293d3595bd9dcf4e746,8ffc544c16d2c31e,True,
Testing,Testing/meningioma/Te-me_0070.jpg,meningioma,42301,351,398,RGB,JPEG,96d13f31ce2855d42059c938bca3fbe684753e76f98c67d0d9aaae0e8d0fbd90,8ffc544c16d2c31e,True,
Testing,Testing/meningioma/Te-me_0068.jpg,meningioma,34400,554,554,RGB,JPEG,ba6bb4c25be87a339ccfda7a83e3d3018a19a9f2d7d53321c9dcf7a41d7134ee,901a7f616de436a6,True,
Training,Training/meningioma/Tr-me_0246.jpg,meningioma,24063,554,554,RGB,JPEG,ce8b974baddb2dc8bac4115b3f5c9c3006cd7a0134c3722906ef5c08d3294150,901a7f616de436a6,True,
Testing,Testing/meningioma/Te-me_0095.jpg,meningioma,9781,225,225,RGB,JPEG,189c6dfd75947dadad4abd3daff45ce9d5b1909c9eea812d796eca85896f39e2,901a7f616de532a6,True,
Training,Training/meningioma/Tr-me_0272.jpg,meningioma,7007,225,225,RGB,JPEG,e6ca19cc14a4c5dfaee656165c5b8c93608ab5adb96c354b15fec32fd3249857,901a7f616de532a6,True,
Testing,Testing/meningioma/Te-me_0026.jpg,meningioma,33797,554,554,RGB,JPEG,b8a42737f41cb71d02cc8f6ea840c15f91ec938639d089be773149eb7cd878a6,901a7f616de532a6,True,
Training,Training/meningioma/Tr-me_0187.jpg,meningioma,23698,554,554,RGB,JPEG,1db9c81ca21c0ec3f145865ef84c439d9e3fd951b8478cef6a3a2d31a6e7c5d1,901a7f616de532a6,True,
Testing,Testing/meningioma/Te-me_0145.jpg,meningioma,7624,210,240,RGB,JPEG,f813b3d84d164a5b7e87174946eb5c7acaae34e62b480bb31bcb0d6d518986b1,901b1ef86ae5698d,True,
Testing,Testing/meningioma/Te-me_0110.jpg,meningioma,10232,210,240,RGB,JPEG,ad1982ac07eb702eb985f1e22e322cb353e24b8313cce4e5655acd8302837e04,901b1ef86ae5698d,True,
Training,Training/meningioma/Tr-me_0642.jpg,meningioma,25765,512,512,RGB,JPEG,1a63bc6b031b8f9aea7decf821c5418de6120db0a945055d040656c1589eb8de,901b6e646df16197,True,
Training,Training/meningioma/Tr-me_0643.jpg,meningioma,25722,512,512,RGB,JPEG,22ff202c8c1effc27362d7016064f225b192c4399265e042e6fdf6b4816e64e9,901b6e646df16197,True,
Testing,Testing/meningioma/Te-me_0107.jpg,meningioma,12668,214,235,RGB,JPEG,19f85781d3642a0c0a9d3831265070195500ff2f41feb84cf72bb87b12060e7e,902d4bb26dda39c3,True,
Training,Training/meningioma/Tr-me_0292.jpg,meningioma,9233,214,235,RGB,JPEG,6b436fb29f9dd27c8e6a2f30c8d516947c3b856bad43c45b7722e8360e517cbf,902d4bb26dda39c3,True,
Training,Training/meningioma/Tr-me_0190.jpg,meningioma,56293,591,650,RGB,JPEG,eca47283498dca90a78adbac146a0c95a7352e944d7364f3d3f46adf4c60357d,902d4bb26dda3dc2,True,
Testing,Testing/meningioma/Te-meTr_0004.jpg,meningioma,42111,528,581,RGB,JPEG,287e57e51279330fe35b02999f3e99c4a8d71a2982384edeb6dc21e65e69c853,902d4bb26dda3dc2,True,
Training,Training/meningioma/Tr-me_0595.jpg,meningioma,29787,528,581,RGB,JPEG,7145b21317f3aaaf1d5d68132cbaaca5b7cdf4042e1b7ecf3c4c95b405a06655,902d4bb26dda3dc2,True,
Testing,Testing/meningioma/Te-me_0017.jpg,meningioma,62465,591,650,RGB,JPEG,d122fa995de9d5266344d97c7e2d6973210911f4c8e549575c873b82aee3ae2a,902d4bb26dda3dc2,True,
Training,Training/notumor/Tr-no_0264.jpg,notumor,165993,850,872,RGB,JPEG,e3ea07d69e4b3242a2bc56046a2c9547c6e15d8169d3bdad7d4f8f9baf2a2442,904b7b156d4eb46c,True,
Training,Training/notumor/Tr-no_1149.jpg,notumor,165993,850,872,RGB,JPEG,e3ea07d69e4b3242a2bc56046a2c9547c6e15d8169d3bdad7d4f8f9baf2a2442,904b7b156d4eb46c,True,
Training,Training/notumor/Tr-no_0270.jpg,notumor,165993,850,872,RGB,JPEG,e3ea07d69e4b3242a2bc56046a2c9547c6e15d8169d3bdad7d4f8f9baf2a2442,904b7b156d4eb46c,True,
Training,Training/meningioma/Tr-me_0360.jpg,meningioma,14560,219,234,RGB,JPEG,995eefcf311b352e0f1e8855db68f9c40e8aa033f422663b715860c76aa4b1db,90524f9b3b253cda,True,
Testing,Testing/meningioma/Te-meTr_0006.jpg,meningioma,16489,219,234,RGB,JPEG,bd050c09c3c01a44d48094de9b613423722725e6af36246c60952b9f5c45c729,90524f9b3b253cda,True,
Testing,Testing/meningioma/Te-meTr_0003.jpg,meningioma,12043,212,237,RGB,JPEG,bbc7b2a45a317370ec1115cf902927adfcb71d569c1cf413fc4d1fd68fcdb763,90764f6932cd6d32,True,
Training,Training/meningioma/Tr-me_0195.jpg,meningioma,8791,212,237,RGB,JPEG,bd694839a7b18d8a031c43a2e76ea7603925ba43ac1349cf094d88e8c76ded6a,90764f6932cd6d32,True,
Training,Training/notumor/Tr-no_1225.jpg,notumor,41939,630,630,RGB,JPEG,cec34d92b64b61517c2c75bbd070177af3e5262b739b36e90d82f646277bf762,907a6fc56d92344d,True,
Training,Training/notumor/Tr-no_0653.jpg,notumor,7806,225,225,RGB,JPEG,549b72eb02e5a44e4d70d73a6bd92f676109522053877267cde4701b8590ea85,907a6fc56d92344d,True,
Training,Training/notumor/Tr-no_0014.jpg,notumor,58801,630,630,RGB,JPEG,dc811fda9f7bc3506f21d4094da84c5e3a81d3878b28967b830536fda342a33e,907a6fc56d92344d,True,
Training,Training/notumor/Tr-no_1130.jpg,notumor,8733,225,225,RGB,JPEG,fd701e8cdd7a47b2b7198334e09d7947edf3d2efdd68b73b8d47282256f9f475,907a6fc56d92344d,True,
Training,Training/notumor/Tr-no_0013.jpg,notumor,58801,630,630,RGB,JPEG,dc811fda9f7bc3506f21d4094da84c5e3a81d3878b28967b830536fda342a33e,907a6fc56d92344d,True,
Testing,Testing/notumor/Te-no_0363.jpg,notumor,42436,630,630,RGB,JPEG,2dfc7033d3ccba1b5fbe075921fea29859529d21601c056d5d1cbdd243544575,907a6fc56d92344d,True,
Training,Training/notumor/Tr-no_0483.jpg,notumor,44244,630,630,RGB,JPEG,ec4bf9270aa3ef29260745b1bd95ca6577dee7c388d41999fb9eb2acd6874de1,907a6fc56d92344d,True,
Testing,Testing/notumor/Te-no_0203.jpg,notumor,31155,630,630,RGB,JPEG,b4554a2dc71c84746ed357e54d395b0fb6635d00920d0de0bff4c51ba6d69088,907a6fc56d92344d,True,
Training,Training/notumor/Tr-no_1040.jpg,notumor,4437,225,225,RGB,JPEG,5cf2ebb7d8f93d7919b38b2e52a8d08a8843fbc3a019e10dda1e5fd24d2b6c9f,907a6fc56d92344d,True,
Training,Training/notumor/Tr-no_1331.jpg,notumor,63842,630,630,RGB,JPEG,6e19d56c4541641458145227f5d6ce8970d34f5555df32b06a041401bcb90838,907a6fc56d92344d,True,
Testing,Testing/notumor/Te-no_0269.jpg,notumor,41805,630,630,RGB,JPEG,d447776611a16c2a81540a1975a71afaeedf55a4b11cb0eed9b6971cff8853fb,907a6fc56d92344d,True,
Training,Training/notumor/Tr-no_0229.jpg,notumor,8733,225,225,RGB,JPEG,fd701e8cdd7a47b2b7198334e09d7947edf3d2efdd68b73b8d47282256f9f475,907a6fc56d92344d,True,
Training,Training/notumor/Tr-no_0195.jpg,notumor,8733,225,225,RGB,JPEG,fd701e8cdd7a47b2b7198334e09d7947edf3d2efdd68b73b8d47282256f9f475,907a6fc56d92344d,True,
Training,Training/notumor/Tr-no_1055.jpg,notumor,58801,630,630,RGB,JPEG,dc811fda9f7bc3506f21d4094da84c5e3a81d3878b28967b830536fda342a33e,907a6fc56d92344d,True,
Testing,Testing/notumor/Te-no_0163.jpg,notumor,8323,225,225,RGB,JPEG,5cdcdb76b13cfc5a09d32920bc2c6027beba04427f73ec32763ed25f23439f14,907a6fc56d92344d,True,
Training,Training/notumor/Tr-no_1031.jpg,notumor,79678,630,630,RGB,JPEG,3163618e3155c4d97bfb4719da81fcc720a161d43a4c2a853e9b7d07064849fe,907a6fc56d92344d,True,
Testing,Testing/notumor/Te-no_0213.jpg,notumor,6189,225,225,RGB,JPEG,8da6f924a0264e5951a3d79773a53c9f19ab6c4c8cda248f66042a7de91f8cf7,907a6fc56d92344d,True,
Training,Training/notumor/Tr-no_0415.jpg,notumor,30093,630,630,RGB,JPEG,075121ef05dad5a6adeae9ddc9c6d02e099e9890e100ca8f66cea83b0f4045a5,907a6fc56d92344d,True,
Training,Training/notumor/Tr-no_1236.jpg,notumor,7655,225,225,RGB,JPEG,a965bc16995def531b0b94dcf46eb46ebcb15e1c485efebcaed5081aea06b23d,907a6fc56d92345c,True,
Training,Training/notumor/Tr-no_0963.jpg,notumor,5908,225,225,RGB,JPEG,8f4cf973bfd136232b43355b77f880e958cb6f5abd0f4f27bab19519deb794b2,907a6fc56d92345c,True,
Training,Training/notumor/Tr-no_0775.jpg,notumor,70850,630,630,RGB,JPEG,ea2ef5b7033dc31e1f0dce350279139d6f2c25b154f547a10fa19275646058a4,907a6fc56d92345c,True,
Training,Training/meningioma/Tr-me_0219.jpg,meningioma,15821,323,342,RGB,JPEG,c4eae93e7fb065a8f96e0c916bced76f23e218331d5c540451200114f1dc4084,907b6be53c9668c2,True,
Testing,Testing/meningioma/Te-me_0040.jpg,meningioma,18203,323,342,RGB,JPEG,935ba7f0696adb99b0bc47bd75e6ae0ae86426d1fb6922dac8b9569ddaea8a16,907b6be53c9668c2,True,
Testing,Testing/notumor/Te-no_0365.jpg,notumor,29709,630,630,RGB,JPEG,2cb17e0b64010e0dbe87f9509c1901b37bd685025f77e6a7de68e848824b63ac,90856b3a6d6d34b3,True,
Testing,Testing/notumor/Te-no_0313.jpg,notumor,29974,630,630,RGB,JPEG,a4f7ffa0151517981caac09cca4147ecec0c3b7b870f94bc3527c9347da91b7c,90856b3a6d6d34b3,True,
Training,Training/notumor/Tr-no_0539.jpg,notumor,6260,225,225,RGB,JPEG,bdadb2ad2c1f7ca91fa84e093ef6be3e684cf03a9f5ebf8c5951bf88fb73dd7f,90856f3a6c6d34b3,True,
Training,Training/notumor/Tr-no_0485.jpg,notumor,5986,225,225,RGB,JPEG,4db9154f74dc89a48c5414e3b48a33632cc64b0e61c9541649f7a9455ea09e63,90856f3a6c6d34b3,True,
Training,Training/pituitary/Tr-pi_0046.jpg,pituitary,39045,512,512,RGB,JPEG,c27c953b150b8cfa6c2820bac42a13a5d1b5b6420409973ba07a18542429afd5,908f573c1af60ada,True,
Training,Training/pituitary/Tr-pi_0157.jpg,pituitary,39045,512,512,RGB,JPEG,c27c953b150b8cfa6c2820bac42a13a5d1b5b6420409973ba07a18542429afd5,908f573c1af60ada,True,
Testing,Testing/meningioma/Te-me_0089.jpg,meningioma,9937,201,251,RGB,JPEG,b328f1679bf050f684a0a1f3b33805551b2ad2858a604308dee607c4643b3571,910666bb9acc6fb0,True,
Training,Training/meningioma/Tr-me_0266.jpg,meningioma,7177,201,251,RGB,JPEG,301c9f4242d3f7208d7099e307f6de9865b31d6b9d6d71a76e52344e9b84e90e,910666bb9acc6fb0,True,
Training,Training/notumor/Tr-no_1396.jpg,notumor,12390,208,242,RGB,JPEG,8d8e2b5d1b09b10df30a1352aa16f6951d7765cf58c19035076e3cb3627aa2de,91114e6373744deb,True,
Testing,Testing/notumor/Te-no_0118.jpg,notumor,12382,208,242,RGB,JPEG,fed5172fdc31930e891474c8c4596f2bcac255cb8c9d579f76821df1983192b6,91114e6373744deb,True,
Testing,Testing/meningioma/Te-me_0057.jpg,meningioma,25062,232,261,RGB,JPEG,a38b676439364d3256ea573bc1900a682b3d39a3d71cd58749ef42acc8c8a7d6,911a177d684e7ee0,True,
Training,Training/meningioma/Tr-me_0236.jpg,meningioma,23352,232,261,RGB,JPEG,8e7f03d49cb8deaee3062b08512d7aa7c9dad950828678dd03fd076f0b3f3e88,911a177d684e7ee0,True,
Testing,Testing/meningioma/Te-me_0056.jpg,meningioma,14225,234,216,RGB,JPEG,a8a63f4a08ad17bdb54d156f983114a023a2fbd000ec12e313d4ce0b945cef47,911bd7384ef6380e,True,
Training,Training/meningioma/Tr-me_0235.jpg,meningioma,10634,234,216,RGB,JPEG,0660f704ba18060c2ad636f7e77b8ba9b775ac3116699c1bdf97499be215da10,911bd7384ef6380e,True,
Training,Training/meningioma/Tr-me_0215.jpg,meningioma,24073,300,412,RGB,JPEG,3f485834e521c740f298d16190f0afa1209a0e2d01080015ca6a8b5f3febe1fe,91364f6938b86cc7,True,
Testing,Testing/meningioma/Te-me_0035.jpg,meningioma,26981,300,412,RGB,JPEG,4cc66638107c582da061fb013badc87dfb5dbdb94deee50550a5df8b967d9947,91364f6938b86cc7,True,
Training,Training/notumor/Tr-no_0964.jpg,notumor,16956,236,295,RGB,JPEG,ff1df5849a35548de3ed553bc8c927511045cce13c42a2159c62f546c52230c9,91565e8b7a9d6158,True,
Training,Training/notumor/Tr-no_0349.jpg,notumor,16956,236,295,RGB,JPEG,ff1df5849a35548de3ed553bc8c927511045cce13c42a2159c62f546c52230c9,91565e8b7a9d6158,True,
Testing,Testing/notumor/Te-no_0086.jpg,notumor,16956,236,295,RGB,JPEG,ff1df5849a35548de3ed553bc8c927511045cce13c42a2159c62f546c52230c9,91565e8b7a9d6158,True,
Training,Training/notumor/Tr-no_0361.jpg,notumor,14964,236,236,RGB,JPEG,b577189346bc4cc74942150e5875bead25153aa474db97d1882ebf72244de3ec,91656e9a6864f969,True,
Testing,Testing/notumor/Te-no_0098.jpg,notumor,14964,236,236,RGB,JPEG,b577189346bc4cc74942150e5875bead25153aa474db97d1882ebf72244de3ec,91656e9a6864f969,True,
Training,Training/notumor/Tr-no_0523.jpg,notumor,9686,201,251,RGB,JPEG,5f5390a3d81bdc854e5e498bfff76886d22c09112eeb2399b83faae4d70442e3,91681e276adb69a3,True,
Training,Training/notumor/Tr-no_0843.jpg,notumor,18643,359,449,RGB,JPEG,b28a6673a8f92619cd725a3b8bf948c49044c33168a2b81f92bf96bdf6a7d90b,91681e276adb69a3,True,
Training,Training/notumor/Tr-no_0876.jpg,notumor,9376,208,248,RGB,JPEG,1046691dbc5f4354039ab7a946f1c13ba1f0021cde258cf5a1fbe7611528b3bb,916a1fa53a326c9d,True,
Training,Training/notumor/Tr-no_0221.jpg,notumor,13879,208,248,RGB,JPEG,24994786d576883215ebeccd522d9b4eebf01a374fccdb30c3cb5e56035cd425,916a1fa53a326c9d,True,
Training,Training/notumor/Tr-no_0112.jpg,notumor,14255,203,243,RGB,JPEG,d56567916b5975d9f260f61a4cad99040696bd105293112af3d703c4bec42feb,916a1fad3a226c9d,True,
Training,Training/notumor/Tr-no_1092.jpg,notumor,14255,203,243,RGB,JPEG,d56567916b5975d9f260f61a4cad99040696bd105293112af3d703c4bec42feb,916a1fad3a226c9d,True,
Training,Training/notumor/Tr-no_1137.jpg,notumor,33408,442,442,RGB,JPEG,aa66d8e967787f1f68a537f5300e72131b53cc4706620d41e67f74b1eb53d931,916e5aa75a2d2cc5,True,
Training,Training/notumor/Tr-no_0241.jpg,notumor,33408,442,442,RGB,JPEG,aa66d8e967787f1f68a537f5300e72131b53cc4706620d41e67f74b1eb53d931,916e5aa75a2d2cc5,True,
Testing,Testing/notumor/Te-no_0038.jpg,notumor,12408,236,236,RGB,JPEG,8a5052ac55d7ffc4175768aeda33c7178bcbf0015e9e44c901d40ac9660f6fd6,918d5a5a3d333cca,True,
Training,Training/notumor/Tr-no_0044.jpg,notumor,9825,236,236,RGB,JPEG,848319fa803a07c09363808d245bba2de5e74d769cf46770d39d357a3dad6b0b,918d5a5a3d333cca,True,
Training,Training/notumor/Tr-no_0505.jpg,notumor,25439,359,449,RGB,JPEG,f8023e2a47e97478a24ab4374a6f1d27d5f3a9a98c8752e796887f32a5e5b66e,91971ed87a24697c,True,
Training,Training/notumor/Tr-no_1264.jpg,notumor,24362,359,449,RGB,JPEG,a85697f68f9915cb255d94d8fd874b23aaebf2ef6f89eef06521cc9a16af32d7,91971ed87a24697c,True,
Training,Training/notumor/Tr-no_0659.jpg,notumor,12237,201,251,RGB,JPEG,393c84a6a4f222c4f9276ed9b2ec5b0bfeadce0b573037fcafd072943938b131,91971ed87a24697c,True,
Training,Training/notumor/Tr-no_1240.jpg,notumor,12315,201,251,RGB,JPEG,49162a07e2f8acbe34d48d550a1cb52fd3c916136d7d4988e4d0db5595aaee47,91971ed87a24697c,True,
Testing,Testing/notumor/Te-no_0364.jpg,notumor,11414,201,251,RGB,JPEG,3918e991adb558874b56fc946c0a2beea7bda9e69ff04ab76a68cce72feaf986,91971ed87a24697c,True,
Testing,Testing/notumor/Te-no_0080.jpg,notumor,19344,220,275,RGB,JPEG,5b32b70fee5498a7e242f40fd975486691a248ef53c7657ac4c5831133ade0fb,91971ed87a24795c,True,
Training,Training/notumor/Tr-no_1102.jpg,notumor,14368,201,251,RGB,JPEG,17bd1588f84aafbccb846c974ae1f24cef5ce6f0fc0f32a4417af50bfe9f52cd,91971ed87a24795c,True,
Testing,Testing/notumor/Te-no_0215.jpg,notumor,9913,201,251,RGB,JPEG,a03acbec3cf6aa14f02984e22b0e3219e0d2a54674c62d8b2c5018d5ad98e698,91971ed87a24795c,True,
Training,Training/notumor/Tr-no_0761.jpg,notumor,29734,359,449,RGB,JPEG,b682b55de2a394378cc68109a8648cb47b7f75fa012fee27245814f74d9dd33d,91971ed87a24795c,True,
Training,Training/notumor/Tr-no_1104.jpg,notumor,19344,220,275,RGB,JPEG,5b32b70fee5498a7e242f40fd975486691a248ef53c7657ac4c5831133ade0fb,91971ed87a24795c,True,
Training,Training/notumor/Tr-no_0344.jpg,notumor,19344,220,275,RGB,JPEG,5b32b70fee5498a7e242f40fd975486691a248ef53c7657ac4c5831133ade0fb,91971ed87a24795c,True,
Training,Training/notumor/Tr-no_1001.jpg,notumor,14544,220,275,L,JPEG,6a028c0cf05b9ab47b44da36f2e934eaf2810f6c5fd00f98505a5925075d0256,91971ed87a24795c,True,
Training,Training/notumor/Tr-no_0282.jpg,notumor,19344,220,275,RGB,JPEG,5b32b70fee5498a7e242f40fd975486691a248ef53c7657ac4c5831133ade0fb,91971ed87a24795c,True,
Training,Training/notumor/Tr-no_0222.jpg,notumor,19344,220,275,RGB,JPEG,5b32b70fee5498a7e242f40fd975486691a248ef53c7657ac4c5831133ade0fb,91971ed87a24795c,True,
Training,Training/notumor/Tr-no_0182.jpg,notumor,14368,201,251,RGB,JPEG,17bd1588f84aafbccb846c974ae1f24cef5ce6f0fc0f32a4417af50bfe9f52cd,91971ed87a24795c,True,
Training,Training/notumor/Tr-no_1048.jpg,notumor,7371,201,251,RGB,JPEG,6b8f5ec5f96e63fb543ffb0fef90857004942af0c44839abf5b9ad297b161da1,91971ed87a24795c,True,
Training,Training/notumor/Tr-no_0145.jpg,notumor,14368,201,251,RGB,JPEG,17bd1588f84aafbccb846c974ae1f24cef5ce6f0fc0f32a4417af50bfe9f52cd,91971ed87a24795c,True,
Training,Training/notumor/Tr-no_1013.jpg,notumor,9482,201,251,RGB,JPEG,e3e6a073b081f5d7fc2fad33e3c2337ebfc8cd327a7b44ad9e6bf0313a32e600,91971ed87a24795c,True,
Training,Training/notumor/Tr-no_0148.jpg,notumor,19344,220,275,RGB,JPEG,5b32b70fee5498a7e242f40fd975486691a248ef53c7657ac4c5831133ade0fb,91971ed87a24795c,True,
Training,Training/notumor/Tr-no_0965.jpg,notumor,11020,220,275,L,JPEG,50b07fb6e5b04d44340aaa19e0dc4aa6588af62e73a4ade8f3ec34cace05524c,91971ed87a24795c,True,
Training,Training/notumor/Tr-no_1082.jpg,notumor,31516,359,449,RGB,JPEG,ae511b11b26309a2e60432852cb26d6b019057fc2aab35867badf8af04daa3b6,91973ed87a247958,True,
Training,Training/notumor/Tr-no_0039.jpg,notumor,31516,359,449,RGB,JPEG,ae511b11b26309a2e60432852cb26d6b019057fc2aab35867badf8af04daa3b6,91973ed87a247958,True,
Training,Training/notumor/Tr-no_1201.jpg,notumor,18695,359,449,RGB,JPEG,8d05b166ca62499ea2da6f109fcf0d38e4eb8f8505964add2078cb4fd246fcdf,91973ed87a247958,True,
Testing,Testing/notumor/Te-no_0227.jpg,notumor,19102,359,449,RGB,JPEG,af3a5a150f38b60ff57b622aa110b8dd2d5d491863423f1f44e5fd026bed55c0,91973ed87a247958,True,
Training,Training/notumor/Tr-no_1169.jpg,notumor,44008,414,496,RGB,JPEG,8a05324c1e59d079c88ad71e484739999eab506d3e7eb1bca857264329113b94,9199569678e96a4d,True,
Training,Training/notumor/Tr-no_0317.jpg,notumor,44008,414,496,RGB,JPEG,8a05324c1e59d079c88ad71e484739999eab506d3e7eb1bca857264329113b94,9199569678e96a4d,True,
Training,Training/meningioma/Tr-me_0256.jpg,meningioma,24297,304,410,RGB,JPEG,ac3b5057b4ed5d49532b1a442243bdb6cc9e5ccf417421c0a0fbf7478a50c504,91b34e4c3d9d6ce0,True,
Testing,Testing/meningioma/Te-me_0078.jpg,meningioma,27186,304,410,RGB,JPEG,9cae4b313ce3331190a0d872b36cd7b023737156a29c681e13ef9384828478f9,91b34e4c3d9d6ce0,True,
Training,Training/meningioma/Tr-me_0268.jpg,meningioma,9272,212,237,RGB,JPEG,5cb7df105e6f8ded5c798d540089ec9e5170b068992d8451881f872bcd46c41c,91c21e976ecb4b8c,True,
Testing,Testing/meningioma/Te-me_0091.jpg,meningioma,12529,212,237,RGB,JPEG,960bb35fb0e7a91fba080e7b48cf93de2f16cec883d25c2579c0d170dc599b20,91c21e976ecb4b8c,True,
Training,Training/pituitary/Tr-pi_0742.jpg,pituitary,36126,512,512,RGB,JPEG,4b9d301cb859f22fda8dd8b44a8d1df0a3a8e8364850196b0d7b78cf5659345d,91c23f924e39629f,True,
Training,Training/pituitary/Tr-pi_0743.jpg,pituitary,35906,512,512,RGB,JPEG,93c048797863776f29ff4e855cd515591ffa6ebc024509586746009bfc90378e,91c23f924e39629f,True,
Training,Training/meningioma/Tr-me_0196.jpg,meningioma,20242,257,307,RGB,JPEG,560ac96dc3f7ab9c6b84af2cb3f6a4a7f510b75e865bafeaa95f705992846861,91d141921e2f7e6d,True,
Testing,Testing/meningioma/Te-meTr_0001.jpg,meningioma,22020,257,307,RGB,JPEG,39cabdc25d698ca1fbb4db79efa72184c0f92d854c553ee098d74ccbcfa38fef,91d141921e2f7e6d,True,
Testing,Testing/meningioma/Te-me_0077.jpg,meningioma,18534,305,337,RGB,JPEG,32aeabe5bd8a77001d06adbb24a0c1727d110692d91e6a5143251f9719696b58,91d91b216f656ce4,True,
Training,Training/meningioma/Tr-me_0255.jpg,meningioma,16642,305,337,RGB,JPEG,6dd5943d1831c3b133d5e8cbe5a3f87087256db4ac6af3e8878df2a0255efc87,91d91b216f656ce4,True,
Training,Training/notumor/Tr-no_1091.jpg,notumor,18316,236,236,RGB,JPEG,71b3de7ee123124b0cf239be46cde689f527b1b56127ff7668cabca4c6384513,91e41f915ec618de,True,
Training,Training/notumor/Tr-no_0054.jpg,notumor,15039,236,236,RGB,JPEG,a3b52d8a675f4344381842cea58e6966d3a9bd4fff0e77685c0656b1838cce9e,91e41f915ec618de,True,
Testing,Testing/notumor/Te-noTr_0009.jpg,notumor,18316,236,236,RGB,JPEG,71b3de7ee123124b0cf239be46cde689f527b1b56127ff7668cabca4c6384513,91e41f915ec618de,True,
Testing,Testing/notumor/Te-no_0399.jpg,notumor,12533,208,242,RGB,JPEG,aee63f2e2951c00ec01e908678011066364c8fe01ebfd30d4884a4e2c3dc621a,91ee4e9c738b4d14,True,
Testing,Testing/notumor/Te-no_0328.jpg,notumor,12634,208,242,RGB,JPEG,b4a18f3902b03ea6398c4fe2b9d8579d8227389a28d366818a84c68bffb367d0,91ee4e9c738b4d14,True,
Training,Training/notumor/Tr-no_0616.jpg,notumor,46099,630,630,L,JPEG,3d2e27086db6e9797258b3d352df32cc3a4a20f6038a9bf18dbc1472915177a6,921a6ae52dc6347e,True,
Training,Training/notumor/Tr-no_1276.jpg,notumor,30907,630,630,L,JPEG,b2b557367e280104aa990ff5b1116471c9a0895e48c6bad01725b8b14c138fb2,921a6ae52dc6347e,True,
Testing,Testing/notumor/Te-no_0130.jpg,notumor,7113,225,225,RGB,JPEG,d4a0013422890229eb540f461ddc0dd0066df275044a7efbdcdc08e45a92e22e,921a6ae52dc6347e,True,
Testing,Testing/notumor/Te-no_0381.jpg,notumor,40291,630,630,L,JPEG,7ac609a2f0e02e360f3793f8a02be46502ae4dd737c43829e3972e82dc8c8b05,921a6ae52dc6347e,True,
Training,Training/notumor/Tr-no_0622.jpg,notumor,8729,225,225,RGB,JPEG,1f55f2b11d511fb1cc425db152b7932ad057c3783674512875ea9f4435787902,921a6ae52dc6347e,True,
Training,Training/notumor/Tr-no_1530.jpg,notumor,8707,225,225,RGB,JPEG,d721612a89ca5408c199219d5a33441bf912d5357921e6086f7addbc836401ca,921a6ae52dc6347e,True,
Training,Training/notumor/Tr-no_1420.jpg,notumor,10031,225,225,RGB,JPEG,80c1e26515b602303a00bdcf8ace68439b07bf2cf68fde044ece9bd66661e3d3,921a6ded2dc6343c,True,
Training,Training/notumor/Tr-no_1449.jpg,notumor,43710,630,630,L,JPEG,7938f228f86ee04ced8832994d1ee6bbd83c1c1c201145899e07df0c21727a20,921a6ded2dc6343c,True,
Training,Training/meningioma/Tr-me_0271.jpg,meningioma,5237,225,225,RGB,JPEG,deaee0ac0187be63718484cd3a6bdc76a6bbdfedc10ea56e36045feb624bb24d,922e6de13493666e,True,
Testing,Testing/meningioma/Te-me_0094.jpg,meningioma,7607,225,225,RGB,JPEG,51052c8439701c2832aaa26111104f4f7e03c0c99641205ee29cea957bf44a35,922e6de13493666e,True,
Testing,Testing/meningioma/Te-me_0082.jpg,meningioma,12919,200,252,RGB,JPEG,2879fe07fda1859fa38e6b675d8fb6cb92addc19a467a5a66c4834e345734752,923a6de4369bca2c,True,
Training,Training/meningioma/Tr-me_0259.jpg,meningioma,9172,200,252,RGB,JPEG,2675eef8145df6693b593880acefd680b77d1fdb3d719ed36fc478f54baea924,923a6de4369bca2c,True,
Training,Training/notumor/Tr-no_0972.jpg,notumor,8899,208,242,RGB,JPEG,0bc12dee429a9969519f71d07aea7accee2a5ff0bc4ef8871d1d0ffc22393c2f,924b49ae2ee59a2d,True,
Training,Training/notumor/Tr-no_0698.jpg,notumor,11744,208,242,RGB,JPEG,3ae166857f23d999883374bd2cfe6b5eb17ecffb809dc18f35c4131a312a7b5b,924b49ae2ee59a2d,True,
Training,Training/notumor/Tr-no_0717.jpg,notumor,11782,208,242,RGB,JPEG,5d4fb7cb9017ab47d1a97226b878c4bc1b68d90423e98073dbd82764386f0b69,924b49ae2ee59a2d,True,
Training,Training/notumor/Tr-no_0162.jpg,notumor,17788,208,242,RGB,JPEG,036e55d93327e11840607155d2fe93643607756a9bb4532954e86ca7108276f6,924b49ae2ee59a2d,True,
Testing,Testing/meningioma/Te-me_0088.jpg,meningioma,12162,215,220,RGB,JPEG,024bdc364dc642a401ddca2ba91863d0f07055ed69594942b24d5f9724e2d737,926d459369a4b36b,True,
Training,Training/meningioma/Tr-me_0265.jpg,meningioma,8803,215,220,RGB,JPEG,49e13da805572838ee86f2e79b5bd620bf5d1284c62b70cc96599aeb01f115ff,926d459369a4b36b,True,
Training,Training/notumor/Tr-no_0283.jpg,notumor,15476,227,300,RGB,JPEG,d62ef020a79e42be55f4a6977457753c11364c69c1a842aab749f45b910a348f,926e6cb72fc07185,True,
Training,Training/notumor/Tr-no_1158.jpg,notumor,15476,227,300,RGB,JPEG,d62ef020a79e42be55f4a6977457753c11364c69c1a842aab749f45b910a348f,926e6cb72fc07185,True,
Training,Training/notumor/Tr-no_0027.jpg,notumor,7299,225,225,RGB,JPEG,fe20d08e5475898e9b66661cddbe32d6d006438e57c36cd87be27b8dd9c0676d,927a6aa568c721cf,True,
Training,Training/notumor/Tr-no_1076.jpg,notumor,6758,225,225,RGB,JPEG,7fee25502789cdb5539576d02fe3aa3ee9789559ded65b8fc7d67606d69f7ff0,927a6aa568c721cf,True,
Training,Training/notumor/Tr-no_0575.jpg,notumor,7165,225,225,RGB,JPEG,da52822857f624458165dde147c7ea3a92eb42276d8dceb86423ea9ee52211c7,927a6aa568c721cf,True,
Training,Training/notumor/Tr-no_1069.jpg,notumor,7299,225,225,RGB,JPEG,fe20d08e5475898e9b66661cddbe32d6d006438e57c36cd87be27b8dd9c0676d,927a6aa568c721cf,True,
Training,Training/notumor/Tr-no_1256.jpg,notumor,8523,225,225,RGB,JPEG,dea6f3f009b126786a8925318e2b68d65826027cfe27a9fa235bf07941c641b5,927a6ca5689e25cd,True,
Testing,Testing/notumor/Te-no_0172.jpg,notumor,9286,225,225,RGB,JPEG,39b3b612a42661fbf0c8b105896aa67f0132406e2b2293d2979eb7daddbe7b50,927a6ca5689e25cd,True,
Testing,Testing/notumor/Te-no_0217.jpg,notumor,44029,630,630,RGB,JPEG,a3e8bfee0a5c41f81434966890de14ae09509c700ab9c6b93ac62229669ea126,927a6fc565d2305c,True,
Training,Training/notumor/Tr-no_1037.jpg,notumor,49103,630,630,RGB,JPEG,c81e9bcb1239482f94c524f182da91129a286f43e43804c519650803ea4eefcc,927a6fc565d2305c,True,
Training,Training/notumor/Tr-no_0582.jpg,notumor,8829,225,225,RGB,JPEG,478a02a2c7269cf6740e713bbf6ff27feac16ed6099baefd689610ea2320f832,927a6fc565d2305c,True,
Training,Training/notumor/Tr-no_1246.jpg,notumor,7900,225,225,RGB,JPEG,c147c084cf14afcea5ea73fb631b934a52626df039f6c43f08f9c17c94c683fa,927a6fc565d2305c,True,
Training,Training/notumor/Tr-no_0395.jpg,notumor,49153,630,630,RGB,JPEG,638e2c2316fa50c151cde9e1f11e0861f149659ad9de9a700f3ce3fa1a8c4785,927a6fc565d2305c,True,
Testing,Testing/notumor/Te-no_0291.jpg,notumor,9175,225,225,RGB,JPEG,24341b1aa8a39afa3025c36053deeda9ccfa5c22f56b2f6da87e86600286c542,92956c5a69756572,True,
Training,Training/notumor/Tr-no_0514.jpg,notumor,9352,225,225,RGB,JPEG,e027f2073ef9c85bf4d436f0be29a44fda8e960418c315125dc6be1d71dcfb96,92956c5a69756572,True,
Training,Training/notumor/Tr-no_0047.jpg,notumor,12624,235,233,RGB,JPEG,77ed920e1688b867cf62bed46e5bcafb5d16d7a04f869cef88bce986d262ca6d,92c24f3c2d7d6961,True,
Testing,Testing/notumor/Te-no_0071.jpg,notumor,13999,235,233,RGB,JPEG,4c557fefde640a1a8d578beff11021e893bdee3817bd99456ad60e4f1d7b6c49,92c24f3c2d7d6961,True,
Testing,Testing/notumor/Te-no_0197.jpg,notumor,49223,630,630,RGB,JPEG,475702d7d3bf7ac06c1da51c2dd307c93bdc40f09e29af65e5f9ee7193391469,92c56f3a642d30f3,True,
Training,Training/notumor/Tr-no_0581.jpg,notumor,8564,225,225,RGB,JPEG,7062b5cacb6694c4b54fd799a8744d8a1f3f7a89110cc75a9fec2375f7fbb92b,92c56f3a642d30f3,True,
Training,Training/notumor/Tr-no_0679.jpg,notumor,44304,630,630,RGB,JPEG,f1a7d06cc95ab62c362b48875dea1c4f35e99dd9bc23d667ad35efc213ea3742,92c76a1e6ddc341c,True,
Training,Training/notumor/Tr-no_1212.jpg,notumor,9989,225,225,RGB,JPEG,f7bffee7b1c763bff3321b1a66dd57ece595f11fab1238839c6bcdfde2f53999,92c76a1e6ddc341c,True,
Testing,Testing/notumor/Te-no_0028.jpg,notumor,14079,234,234,RGB,JPEG,f3bbcbc551b2533f763091b8d11957d40118b57fe937c3b940f3f8b26098030f,92d64e3d2d716961,True,
Training,Training/notumor/Tr-no_0351.jpg,notumor,14079,234,234,RGB,JPEG,f3bbcbc551b2533f763091b8d11957d40118b57fe937c3b940f3f8b26098030f,92d64e3d2d716961,True,
Training,Training/notumor/Tr-no_1311.jpg,notumor,9238,225,225,RGB,JPEG,402fcfa164480358b2e92c40c9d41a18fbb132dca3a09cebe9a24d26cde2ea87,931a6ae52dc6347c,True,
Testing,Testing/notumor/Te-no_0151.jpg,notumor,9325,225,225,RGB,JPEG,55138badbfeeb9cfb71bb334803d3d8ec4c04526a3642bd96e10535af8de288e,931a6ae52dc6347c,True,
Training,Training/notumor/Tr-no_0655.jpg,notumor,10504,225,225,RGB,JPEG,eac0ad5caf700b9de7bc5501b14e04467775a3cc7de2ed01d60edf3a6deedac2,931e6dc16457f41c,True,
Training,Training/notumor/Tr-no_1481.jpg,notumor,9886,225,225,RGB,JPEG,ee497f653c46ea86b561d7c82aa3de3ceb9bf58613463cc41d8862e3b8500be1,931e6dc16457f41c,True,
Training,Training/notumor/Tr-no_0486.jpg,notumor,11048,225,225,RGB,JPEG,76ef713871312b96b12f38b2748551637b3eb35ecf2ecffb5501cb0e02afeba3,931e6dc16457f41c,True,
Training,Training/notumor/Tr-no_1237.jpg,notumor,10503,225,225,RGB,JPEG,e5d0461d84fcaff5702c3ceab42d533eb7fcfde3242579d9862bf2262609c6c0,931e6dc16457f41c,True,
Testing,Testing/notumor/Te-no_0309.jpg,notumor,8577,225,225,RGB,JPEG,595703f13f08668ed8a34af782f3c811ca2db45531c22119cdda94a5ad5ee07c,931e6fc16457b41c,True,
Training,Training/notumor/Tr-no_1042.jpg,notumor,6523,225,225,RGB,JPEG,e89b26e1115b48189869aaf3a7d3272fc90268ac400a2b36728cb106d9867858,931e6fc16457b41c,True,
Training,Training/notumor/Tr-no_1258.jpg,notumor,22083,442,442,RGB,JPEG,da242ce7b5523961d341ba274f4e87382e856a8223aa0e4793000ae2c8b4ed40,933e69e164c3348f,True,
Training,Training/notumor/Tr-no_0500.jpg,notumor,22859,442,442,RGB,JPEG,0e7f71de6d556fdfa89b97262376d90b5cfda742e5673d3c4ce683cf57f0c9b3,933e69e164c3348f,True,
Training,Training/notumor/Tr-no_0016.jpg,notumor,51558,630,630,RGB,JPEG,fb32f456cca40bf1867369a4abcae84ff15d634bc56637a568d09449114f95ae,933e6a616ccb308f,True,
Training,Training/notumor/Tr-no_1057.jpg,notumor,51558,630,630,RGB,JPEG,fb32f456cca40bf1867369a4abcae84ff15d634bc56637a568d09449114f95ae,933e6a616ccb308f,True,
Training,Training/notumor/Tr-no_1163.jpg,notumor,31704,442,442,RGB,JPEG,8d1b8cb2975b43db869caaecbffd11f51651b6c25d35928f84cc295215cfb822,933e6aa16cc3348f,True,
Testing,Testing/notumor/Te-no_0223.jpg,notumor,17454,442,442,RGB,JPEG,696d85c85da6f7bf556aa701851d370247e20cd68e31436aab26d65e08c2e04e,933e6aa16cc3348f,True,
Training,Training/notumor/Tr-no_1194.jpg,notumor,17085,442,442,RGB,JPEG,23ad945a2fba6972b2eaa9c6983f7b4cae45bb6573c7ba34d8372a06657e8c4b,933e6aa16cc3348f,True,
Training,Training/notumor/Tr-no_0304.jpg,notumor,31704,442,442,RGB,JPEG,8d1b8cb2975b43db869caaecbffd11f51651b6c25d35928f84cc295215cfb822,933e6aa16cc3348f,True,
Testing,Testing/notumor/Te-no_0097.jpg,notumor,13291,228,228,RGB,JPEG,bf590df79c3f0a0ee28f4c1238720e89f40e4437c827273e3a168708f6fe8476,936938b56486e7ca,True,
Training,Training/notumor/Tr-no_0360.jpg,notumor,13291,228,228,RGB,JPEG,bf590df79c3f0a0ee28f4c1238720e89f40e4437c827273e3a168708f6fe8476,936938b56486e7ca,True,
Training,Training/notumor/Tr-no_1103.jpg,notumor,13121,236,243,RGB,JPEG,a8d8bd68e37588a5be079ea92de410d9097988aea40552f6fd08ca44a7dd6c74,936c3e93693136c9,True,
Testing,Testing/notumor/Te-no_0083.jpg,notumor,13121,236,243,RGB,JPEG,a8d8bd68e37588a5be079ea92de410d9097988aea40552f6fd08ca44a7dd6c74,936c3e93693136c9,True,
Testing,Testing/notumor/Te-no_0093.jpg,notumor,13121,236,243,RGB,JPEG,a8d8bd68e37588a5be079ea92de410d9097988aea40552f6fd08ca44a7dd6c74,936c3e93693136c9,True,
Training,Training/notumor/Tr-no_0050.jpg,notumor,10256,236,243,RGB,JPEG,70dcee96fcf70d803e3203f15fc691bffc6c0a6ca38780c530bc7d45a9b4bf32,936c3e93693136c9,True,
Training,Training/notumor/Tr-no_0346.jpg,notumor,13121,236,243,RGB,JPEG,a8d8bd68e37588a5be079ea92de410d9097988aea40552f6fd08ca44a7dd6c74,936c3e93693136c9,True,
Training,Training/notumor/Tr-no_0046.jpg,notumor,11737,235,229,RGB,JPEG,dd8db43b9ad7e23ff49ec7c8390fe4982cd1138a73f76af0f655b2568915f789,936c6c3271cae49b,True,
Testing,Testing/notumor/Te-no_0060.jpg,notumor,13106,235,229,RGB,JPEG,a3162569f0104e89e3950050d1d2f605cfe6bcf7c646f4bd596cb709d8b372c8,936c6c3271cae49b,True,
Training,Training/notumor/Tr-no_1178.jpg,notumor,12550,235,228,RGB,JPEG,2c6470345e908770e6f61b6a2e55cc80288f8598149e3b4558a1d79dfdba6c4a,936c6c3271cae49b,True,
Training,Training/notumor/Tr-no_0202.jpg,notumor,12550,235,228,RGB,JPEG,2c6470345e908770e6f61b6a2e55cc80288f8598149e3b4558a1d79dfdba6c4a,936c6c3271cae49b,True,
Testing,Testing/notumor/Te-no_0046.jpg,notumor,12550,235,228,RGB,JPEG,2c6470345e908770e6f61b6a2e55cc80288f8598149e3b4558a1d79dfdba6c4a,936c6c3271cae49b,True,
Training,Training/notumor/Tr-no_0967.jpg,notumor,13106,235,229,RGB,JPEG,a3162569f0104e89e3950050d1d2f605cfe6bcf7c646f4bd596cb709d8b372c8,936c6c3271cae49b,True,
Training,Training/notumor/Tr-no_1153.jpg,notumor,13004,236,228,RGB,JPEG,9c3b00e6b1f5fcb23d3ebf1a8b04f9517691cc7b7e2cfdbde375625c920b97a6,936c6c3271cea49b,True,
Training,Training/notumor/Tr-no_1093.jpg,notumor,13087,235,227,RGB,JPEG,220816d55783431f776d10ccd11ebda7aa823602de035f0f07d0d7cd780cfa0f,936c6c3271cea49b,True,
Training,Training/notumor/Tr-no_0340.jpg,notumor,13004,236,228,RGB,JPEG,9c3b00e6b1f5fcb23d3ebf1a8b04f9517691cc7b7e2cfdbde375625c920b97a6,936c6c3271cea49b,True,
Training,Training/notumor/Tr-no_0113.jpg,notumor,13087,235,227,RGB,JPEG,220816d55783431f776d10ccd11ebda7aa823602de035f0f07d0d7cd780cfa0f,936c6c3271cea49b,True,
Testing,Testing/notumor/Te-no_0037.jpg,notumor,13087,235,227,RGB,JPEG,220816d55783431f776d10ccd11ebda7aa823602de035f0f07d0d7cd780cfa0f,936c6c3271cea49b,True,
Testing,Testing/notumor/Te-no_0026.jpg,notumor,13004,236,228,RGB,JPEG,9c3b00e6b1f5fcb23d3ebf1a8b04f9517691cc7b7e2cfdbde375625c920b97a6,936c6c3271cea49b,True,
Testing,Testing/notumor/Te-no_0064.jpg,notumor,12561,234,225,RGB,JPEG,18cfaf6cee35ef130675d36429a4d0d9d944cef9942c203b01975b7130ff6df5,936c6c3669caa49b,True,
Training,Training/notumor/Tr-no_0327.jpg,notumor,12561,234,225,RGB,JPEG,18cfaf6cee35ef130675d36429a4d0d9d944cef9942c203b01975b7130ff6df5,936c6c3669caa49b,True,
Training,Training/notumor/Tr-no_0970.jpg,notumor,12561,234,225,RGB,JPEG,18cfaf6cee35ef130675d36429a4d0d9d944cef9942c203b01975b7130ff6df5,936c6c3669caa49b,True,
Testing,Testing/notumor/Te-no_0020.jpg,notumor,9027,236,236,RGB,JPEG,6d8670086cd3782e77ddb604d6f5803400640420236b3af98f3874ee86e7b476,937e6d3131ce6431,True,
Training,Training/notumor/Tr-no_0065.jpg,notumor,6882,236,236,RGB,JPEG,4e3bfe7a0603559945c5c2de55311ce6d4269ebb816339bca3f13bd57f565994,937e6d3131ce6431,True,
Training,Training/notumor/Tr-no_0058.jpg,notumor,17097,236,270,RGB,JPEG,e2624788382fce1d1c00840375cdd541241d61de6137e9c1c6d69f83d7c99307,9389501f7e7368e4,True,
Testing,Testing/notumor/Te-no_0013.jpg,notumor,21099,236,270,RGB,JPEG,7a3fac9104743aa9ecd56374dafb71c6b8084ace9b13e4cb7b881f198a4bb479,9389501f7e7368e4,True,
Training,Training/notumor/Tr-no_1473.jpg,notumor,16951,442,442,RGB,JPEG,a5a11e528b6d4756c9a8b3180d40410efe1b27b2a5ad13ecce512fa3bf214330,93c36a5e6d3c3470,True,
Training,Training/notumor/Tr-no_0787.jpg,notumor,17020,442,442,RGB,JPEG,cc6c2795310094ea9e9bc4a259b6c4ab7e56fd03303b7f3426849f9b573d05a8,93c36a5e6d3c3470,True,
Training,Training/notumor/Tr-no_0670.jpg,notumor,10664,225,225,RGB,JPEG,b3194148761c0169717896116725e38e430812e6d5a6b6c62c9cf06e7cf00916,93e16c3e64a8b4e3,True,
Testing,Testing/notumor/Te-no_0159.jpg,notumor,10959,225,225,RGB,JPEG,0892b9c76082b705d85bb8aebc274ecf30eaa6cdecd995d9b05c43da39a61921,93e16c3e64a8b4e3,True,
Training,Training/notumor/Tr-no_1216.jpg,notumor,10435,225,225,RGB,JPEG,c48e0a107f985bec88dd81d6f27432ad61539aa516c4396a71fe9e55cdce351d,93e16c3e64a8b4e3,True,
Training,Training/notumor/Tr-no_0540.jpg,notumor,8845,225,225,RGB,JPEG,8570d5134cffb9b72564702663cae2968a0d3bea506ac083db9f8ca46f992026,93e16e3e64a834e3,True,
Training,Training/notumor/Tr-no_0492.jpg,notumor,8484,225,225,RGB,JPEG,e7104cf03a0918840f020ffd6e728312e799235b0b9af04ecdcf4200b669e39b,93e16e3e64a834e3,True,
Training,Training/notumor/Tr-no_0728.jpg,notumor,8593,225,225,RGB,JPEG,285992cc5e5213f0d50887d757cb919a365129bff9038cec83e8df54f97fb155,93e16e3e64a834e3,True,
Training,Training/notumor/Tr-no_1336.jpg,notumor,9238,225,225,RGB,JPEG,eafd3887b242e6ec2db6b0646d1e9cf817e2ed17a6b2d196cd7cb3c85c035cb1,93e56a5a2d393493,True,
Testing,Testing/notumor/Te-no_0263.jpg,notumor,9225,225,225,RGB,JPEG,2d29b3697261f7cc096374f4d829c4c1b1c283d39b420a4fb3cedcd7fbdf7cc8,93e56a5a2d393493,True,
Testing,Testing/notumor/Te-no_0374.jpg,notumor,9094,225,225,RGB,JPEG,d6d19ac66d1fdd18db5284e7393520387235e3c61fdbe9ddbb42062da5380edc,93e56a5a2d393493,True,
Testing,Testing/notumor/Te-no_0352.jpg,notumor,7156,225,225,RGB,JPEG,223b04f04b521e9c8bc13138eab633c03010c2ad883b5c651bef8f329bf55ee1,93e56a5a2d393495,True,
Training,Training/notumor/Tr-no_0602.jpg,notumor,7165,225,225,RGB,JPEG,bb7c3d6df2afe69ac893860e9177883a5a6cd60ebc70de8c3ae996ddb185ce2f,93e56a5a2d393495,True,
Training,Training/notumor/Tr-no_0722.jpg,notumor,6118,150,198,RGB,JPEG,9561ec8adfadc55b0e5ff07eb2b32ed3e0dc5fb89cc96a65a35e597728e54dec,93fd1980124d1bdf,True,
Training,Training/notumor/Tr-no_0425.jpg,notumor,6037,150,198,RGB,JPEG,febd779e6b385675f942d72995a0fb8be6ab15a13e2df1d90585a062f2428aa1,93fd1980124d1bdf,True,
Training,Training/notumor/Tr-no_0532.jpg,notumor,6224,150,198,RGB,JPEG,998c2a4700692782dcac1615edfacd957299b9d32a58a5b38a3640913e0e2005,93fd1980124d1bdf,True,
Training,Training/pituitary/Tr-pi_0226.jpg,pituitary,30598,512,512,RGB,JPEG,a1ee82164acd190067400d50f236fbb6004c0002fe3c09e4cf2d71752865140b,940b5b3d2a3d6c3c,True,
Training,Training/pituitary/Tr-pi_0227.jpg,pituitary,30598,512,512,RGB,JPEG,a1ee82164acd190067400d50f236fbb6004c0002fe3c09e4cf2d71752865140b,940b5b3d2a3d6c3c,True,
Training,Training/notumor/Tr-no_0429.jpg,notumor,5706,173,201,RGB,JPEG,7b7fcf8f635b7328153076258bd5fddc6562c43bf24614148c2440a1d2062d26,94166bed2fd2250e,True,
Training,Training/notumor/Tr-no_1414.jpg,notumor,5732,173,201,RGB,JPEG,6ced304ed3adbe48aeba4e5d4731d7702b9afd5ec8564588335ef0db4e37ee4d,94166bed2fd2250e,True,
Testing,Testing/pituitary/Te-pi_0055.jpg,pituitary,36127,512,512,RGB,JPEG,b5e17076d1427e41a618f92bc72100c1be4df26608223512aac51c911ac1eb88,941b5e1a7ac63969,True,
Training,Training/pituitary/Tr-pi_0701.jpg,pituitary,36127,512,512,RGB,JPEG,b5e17076d1427e41a618f92bc72100c1be4df26608223512aac51c911ac1eb88,941b5e1a7ac63969,True,
Training,Training/notumor/Tr-no_0061.jpg,notumor,9821,236,236,RGB,JPEG,9e4d567cc1c9654db6c31518f61e6f3832fd18f2c07551468ab0becf30ccd345,942f7a606bfc6143,True,
Testing,Testing/notumor/Te-no_0015.jpg,notumor,12375,236,236,RGB,JPEG,0ac00682257258ee21f7c81af7bc22efbbbb4385e67e4d005f2000ad3b85561b,942f7a606bfc6143,True,
Training,Training/notumor/Tr-no_0518.jpg,notumor,9720,232,217,RGB,JPEG,a1a28845e45e575a6456513331c78c700aede806af4c05f3ba32c31fb0d09ac3,943516454f6b7ab4,True,
Training,Training/notumor/Tr-no_1468.jpg,notumor,9671,232,217,RGB,JPEG,9e3370a38da7cc705145018245022d2ee3e67db2b09d6bab21078f84a799d2da,943516454f6b7ab4,True,
Training,Training/notumor/Tr-no_0091.jpg,notumor,9995,236,263,RGB,JPEG,19d1e5fece32f25cffe40d78ee005f41ff3c2598c7765ed122ffb29518274326,943f7a6069e72592,True,
Training,Training/notumor/Tr-no_0985.jpg,notumor,9995,236,263,RGB,JPEG,19d1e5fece32f25cffe40d78ee005f41ff3c2598c7765ed122ffb29518274326,943f7a6069e72592,True,
Training,Training/notumor/Tr-no_0345.jpg,notumor,9995,236,263,RGB,JPEG,19d1e5fece32f25cffe40d78ee005f41ff3c2598c7765ed122ffb29518274326,943f7a6069e72592,True,
Testing,Testing/notumor/Te-no_0081.jpg,notumor,9995,236,263,RGB,JPEG,19d1e5fece32f25cffe40d78ee005f41ff3c2598c7765ed122ffb29518274326,943f7a6069e72592,True,
Testing,Testing/notumor/Te-no_0035.jpg,notumor,9995,236,263,RGB,JPEG,19d1e5fece32f25cffe40d78ee005f41ff3c2598c7765ed122ffb29518274326,943f7a6069e72592,True,
Training,Training/notumor/Tr-no_0219.jpg,notumor,111486,755,824,RGB,JPEG,cc336bb30a64c66a0897e048331ca9818b553b8d0c313ed4980971c5b8ea1b46,9443481f6b691f6d,True,
Training,Training/notumor/Tr-no_0375.jpg,notumor,20013,235,257,RGB,JPEG,0e4c329816794910ea5acc4201d05217b93c22bbf138aa55cee98ae7680e1320,9443481f6b691f6d,True,
Training,Training/notumor/Tr-no_0193.jpg,notumor,111486,755,824,RGB,JPEG,cc336bb30a64c66a0897e048331ca9818b553b8d0c313ed4980971c5b8ea1b46,9443481f6b691f6d,True,
Training,Training/meningioma/Tr-me_0364.jpg,meningioma,24592,530,526,RGB,JPEG,b7e81c22bf6e933905cee1abef434f59f4f597b36e290ed1952c8adf3e23652b,945a4b693e357865,True,
Testing,Testing/meningioma/Te-meTr_0009.jpg,meningioma,34176,530,526,RGB,JPEG,efbb74c524ab95fae4c5ff626880c4a7f23d066111ff682ae04c32b5c422af13,945a4b693e357865,True,
Training,Training/notumor/Tr-no_1148.jpg,notumor,10268,196,257,RGB,JPEG,2e6b3edd254ee191e482f071b4b08677fc0a4fe40f3e2a8e3df67165c9e3cf72,946e4a216f973cd2,True,
Training,Training/notumor/Tr-no_0997.jpg,notumor,7865,196,257,RGB,JPEG,0e26eb1cc143b940fe223f1023625355992ee21e77e3ff1ee4cfd5764198989f,946e4a216f973cd2,True,
Training,Training/notumor/Tr-no_1417.jpg,notumor,9422,227,262,RGB,JPEG,bfb2ba1aaacaa90bf7eac52cf8953ca98abbb7070f91051a908e092d294bdb8c,946e7be5687061d1,True,
Training,Training/notumor/Tr-no_1132.jpg,notumor,9125,227,262,RGB,JPEG,4e2da5e2fcdf333fce0bc4b5c7f641178b6325c40c4d1119e609cf7dee719873,946e7be5687061d1,True,
Testing,Testing/notumor/Te-no_0377.jpg,notumor,11738,227,262,RGB,JPEG,a166849da7c11fa637dfa5c3d05b0ff31687c70b611830bed9e71e6d8300dfc4,946e7be5687061d1,True,
Training,Training/meningioma/Tr-me_0282.jpg,meningioma,7925,214,216,RGB,JPEG,f3fec5bf88028bff924a9866b3efc5711b6a4f4f1bce52692ddef89db1d2996b,947a4b693e257865,True,
Testing,Testing/meningioma/Te-me_0105.jpg,meningioma,10921,214,216,RGB,JPEG,65a902fcdd43caafbfd32f996cda5eb70f49870ae04b457e63b4e12149168225,947a4b693e257865,True,
Training,Training/notumor/Tr-no_1460.jpg,notumor,10441,196,257,RGB,JPEG,c39002f0707b330af0043db8c58aed85b4b13dd79da7f442a444d496a832d1c9,94914ade6f683c2d,True,
Training,Training/notumor/Tr-no_1515.jpg,notumor,10772,196,257,RGB,JPEG,8f62e2711e8a47fed04ec2b58ed3c7f00765dc8152779657130c83c50c642a56,94914ade6f683c2d,True,
Testing,Testing/notumor/Te-no_0231.jpg,notumor,10847,196,257,RGB,JPEG,31cfa0658fc9cc6ba069c9c636328a0f46ab4d2b9b8dbd7a8fb643fa2e3823ac,94914ade6f683c2d,True,
Training,Training/notumor/Tr-no_1335.jpg,notumor,12254,227,262,RGB,JPEG,5668800a67d13c63586c08dfb5b7728ca279819f6112076bee641871d20063a1,94917b5a68cf612e,True,
Testing,Testing/notumor/Te-no_0238.jpg,notumor,9282,227,262,RGB,JPEG,70abbc769638ec5b8a2131f711c0818fcea2200efeade66b056c0304b8d6ac15,94917b5a68cf612e,True,
Training,Training/notumor/Tr-no_1439.jpg,notumor,9229,227,262,RGB,JPEG,8f4ef79856f1fc0a9cb81ee959c78c85df8d9c7b37a1f290f453a5f8c84f123e,94917b5a68cf612e,True,
Testing,Testing/meningioma/Te-me_0047.jpg,meningioma,35979,343,367,RGB,JPEG,1940c7f8e7f72ab5b9e674953238fcb4b63ccf6d3d320661e57511070655b5aa,9492166b794e6ae9,True,
Training,Training/meningioma/Tr-me_0226.jpg,meningioma,33124,343,367,RGB,JPEG,09efecdd6ab7be71c5bce1f0b9d293ca126d1b49c5f1c7c6baff17a65fbbf8c9,9492166b794e6ae9,True,
Training,Training/meningioma/Tr-me_0616.jpg,meningioma,28082,512,512,RGB,JPEG,451f339dbf4d33864e0dd8940f533bbeddda6492cf60bb15615342bd467cc721,94957a1a3f687839,True,
Training,Training/meningioma/Tr-me_0617.jpg,meningioma,28082,512,512,RGB,JPEG,451f339dbf4d33864e0dd8940f533bbeddda6492cf60bb15615342bd467cc721,94957a1a3f687839,True,
Training,Training/glioma/Tr-gl_0144.jpg,glioma,14946,512,512,L,JPEG,80fd3e27df1d9f8ff58dbc60cd3638560d5e2900ef62a94dedbe31fe0e13e080,94967ada61696365,True,
Training,Training/glioma/Tr-gl_0143.jpg,glioma,15487,512,512,L,JPEG,7cb479ac3290e8b903cd1d3a91dcfdda3269446b7c996591b0f5784bf520bba4,94967ada61696365,True,
Training,Training/notumor/Tr-no_1029.jpg,notumor,6924,232,217,RGB,JPEG,e615defa5c0de164da4b279d1c8d9102250cd5b5189de0f5ca4596e7dc90fca2,94ca16ba4f947a4b,True,
Training,Training/notumor/Tr-no_1437.jpg,notumor,9296,232,217,RGB,JPEG,a23838b6281d2fe4496c1122ae4c2284ece545a009577438ed49577df3b1a5c5,94ca16ba4f947a4b,True,
Training,Training/pituitary/Tr-pi_0107.jpg,pituitary,33614,512,512,RGB,JPEG,dea65808e631f46024aaa034984629ab8a455f2b951ca7022f12fa9e62b7c8ff,950a57783e7d6831,True,
Training,Training/pituitary/Tr-pi_0108.jpg,pituitary,33614,512,512,RGB,JPEG,dea65808e631f46024aaa034984629ab8a455f2b951ca7022f12fa9e62b7c8ff,950a57783e7d6831,True,
Testing,Testing/meningioma/Te-me_0083.jpg,meningioma,10120,226,214,RGB,JPEG,8238d1f576cd9a0d6fb599baa2dec1f08b8d9355412d1cf91db367a8729da07f,950a76796ae06b35,True,
Training,Training/meningioma/Tr-me_0260.jpg,meningioma,7285,226,214,RGB,JPEG,c8f4e6c756ce13736de8efe827079034e0265bd4dc9379f194c819c90dee49e1,950a76796ae06b35,True,
Testing,Testing/pituitary/Te-piTr_0006.jpg,pituitary,25538,512,512,RGB,JPEG,e70846e753bbfee41eb1694d480d066b48ec015b5a1e9ebb7c8bc6afa5251765,950a7e792ce121e7,True,
Training,Training/pituitary/Tr-pi_0533.jpg,pituitary,24991,512,512,RGB,JPEG,191ce712494ccfda4f1a2a43f3c6c8e8530a34774c3d6df1b4b6221d23b3d77c,950a7e792ce121e7,True,
Training,Training/notumor/Tr-no_0174.jpg,notumor,72192,926,649,RGB,JPEG,ca0417b4c4dc6ac92ebdeeb71231b1a60a16299d04b7735c1bf725aa0649d8c2,950f453b0ee77630,True,
Training,Training/notumor/Tr-no_0189.jpg,notumor,72192,926,649,RGB,JPEG,ca0417b4c4dc6ac92ebdeeb71231b1a60a16299d04b7735c1bf725aa0649d8c2,950f453b0ee77630,True,
Training,Training/notumor/Tr-no_0374.jpg,notumor,18796,236,236,RGB,JPEG,85c8594ea52ea7c8d812d2c4565ef0aa079ab021f4936b623f64bd7878ec0c6a,951b6e703be63198,True,
Training,Training/notumor/Tr-no_0129.jpg,notumor,20820,236,236,RGB,JPEG,b91fea611b8064eb12f0682b4c1f24d6b16fb0a536b8c3f5c059a2c156a82294,951b6e703be63198,True,
Training,Training/notumor/Tr-no_0445.jpg,notumor,16653,393,400,RGB,JPEG,233a5d8b0deeed1fc4a2d8ba343d38c761b76ed8b751945e350ca7e03aaefda5,951e7ae0697139c9,True,
Testing,Testing/notumor/Te-no_0349.jpg,notumor,16651,393,400,RGB,JPEG,41299da0044d82254ecf8d0f6873977039c7dc4b67de43f26404a4ce2e92bd3f,951e7ae0697139c9,True,
Testing,Testing/notumor/Te-no_0074.jpg,notumor,14039,211,236,RGB,JPEG,812a2c6599255067e9752c7d0037f409d91f7336f42d7af3440fb5c2c91e8da1,95386f616a873b98,True,
Training,Training/notumor/Tr-no_0337.jpg,notumor,14039,211,236,RGB,JPEG,812a2c6599255067e9752c7d0037f409d91f7336f42d7af3440fb5c2c91e8da1,95386f616a873b98,True,
Training,Training/notumor/Tr-no_0062.jpg,notumor,12956,212,236,RGB,JPEG,040daff6e5eb6eaa70b0f175576954db75ab0f754d1877736f019dccac1a2bd2,95386f616a873d98,True,
Testing,Testing/notumor/Te-no_0017.jpg,notumor,14040,212,236,RGB,JPEG,39c0884fa9dfa4bf3e2464f41480e240ad7db4eded8a5b1ced54c772956746e1,95386f616a873d98,True,
Training,Training/notumor/Tr-no_1159.jpg,notumor,14040,212,236,RGB,JPEG,39c0884fa9dfa4bf3e2464f41480e240ad7db4eded8a5b1ced54c772956746e1,95386f616a873d98,True,
Testing,Testing/meningioma/Te-me_0053.jpg,meningioma,33987,442,442,RGB,JPEG,d2e28f585c7aec0c59898578a258d64189c62a1845bde369407e3766b648d868,953b6a3c25e4708f,True,
Training,Training/meningioma/Tr-me_0232.jpg,meningioma,26037,442,442,RGB,JPEG,edaff90338db46c64d17412392dc68cd9493db0ebc3211c51a93021baa25ef09,953b6a3c25e4708f,True,
Training,Training/notumor/Tr-no_0343.jpg,notumor,14041,210,234,RGB,JPEG,4c6238dc9771a99b1623932047fd64d5eb26d25cc294916c516b85e261c8ab46,953e6ae06a9939c9,True,
Testing,Testing/notumor/Te-no_0079.jpg,notumor,14041,210,234,RGB,JPEG,4c6238dc9771a99b1623932047fd64d5eb26d25cc294916c516b85e261c8ab46,953e6ae06a9939c9,True,
Testing,Testing/notumor/Te-no_0024.jpg,notumor,14271,209,234,RGB,JPEG,1fe1db4adc37442001e9e054e3a990efa31b7db7cdb0a3d2711afbf346f9094b,953e7aa06a9939c9,True,
Training,Training/notumor/Tr-no_0290.jpg,notumor,14271,209,234,RGB,JPEG,1fe1db4adc37442001e9e054e3a990efa31b7db7cdb0a3d2711afbf346f9094b,953e7aa06a9939c9,True,
Training,Training/notumor/Tr-no_0161.jpg,notumor,45788,417,424,RGB,JPEG,49db0659a53802695ac4af817cff544f8034e7c9883a6751e0e321c86337f86a,953e7ae868671964,True,
Training,Training/notumor/Tr-no_1116.jpg,notumor,45788,417,424,RGB,JPEG,49db0659a53802695ac4af817cff544f8034e7c9883a6751e0e321c86337f86a,953e7ae868671964,True,
Training,Training/notumor/Tr-no_0083.jpg,notumor,18977,236,216,RGB,JPEG,60d4458ae9b5588d5a4bdd78908e388d839ac6247fe559c3e2ab9169c62b9d23,954a14394afd1bda,True,
Training,Training/notumor/Tr-no_0296.jpg,notumor,64101,629,585,RGB,JPEG,7259b858528de164f36d6751cdd6f34ef5579aa8a233314c0996accf49be6d34,954a14394afd1bda,True,
Training,Training/notumor/Tr-no_0348.jpg,notumor,18286,236,236,RGB,JPEG,cae1e3ac8a29d55a9f7c0638c1d26be1d91a18c26715459dfcfa56a26317c11b,954a1f52e95ab86c,True,
Testing,Testing/notumor/Te-no_0085.jpg,notumor,18286,236,236,RGB,JPEG,cae1e3ac8a29d55a9f7c0638c1d26be1d91a18c26715459dfcfa56a26317c11b,954a1f52e95ab86c,True,
Training,Training/notumor/Tr-no_0118.jpg,notumor,17506,236,236,RGB,JPEG,1e1a27e88f2812b4b950fca09bf5f4b8fe20514826756ac69b37b43c0c73214b,954a46797aa67859,True,
Training,Training/notumor/Tr-no_0123.jpg,notumor,17506,236,236,RGB,JPEG,1e1a27e88f2812b4b950fca09bf5f4b8fe20514826756ac69b37b43c0c73214b,954a46797aa67859,True,
Training,Training/notumor/Tr-no_0136.jpg,notumor,17506,236,236,RGB,JPEG,1e1a27e88f2812b4b950fca09bf5f4b8fe20514826756ac69b37b43c0c73214b,954a46797aa67859,True,
Testing,Testing/meningioma/Te-me_0086.jpg,meningioma,11067,225,225,RGB,JPEG,8aaadd0f631a11d4e11796b9afc422aea41548c3b9607b338377f3002747101e,954a473bb26d6893,True,
Training,Training/meningioma/Tr-me_0263.jpg,meningioma,7865,225,225,RGB,JPEG,43d69187c66f53cf5bbfaad79bdeda18678b2bde8f1c144c051e4a8ae1f53fe5,954a473bb26d6893,True,
Training,Training/meningioma/Tr-me_0178.jpg,meningioma,47179,472,546,RGB,JPEG,9caa6d599f0ac5f111c5d81e3ac9c67be237310a05cad476d63e111b31725152,954a4a92164f3bdb,True,
Testing,Testing/meningioma/Te-me_0012.jpg,meningioma,51430,472,546,RGB,JPEG,41bc0c7b4079d2fa8df7b97827a1d9fae68706e6c6457f43186d583da94c6df2,954a4a92164f3bdb,True,
Training,Training/meningioma/Tr-me_0275.jpg,meningioma,13746,200,235,RGB,JPEG,e29bcad3a9669e308de687b578cb0b414b4fd17020fc63b1f350b06026337139,954a4a97164f7f18,True,
Testing,Testing/meningioma/Te-me_0098.jpg,meningioma,15038,200,235,RGB,JPEG,20c540c392630d5bba27c8a6c47a1933df2a9803135b061ef80652904e810432,954a4a97164f7f18,True,
Testing,Testing/notumor/Te-no_0036.jpg,notumor,18147,236,236,RGB,JPEG,5dc458fca643f408eb0da30575e47f363f70ce78a3a14f1b8452139696512b00,954a5ead69c5619c,True,
Training,Training/notumor/Tr-no_0102.jpg,notumor,18147,236,236,RGB,JPEG,5dc458fca643f408eb0da30575e47f363f70ce78a3a14f1b8452139696512b00,954a5ead69c5619c,True,
Training,Training/notumor/Tr-no_0968.jpg,notumor,18147,236,236,RGB,JPEG,5dc458fca643f408eb0da30575e47f363f70ce78a3a14f1b8452139696512b00,954a5ead69c5619c,True,
Training,Training/notumor/Tr-no_0099.jpg,notumor,69322,655,602,RGB,JPEG,f9ab73351fe5dd8b0cac9d28282c9faff3f83bb3aad1a4fb2769c6e94cb25eb4,954b1e790afe6918,True,
Training,Training/notumor/Tr-no_0181.jpg,notumor,69322,655,602,RGB,JPEG,f9ab73351fe5dd8b0cac9d28282c9faff3f83bb3aad1a4fb2769c6e94cb25eb4,954b1e790afe6918,True,
Training,Training/notumor/Tr-no_1039.jpg,notumor,15855,205,249,RGB,JPEG,0d68dc0d87d099ad046fac3ec1359db1561e1c5d45a43e7c91e02a9f2f393df8,9552066b9f691e65,True,
Testing,Testing/notumor/Te-no_0010.jpg,notumor,15855,205,249,RGB,JPEG,0d68dc0d87d099ad046fac3ec1359db1561e1c5d45a43e7c91e02a9f2f393df8,9552066b9f691e65,True,
Training,Training/notumor/Tr-no_0055.jpg,notumor,14435,205,249,RGB,JPEG,f312e388a4ef96442e3e21fbbfd789d5d5b0f66a7a5dc73a69fc0bfc59a8ab11,9552066b9f691e65,True,
Training,Training/notumor/Tr-no_0073.jpg,notumor,14611,233,210,RGB,JPEG,29f5011764730ed401f04b4978195c0b9fcedb005c3408f89a7586259cb1b675,955a363a3ab17361,True,
Training,Training/notumor/Tr-no_0078.jpg,notumor,14611,233,210,RGB,JPEG,29f5011764730ed401f04b4978195c0b9fcedb005c3408f89a7586259cb1b675,955a363a3ab17361,True,
Training,Training/notumor/Tr-no_0627.jpg,notumor,11611,206,244,RGB,JPEG,08f619571de6da9c1c6f14ee658eeaac3085687e6ec61183f18f579e5faa6145,95605bcc3a846f8f,True,
Training,Training/notumor/Tr-no_1574.jpg,notumor,11323,206,244,RGB,JPEG,ed0fcbbc6d436f8544a6f821920635e5b9b9ccaa5a3c6eb79be0976df19e0bdb,95605bcc3a846f8f,True,
Training,Training/notumor/Tr-no_1064.jpg,notumor,7041,206,244,RGB,JPEG,fa0c1c4fb6eabf57c61ae1afd2f24efd5aa69d47a6df7d468579cdee91a86c8a,95625bec3a84689f,True,
Training,Training/notumor/Tr-no_0020.jpg,notumor,7041,206,244,RGB,JPEG,fa0c1c4fb6eabf57c61ae1afd2f24efd5aa69d47a6df7d468579cdee91a86c8a,95625bec3a84689f,True,
Training,Training/notumor/Tr-no_1192.jpg,notumor,6890,206,244,RGB,JPEG,1282b728ea8af80b1d72048d4535d7dc555e03caad8f6a8bd5deb03f9f3084e6,95625bec3a846a9e,True,
Training,Training/notumor/Tr-no_1006.jpg,notumor,5033,206,244,RGB,JPEG,0223943a2b28b7ae5e7836f590dc9d3576b2b80202392a3692f2b4df830ab50e,95625bec3a846a9e,True,
Testing,Testing/notumor/Te-no_0222.jpg,notumor,7468,206,244,RGB,JPEG,335734a53bb7b0e40e80fb3a9b48581ea07d6fe359d8418f8a1fcc33576408d0,95625bec3a846a9e,True,
Training,Training/notumor/Tr-no_1065.jpg,notumor,6895,206,244,RGB,JPEG,8a7eb14a7e419d4a71874ff2da3bf8a0e56b44d237f558720f9ad516f27b151c,95625bec3a846a9e,True,
Testing,Testing/notumor/Te-no_0298.jpg,notumor,9054,206,244,RGB,JPEG,fd9011ef7b383abab4862b3bfe0cff93c0e8c3f6fa5d7547164b805346b60988,95625bec3a846c8f,True,
Training,Training/notumor/Tr-no_0498.jpg,notumor,10156,206,244,RGB,JPEG,03bb9c99ad697aa275960fbd9e11dc1bd23ae388fde6b6ea27bc3f67002768fc,95625bec3a846c8f,True,
Training,Training/notumor/Tr-no_1114.jpg,notumor,28313,350,350,RGB,JPEG,43c7fb765b0d878dca03cd26cb414b56a2e3280ce2510f3a84dac11003bbd0a0,956a6e35383332ce,True,
Training,Training/notumor/Tr-no_0111.jpg,notumor,28313,350,350,RGB,JPEG,43c7fb765b0d878dca03cd26cb414b56a2e3280ce2510f3a84dac11003bbd0a0,956a6e35383332ce,True,
Training,Training/notumor/Tr-no_0159.jpg,notumor,28313,350,350,RGB,JPEG,43c7fb765b0d878dca03cd26cb414b56a2e3280ce2510f3a84dac11003bbd0a0,956a6e35383332ce,True,
Training,Training/notumor/Tr-no_0255.jpg,notumor,17032,224,262,RGB,JPEG,e834d68ccf89fc7d5f8a93f0718fb614dd3591102ee4ed5c5d851ac43dbd9e1c,956b56696a942d96,True,
Testing,Testing/notumor/Te-noTr_0004.jpg,notumor,17032,224,262,RGB,JPEG,e834d68ccf89fc7d5f8a93f0718fb614dd3591102ee4ed5c5d851ac43dbd9e1c,956b56696a942d96,True,
Training,Training/meningioma/Tr-me_0253.jpg,meningioma,11209,239,248,RGB,JPEG,5cf790ecbaf61047d2be14e69a561ed21192a69336555ddd0180096f75feb074,956e1e7863623963,True,
Testing,Testing/meningioma/Te-me_0075.jpg,meningioma,13855,239,248,RGB,JPEG,c1a08f474188d182e6243e1a4655f9731307c63399e7ada68048c588dfb990ed,956e1e7863623963,True,
Training,Training/notumor/Tr-no_0260.jpg,notumor,16158,278,253,RGB,JPEG,49d44a7fd256a35903b981a4c7fbd2c3adc0f87f24ed0cf34d83a91aa13441b0,957a7ae1781621a7,True,
Testing,Testing/notumor/Te-noTr_0006.jpg,notumor,16158,278,253,RGB,JPEG,49d44a7fd256a35903b981a4c7fbd2c3adc0f87f24ed0cf34d83a91aa13441b0,957a7ae1781621a7,True,
Testing,Testing/notumor/Te-no_0158.jpg,notumor,9495,228,221,RGB,JPEG,5be76f126b6d2cdf17bc2d380d579e3ff030873529c62c9a4530eed2f1cb55fa,95856ada69da2ccc,True,
Training,Training/notumor/Tr-no_1211.jpg,notumor,8640,228,221,RGB,JPEG,e55bb9a6583a9504dbc7db02b03c81ff314943755f5b14faf4b405a61daf4edc,95856ada69da2ccc,True,
Training,Training/notumor/Tr-no_0668.jpg,notumor,9404,228,221,RGB,JPEG,4de334efcbc030b2c983f0f527254fecd00a26f0c313aedd9883f506847529b3,95856ada69da2ccc,True,
Training,Training/notumor/Tr-no_0137.jpg,notumor,13582,236,236,RGB,JPEG,25c13de1f058a3b2d081828fab9a6589ac1feba9a0c3963e8033115e3b9bc2ee,95865e78782d6672,True,
Training,Training/notumor/Tr-no_0128.jpg,notumor,13582,236,236,RGB,JPEG,25c13de1f058a3b2d081828fab9a6589ac1feba9a0c3963e8033115e3b9bc2ee,95865e78782d6672,True,
Training,Training/notumor/Tr-no_0132.jpg,notumor,18352,236,236,RGB,JPEG,8c7a08207a2f8e5bf03ed590b3a482491a6abeb9b233a40604f3422065424112,958b6e3829e46979,True,
Training,Training/notumor/Tr-no_0130.jpg,notumor,18352,236,236,RGB,JPEG,8c7a08207a2f8e5bf03ed590b3a482491a6abeb9b233a40604f3422065424112,958b6e3829e46979,True,
Training,Training/notumor/Tr-no_0116.jpg,notumor,18352,236,236,RGB,JPEG,8c7a08207a2f8e5bf03ed590b3a482491a6abeb9b233a40604f3422065424112,958b6e3829e46979,True,
Training,Training/notumor/Tr-no_0371.jpg,notumor,18095,236,236,RGB,JPEG,fa212e03ec1757d375fc594d6f8884ff22b43b091d37dd1b7589a236289a6421,958b6e3829e46979,True,
Training,Training/notumor/Tr-no_0244.jpg,notumor,64566,724,851,RGB,JPEG,7a7fcfb55378e4367cb3f163dc510df7e4b5f95d8fee5e4407b6ef397d56e243,958f3a6a69c0387b,True,
Training,Training/notumor/Tr-no_1139.jpg,notumor,64566,724,851,RGB,JPEG,7a7fcfb55378e4367cb3f163dc510df7e4b5f95d8fee5e4407b6ef397d56e243,958f3a6a69c0387b,True,
Training,Training/notumor/Tr-no_1359.jpg,notumor,8228,225,225,RGB,JPEG,193b1ca0bd3352e41e46d90ae247d0c706e61579889e814403de1c091bfe9bf1,95987aa76e68989c,True,
Training,Training/notumor/Tr-no_1585.jpg,notumor,8224,225,225,RGB,JPEG,60506456714ce82a48c1410a0bb0edbab95fa05edab712fc4d50ac62ff881cd6,95987aa76e68989c,True,
Testing,Testing/meningioma/Te-meTr_0007.jpg,meningioma,24573,262,308,RGB,JPEG,10349e0d5645628fe11b685fdb2396ebb7100a8257cd5d8f1e488bb8d92c131b,959a454e169b6b8b,True,
Training,Training/meningioma/Tr-me_0197.jpg,meningioma,22860,262,308,RGB,JPEG,dcdedbce322da66be987e07d9595a8ed0f27df8ab9c06e450299c87caf20ead7,959a454e169b6b8b,True,
Training,Training/notumor/Tr-no_0376.jpg,notumor,18704,236,250,RGB,JPEG,ef375318c39dd3089fb381021b975d732f5e2107e9c40acfa22a6a8b18fff8b5,959a4f357a8c6c1a,True,
Training,Training/notumor/Tr-no_0088.jpg,notumor,16922,236,250,RGB,JPEG,957befb0c21fb7516256b50dc0bc5547436412fcd3d2288d4b776d4977a9f970,959a4f357a8c6c1a,True,
Testing,Testing/notumor/Te-no_0236.jpg,notumor,7615,206,244,RGB,JPEG,379e628dcef2c16fb0e235fe11fa1cdb8c1933ba90b50450ad09ca582818c607,959d5b123a7a6b60,True,
Training,Training/notumor/Tr-no_0754.jpg,notumor,7480,206,244,RGB,JPEG,c87ac0be7cb4716bca03b19476d0c76211a89091694922d833682205e2871ebc,959d5b123a7a6b60,True,
Testing,Testing/notumor/Te-no_0360.jpg,notumor,7317,206,244,RGB,JPEG,4027f57058e5a0c1588162fc70b04a2662d37b194561b7c2345a1022572b1039,959d5b123a7a6b60,True,
Training,Training/notumor/Tr-no_1491.jpg,notumor,9261,206,244,RGB,JPEG,e07a87bafac05a5c65dde219c38a3692ea0d8e7ce478e43da873a99919c704a2,959d5b123a7b6c60,True,
Training,Training/notumor/Tr-no_0513.jpg,notumor,10096,206,244,RGB,JPEG,2bd550d2ddfec59aa815aedfad99541a90e7bdf7d78fe88fe739cfb5ad4fe3b5,959d5b123a7b6c60,True,
Training,Training/notumor/Tr-no_0249.jpg,notumor,23703,321,351,RGB,JPEG,53765f8fc313f7684b0df4547a89e27ecae20ae66c60ee26318fc9f1a301de8d,959f5ae8298169cb,True,
Testing,Testing/notumor/Te-no_0101.jpg,notumor,23703,321,351,RGB,JPEG,53765f8fc313f7684b0df4547a89e27ecae20ae66c60ee26318fc9f1a301de8d,959f5ae8298169cb,True,
Training,Training/notumor/Tr-no_0077.jpg,notumor,14151,210,213,RGB,JPEG,6f3bdbdba45d1f985b33e51c93c318e0f04f2c3186dfae874050a99a11b1af02,959f7e702be06123,True,
Training,Training/notumor/Tr-no_0072.jpg,notumor,14151,210,213,RGB,JPEG,6f3bdbdba45d1f985b33e51c93c318e0f04f2c3186dfae874050a99a11b1af02,959f7e702be06123,True,
Training,Training/notumor/Tr-no_0370.jpg,notumor,14989,236,220,RGB,JPEG,9a1a7d12c935c0029511710dba377c2d37ecf4924ec19c1644b6116b48c33610,95da5e394acc3998,True,
Training,Training/notumor/Tr-no_0133.jpg,notumor,14989,236,220,RGB,JPEG,9a1a7d12c935c0029511710dba377c2d37ecf4924ec19c1644b6116b48c33610,95da5e394acc3998,True,
Training,Training/notumor/Tr-no_1572.jpg,notumor,5583,173,201,RGB,JPEG,9c83e0a0be08e43bb596822caf1bc8c534851e17e93863bdde8760e475749536,96166aed2fd2250e,True,
Testing,Testing/notumor/Te-no_0148.jpg,notumor,7665,173,201,RGB,JPEG,2c000cfc8d3325be871344a66bea3f21fe7dfce4f456895f0b2d00f52340f866,96166aed2fd2250e,True,
Training,Training/notumor/Tr-no_1305.jpg,notumor,7521,173,201,RGB,JPEG,ad230bf0aebb24de6ceeb950bb13077474db5226b3944333fe425795012f62ac,96166aed2fd2250e,True,
Training,Training/notumor/Tr-no_1507.jpg,notumor,7100,173,201,RGB,JPEG,38fbdf5a92e342a807e00b9fd622c72f379d6addcf01244ff721a2dad00e34db,96166aed2fd2250e,True,
Training,Training/notumor/Tr-no_0572.jpg,notumor,36340,630,630,RGB,JPEG,1c62114d3764a574332b44ab41847ac1b2104db7bd4cc92f47f3871632b67e4a,96386a716dc534e3,True,
Training,Training/notumor/Tr-noTr_0005.jpg,notumor,34394,630,630,RGB,JPEG,5a66211168e2f92209f3aee80fe618a1555144bada16fdc2035d1780321c02cf,96386a716dc534e3,True,
Training,Training/notumor/Tr-no_1188.jpg,notumor,34504,630,630,RGB,JPEG,8530b175ac1df0c0a4f09e325732cee2ae63b42d144b702648d8e6fcb47559bb,96386a716dc534e3,True,
Training,Training/notumor/Tr-no_0183.jpg,notumor,13213,225,225,RGB,JPEG,8df1125bc5a3901ae602be99db7d676e79744a93eb6ed69de91b86cdb087a7a1,96386a716dc534e3,True,
Training,Training/notumor/Tr-no_0029.jpg,notumor,34394,630,630,RGB,JPEG,5a66211168e2f92209f3aee80fe618a1555144bada16fdc2035d1780321c02cf,96386a716dc534e3,True,
Training,Training/notumor/Tr-no_1003.jpg,notumor,82291,630,630,RGB,JPEG,96eb6967090f99bcc7806d2bf9f194abcd66c9de089a1f642c1939cbc11e727b,96386a716dc534e3,True,
Training,Training/notumor/Tr-no_0706.jpg,notumor,8770,225,225,RGB,JPEG,dfcdd1f41c110b6a2854c5db3512734c82e77bad2d11df796803f5f816bcb736,96386a716dc534e3,True,
Training,Training/notumor/Tr-no_1009.jpg,notumor,34722,630,630,RGB,JPEG,04248c478f495a3c88d414971223bcb94f659a66cf6a47fc22918ea94559e154,96386a716dc534e3,True,
Training,Training/notumor/Tr-no_1177.jpg,notumor,13213,225,225,RGB,JPEG,8df1125bc5a3901ae602be99db7d676e79744a93eb6ed69de91b86cdb087a7a1,96386a716dc534e3,True,
Training,Training/notumor/Tr-no_0973.jpg,notumor,7079,225,225,RGB,JPEG,2d304e407ec526c967006fb16fb1c48c14e2971c54737bbc850d4b62ba3cbe85,96386a716dc534e3,True,
Testing,Testing/notumor/Te-no_0169.jpg,notumor,44881,630,630,RGB,JPEG,2984d6e0a2c03beb58f70d68d4f118329a18213180cea0365a28b4109111939f,96386ae16d6334e3,True,
Training,Training/notumor/Tr-no_0795.jpg,notumor,68106,630,630,RGB,JPEG,6df1939c7a7aa989609421eeded83808d31d19f837ee9d4d070981aa0edc311f,96386ae16d6334e3,True,
Training,Training/notumor/Tr-no_0902.jpg,notumor,8743,225,225,RGB,JPEG,35eedef6d88044cc5e8e4fcd5cc17cd082618c64f04b98de57f85b85381d2bb6,96386af169c534e3,True,
Training,Training/notumor/Tr-no_0559.jpg,notumor,9126,225,225,RGB,JPEG,67850a5361df8dc320baf82e8bdf37cc496bb5d6ea91b17cdceab32a7cdd5cdb,96386af169c534e3,True,
Training,Training/notumor/Tr-no_0341.jpg,notumor,10709,234,218,RGB,JPEG,c3f2d52e1a996bea716774c0051492202d3bdf76fdb53f9ade2b5c6289a6cb36,96386de536c63097,True,
Testing,Testing/notumor/Te-no_0077.jpg,notumor,10709,234,218,RGB,JPEG,c3f2d52e1a996bea716774c0051492202d3bdf76fdb53f9ade2b5c6289a6cb36,96386de536c63097,True,
Testing,Testing/notumor/Te-no_0047.jpg,notumor,10709,234,218,RGB,JPEG,c3f2d52e1a996bea716774c0051492202d3bdf76fdb53f9ade2b5c6289a6cb36,96386de536c63097,True,
Training,Training/notumor/Tr-no_1181.jpg,notumor,10709,234,218,RGB,JPEG,c3f2d52e1a996bea716774c0051492202d3bdf76fdb53f9ade2b5c6289a6cb36,96386de536c63097,True,
Training,Training/notumor/Tr-no_0213.jpg,notumor,10709,234,218,RGB,JPEG,c3f2d52e1a996bea716774c0051492202d3bdf76fdb53f9ade2b5c6289a6cb36,96386de536c63097,True,
Training,Training/notumor/Tr-no_1545.jpg,notumor,7468,177,197,RGB,JPEG,680425f849399c93d5fb0130a72f25e80d45766a143b319f130101c5736ff7b6,963939b66949658e,True,
Training,Training/notumor/Tr-no_1381.jpg,notumor,7569,177,197,RGB,JPEG,764714ba40505a6169dc1eabab98eab43a03a74f77c1e5d80f3494510b3538f4,963939b66949658e,True,
Training,Training/notumor/Tr-no_0406.jpg,notumor,7488,177,197,RGB,JPEG,b9f2c8cb9d850f58dd0749ffc13035fb6ddbcd8e3b5d84b301d7bfbae68621ac,963939b66949658e,True,
Training,Training/notumor/Tr-no_0331.jpg,notumor,15159,236,260,RGB,JPEG,9af05acd768793e89fc6776c3af838b0bf0747cfc3a3737e1cd3af44ea09c930,963c68c331c7b798,True,
Testing,Testing/notumor/Te-no_0067.jpg,notumor,15159,236,260,RGB,JPEG,9af05acd768793e89fc6776c3af838b0bf0747cfc3a3737e1cd3af44ea09c930,963c68c331c7b798,True,
Training,Training/notumor/Tr-no_1088.jpg,notumor,15159,236,260,RGB,JPEG,9af05acd768793e89fc6776c3af838b0bf0747cfc3a3737e1cd3af44ea09c930,963c68c331c7b798,True,
Training,Training/notumor/Tr-no_0373.jpg,notumor,15159,236,260,RGB,JPEG,9af05acd768793e89fc6776c3af838b0bf0747cfc3a3737e1cd3af44ea09c930,963c68c331c7b798,True,
Testing,Testing/notumor/Te-noTr_0001.jpg,notumor,15159,236,260,RGB,JPEG,9af05acd768793e89fc6776c3af838b0bf0747cfc3a3737e1cd3af44ea09c930,963c68c331c7b798,True,
Testing,Testing/notumor/Te-no_0084.jpg,notumor,15159,236,260,RGB,JPEG,9af05acd768793e89fc6776c3af838b0bf0747cfc3a3737e1cd3af44ea09c930,963c68c331c7b798,True,
Testing,Testing/notumor/Te-no_0031.jpg,notumor,15159,236,260,RGB,JPEG,9af05acd768793e89fc6776c3af838b0bf0747cfc3a3737e1cd3af44ea09c930,963c68c331c7b798,True,
Training,Training/notumor/Tr-no_0051.jpg,notumor,12094,236,260,RGB,JPEG,22bf0f1e359f334d7346fe81383649fd75079daf61d151614dfdf9d19c766be4,963c68c331c7b798,True,
Training,Training/notumor/Tr-no_0347.jpg,notumor,15159,236,260,RGB,JPEG,9af05acd768793e89fc6776c3af838b0bf0747cfc3a3737e1cd3af44ea09c930,963c68c331c7b798,True,
Training,Training/notumor/Tr-no_0151.jpg,notumor,45175,512,512,RGB,JPEG,64eee5cd2516c265ea888fc3d784e97daed289385a487567e66b2aabacf50555,963c69c3649693ce,True,
Training,Training/notumor/Tr-no_1106.jpg,notumor,45175,512,512,RGB,JPEG,64eee5cd2516c265ea888fc3d784e97daed289385a487567e66b2aabacf50555,963c69c3649693ce,True,
Training,Training/notumor/Tr-no_0178.jpg,notumor,12785,225,225,RGB,JPEG,ef5addab9afd41d9a24d73711092b35f1610683975b03f80bff9d48d144970ef,963c69e3649683ce,True,
Training,Training/notumor/Tr-no_1180.jpg,notumor,6770,225,225,RGB,JPEG,e5c87d653a311de04785f51edbebb5cd06276ca38494f6a056e930f83015c46f,963c69e3649683ce,True,
Training,Training/notumor/Tr-no_1138.jpg,notumor,12785,225,225,RGB,JPEG,ef5addab9afd41d9a24d73711092b35f1610683975b03f80bff9d48d144970ef,963c69e3649683ce,True,
Training,Training/notumor/Tr-no_0705.jpg,notumor,8493,225,225,RGB,JPEG,a4586bdbaa4dd1f658ba2b59791b8a6d7dab26091573ca77df88769f14f79c4b,963c69e3649683ce,True,
Training,Training/notumor/Tr-no_0889.jpg,notumor,8426,225,225,RGB,JPEG,874e7c23b35e4c0e6aa61a39cdd6bd551643ac0a3a0c23931c82d5f9ef05e56e,963c69e36596838e,True,
Training,Training/notumor/Tr-no_0558.jpg,notumor,8630,225,225,RGB,JPEG,c59d4c3294098e50c969e58f7e834eb8146a5fb17b6b79660291a7c6a3cad4ad,963c69e36596838e,True,
Training,Training/notumor/Tr-no_0621.jpg,notumor,29674,630,630,L,JPEG,92798602663bb77a4849b098abede41c448e235b74d9c34f14424d3046619748,963e6df030cb330d,True,
Training,Training/notumor/Tr-no_1501.jpg,notumor,25163,630,630,L,JPEG,2a055cc23c75ea981e23554482566a4a60a130c27621bb4d70f888ca4c5f49ca,963e6df030cb330d,True,
Training,Training/notumor/Tr-no_1150.jpg,notumor,73953,600,605,RGB,JPEG,95ffabd6cfd94e094cd1af64396bfa75f578a012f52b23cbf8e5fa828ffa4863,966968b5719631dc,True,
Training,Training/notumor/Tr-no_0274.jpg,notumor,73953,600,605,RGB,JPEG,95ffabd6cfd94e094cd1af64396bfa75f578a012f52b23cbf8e5fa828ffa4863,966968b5719631dc,True,
Training,Training/notumor/Tr-no_0352.jpg,notumor,7577,236,236,RGB,JPEG,41d847d03ff8e8a80fde982029492adf6c622dc7d78fad2db48b14287c552296,96696996659b926c,True,
Training,Training/notumor/Tr-no_0052.jpg,notumor,5713,236,236,RGB,JPEG,f64c5b137db85b27a8d909dd0f0cdf9bcda986bae8ff2bd8491b25e45615c7b2,96696996659b926c,True,
Testing,Testing/notumor/Te-noTr_0007.jpg,notumor,7577,236,236,RGB,JPEG,41d847d03ff8e8a80fde982029492adf6c622dc7d78fad2db48b14287c552296,96696996659b926c,True,
Training,Training/notumor/Tr-no_1089.jpg,notumor,7577,236,236,RGB,JPEG,41d847d03ff8e8a80fde982029492adf6c622dc7d78fad2db48b14287c552296,96696996659b926c,True,
Testing,Testing/notumor/Te-no_0088.jpg,notumor,7577,236,236,RGB,JPEG,41d847d03ff8e8a80fde982029492adf6c622dc7d78fad2db48b14287c552296,96696996659b926c,True,
Training,Training/notumor/Tr-no_1079.jpg,notumor,78104,680,680,RGB,JPEG,e22f980ae6f8f79a1fd96c0e2711d06767493d2d7c19d885fd89f6207702c3f3,966a39a17ac56987,True,
Training,Training/notumor/Tr-no_1022.jpg,notumor,200227,680,680,RGB,JPEG,5e984e1fb53f99176d490aa0122a7ebe4f5421c3f1dfe2d0e865efe621b67884,966a39a17ac56987,True,
Testing,Testing/notumor/Te-no_0225.jpg,notumor,42529,680,680,RGB,JPEG,2a4d0ff348dec7f56acbe89f117f9c3a1c6cf49f850c34b9e64b82d962a5cb14,966a39a17ac56987,True,
Training,Training/notumor/Tr-no_0035.jpg,notumor,78104,680,680,RGB,JPEG,e22f980ae6f8f79a1fd96c0e2711d06767493d2d7c19d885fd89f6207702c3f3,966a39a17ac56987,True,
Training,Training/notumor/Tr-no_0281.jpg,notumor,15092,208,278,RGB,JPEG,2cd1096a6415c70403948e7aaac0694451619850a4ce545b4f9134b06401248b,966a6db77a9820d2,True,
Training,Training/notumor/Tr-no_1156.jpg,notumor,15092,208,278,RGB,JPEG,2cd1096a6415c70403948e7aaac0694451619850a4ce545b4f9134b06401248b,966a6db77a9820d2,True,
Training,Training/notumor/Tr-no_0292.jpg,notumor,42697,504,540,RGB,JPEG,1e44c67ea903803998454afc6c962b949f58d86eb4d07d66676fe3da4ccb27e6,966c789561db2533,True,
Training,Training/notumor/Tr-no_0573.jpg,notumor,25113,504,540,RGB,JPEG,ed9b6842a0d0369d3525a8b78e8d7a54b64eb39efd68df8646e0c39c33454c75,966c789561db2533,True,
Training,Training/notumor/Tr-no_0747.jpg,notumor,38903,504,540,RGB,JPEG,8de36f55e8e7f663a6f422607541e77cec76b367718c8dfe82164c8f46d1d3a6,966e789561cb2533,True,
Training,Training/notumor/Tr-no_1253.jpg,notumor,33222,504,540,RGB,JPEG,ed3d377bbe7b539af48204acad6a3c6089978f523bb8e4934e9dc367f95ab8ab,966e789561cb2533,True,
Testing,Testing/notumor/Te-no_0297.jpg,notumor,29025,504,540,RGB,JPEG,6cbe8f179993b963c68b30b932414fcfdc7a1e4d65f8a889393786ca52b12e42,966e789561cb2533,True,
Training,Training/notumor/Tr-no_0496.jpg,notumor,33344,504,540,RGB,JPEG,edbe8c19cf555eef1c295aa167bca4cef36d6504b9119116da0f9c145b2bb8b7,966e789561cb2533,True,
Training,Training/notumor/Tr-no_1032.jpg,notumor,23504,504,540,RGB,JPEG,f99dd2123cf3911d172622afe0541ad5048b98bcd1ac78a4acc55732a3167c8f,966e789561cb2533,True,
Training,Training/notumor/Tr-no_0796.jpg,notumor,51639,504,540,RGB,JPEG,7b48cc47c3fe1e92857bb93ca2ee73802c61ad8325b0e0be83bcdb85a8dc0719,966e789561cb2533,True,
Training,Training/notumor/Tr-no_0028.jpg,notumor,34775,512,512,RGB,JPEG,ee17905768c01705c6abcc330d664f063c5ceada4e3ea6722be796cc9bc9986f,967a6ea568c3218f,True,
Training,Training/notumor/Tr-no_1070.jpg,notumor,34775,512,512,RGB,JPEG,ee17905768c01705c6abcc330d664f063c5ceada4e3ea6722be796cc9bc9986f,967a6ea568c3218f,True,
Training,Training/notumor/Tr-no_1390.jpg,notumor,9873,232,217,RGB,JPEG,910fb825186027431acdc9664e9afb2ddbea0736c3be1214c9c2d2d3f9316c56,967a786561c64cd9,True,
Testing,Testing/notumor/Te-no_0116.jpg,notumor,9840,232,217,RGB,JPEG,2ba8a8c5aadf195716236aa30721a043a84973661bd271f394860a2c3081e83c,967a786561c64cd9,True,
Training,Training/meningioma/Tr-me_0071.jpg,meningioma,17877,512,512,RGB,JPEG,960155b05ea8f0ddcbcd3a5e29905c2a4b55832f03e5b7d6491c73955960d278,967b6984657a8639,True,
Testing,Testing/meningioma/Te-me_0135.jpg,meningioma,17877,512,512,RGB,JPEG,960155b05ea8f0ddcbcd3a5e29905c2a4b55832f03e5b7d6491c73955960d278,967b6984657a8639,True,
Testing,Testing/notumor/Te-no_0359.jpg,notumor,24430,504,540,RGB,JPEG,56edc5184238c1c9cdcd9d5fafcd58f669b91000b04b68f0ca8434a359965d13,9693787e613465cc,True,
Testing,Testing/notumor/Te-no_0366.jpg,notumor,30479,504,540,RGB,JPEG,3e419cc9c56681adc1c30b78c057020aa0cc70ccb8b0126c82fe2dbd815bf4e0,9693787e613465cc,True,
Training,Training/notumor/Tr-no_0681.jpg,notumor,30605,504,540,RGB,JPEG,ab52edaeddcac991282973ad17b95a0d2afabbad4d9ddfe8258cfdb558016637,9693787e613465cc,True,
Training,Training/notumor/Tr-no_0512.jpg,notumor,32048,504,540,RGB,JPEG,d144a1a4272ccd429089664ca8e772afc3864714b2105f2cddfbdc88e5e8d59e,9693787e613465cc,True,
Training,Training/notumor/Tr-no_0594.jpg,notumor,24181,504,540,RGB,JPEG,e410709686ba34d96b64b8ddbbcf51e8bb5409b2c8918caa1a0642fe2ee7bcbf,9693787e613465cc,True,
Training,Training/notumor/Tr-no_1582.jpg,notumor,9894,232,217,RGB,JPEG,846f56ed235636d20b2484d6bebef36869982ad90ab4b2e49ea99e554812d46e,969579da61394c66,True,
Training,Training/notumor/Tr-no_1355.jpg,notumor,10062,232,217,RGB,JPEG,38fe0004cd2687faff096d4f69f781dd10e03b4950129d38023ac46a701ad402,969579da61394c66,True,
Training,Training/notumor/Tr-no_1140.jpg,notumor,50259,626,575,RGB,JPEG,4c2c103442bacc20c289e01799a028f732816b392a316671549e21810560ac30,969a79e561993564,True,
Training,Training/notumor/Tr-no_0245.jpg,notumor,50259,626,575,RGB,JPEG,4c2c103442bacc20c289e01799a028f732816b392a316671549e21810560ac30,969a79e561993564,True,
Training,Training/notumor/Tr-no_0473.jpg,notumor,30991,442,454,RGB,JPEG,59fb3e772b92db63f473d2a2678efa29bb3ea681a1d7f8650127f03fc74ded3c,969e78c9611e6764,True,
Training,Training/notumor/Tr-no_1330.jpg,notumor,30591,442,454,RGB,JPEG,2cbcad258c5d791aa285b1fcaee532ca53b7b3c1b5aa98e29058655b56157c2c,969e78c9611e6764,True,
Training,Training/notumor/Tr-no_1433.jpg,notumor,22467,442,454,RGB,JPEG,34d45fb699f5183b9b859f9bc071e1f23d9b0d3ca77129699c25191c313d22ae,969e78c9618e6764,True,
Training,Training/notumor/Tr-no_0855.jpg,notumor,49850,442,454,RGB,JPEG,64db7ecf017244f551f8757fef667bc2b3b233dfcdad83fcaf14e70f899d2533,969e78c9618e6764,True,
Testing,Testing/notumor/Te-no_0139.jpg,notumor,8482,225,225,RGB,JPEG,54bc1822f067fdad09d6f0ba40d84e1c9c3ba3bbc89debc1aac6589dfe515b3c,96c3691c6569f331,True,
Training,Training/notumor/Tr-no_0534.jpg,notumor,8657,225,225,RGB,JPEG,b57e5fb0713ee26e10a86db0ca4bd1a5ebfd6875202d4e81af0f10c5525bc01c,96c3691c6569f331,True,
Testing,Testing/meningioma/Te-me_0034.jpg,meningioma,27277,312,401,RGB,JPEG,4b341616b6b9a8c0060988aa8174ee101aca4f96ae8007a2df0137ff2c33d5dd,96c64b6d3cb861c5,True,
Training,Training/meningioma/Tr-me_0214.jpg,meningioma,23965,312,401,RGB,JPEG,7ae82ad05ee2fd7dc4d6ee5f4793ac4fc8c416bba68b698a2df7d59d76b1cd2b,96c64b6d3cb861c5,True,
Testing,Testing/notumor/Te-no_0195.jpg,notumor,9092,225,225,RGB,JPEG,b7dbddfc268e8fd453973752446887beb0a7f05926dd439c67e565b8450adec8,96c76a1e693e341c,True,
Training,Training/notumor/Tr-no_0725.jpg,notumor,8945,225,225,RGB,JPEG,255308e8a1783223ff317744c2ea14fb8157fc90d93e520c308377246986f7ae,96c76a1e693e341c,True,
Training,Training/notumor/Tr-no_1465.jpg,notumor,35860,630,630,RGB,JPEG,1d9c9f0e06ea80897c95d816c7ea55f6e217781de993759da522afe11f60ad68,96c76a9e693a341c,True,
Training,Training/notumor/Tr-no_0593.jpg,notumor,36834,630,630,RGB,JPEG,c0811ba93dc812d4aefab3efcc7539791ee64b31f37e3b5f7964d92867664e93,96c76a9e693a341c,True,
Training,Training/notumor/Tr-no_0597.jpg,notumor,36452,630,630,RGB,JPEG,01f6e4a3aafdaac39be8f0b8f9602f7686a5fbc9c321e65bf8b5df081fb18528,96c76a9e693a341c,True,
Testing,Testing/notumor/Te-no_0144.jpg,notumor,8797,225,225,RGB,JPEG,8b49a55ded4cf65545450a01ac87b4b515c174af6a1b6bcb7c099080d12a07c8,96c76a9e693a341c,True,
Testing,Testing/glioma/Te-gl_0024.jpg,glioma,25760,512,512,RGB,JPEG,192cb19f45e0c2f320174ae32077f828514d07d101a3042b1064776e6bc28cd6,96d3396c61c566c9,True,
Testing,Testing/glioma/Te-gl_0029.jpg,glioma,25760,512,512,RGB,JPEG,192cb19f45e0c2f320174ae32077f828514d07d101a3042b1064776e6bc28cd6,96d3396c61c566c9,True,
Training,Training/notumor/Tr-no_1281.jpg,notumor,7488,173,201,RGB,JPEG,fb431dc337cae81d48acf600434614115bb4e972a550395b396ff317f8e8523d,96e96b122f2d25b1,True,
Testing,Testing/notumor/Te-no_0261.jpg,notumor,7680,173,201,RGB,JPEG,b761e0656a497d6ecabfa1e7179de8c31d77abeb4b2e775dc8ec35bb4fdddec5,96e96b122f2d25b1,True,
Training,Training/notumor/Tr-no_0454.jpg,notumor,7476,173,201,RGB,JPEG,93f59c5b88dca15896cc04f9ee23a7ed580d2f46b1162e62f28e2026324fe002,96e96b122f2d25b1,True,
Training,Training/notumor/Tr-no_1379.jpg,notumor,5721,173,201,RGB,JPEG,c318738441125eabe7c3a6b2e3da11c6962416f340001b646d453f891668fd50,96e96b122f2d25b1,True,
Training,Training/notumor/Tr-no_1518.jpg,notumor,7327,173,201,RGB,JPEG,ec2314a74699373fbe7aa757449a7c788804eb79aeebd23b0ae58fd80f83a906,96e96b122f2d25b1,True,
Training,Training/notumor/Tr-no_0403.jpg,notumor,5760,173,201,RGB,JPEG,6c2c4fcb9923392d2c2f6daeeb71897ef36e64ae54a1289136f07cdf079a0e1c,96e96b122f2d25b1,True,
Training,Training/notumor/Tr-no_0561.jpg,notumor,19940,441,442,RGB,JPEG,b5f0f3d033c33e2435028ab956443bbbeb97dffda41e0afe175e81e286ff2431,970a7e85780771ce,True,
Training,Training/notumor/Tr-no_0939.jpg,notumor,19375,441,442,RGB,JPEG,f02decb2f38f7b0dcf3d05495e0c72e296fc0bad5ec66c5343e17af3692521a9,970a7e85780771ce,True,
Training,Training/notumor/Tr-no_1034.jpg,notumor,19242,441,442,RGB,JPEG,d65b09e2ad414b8c2489207954eaf7887b054f6640ce8d03ad3d83bbdbaa3304,970a7e85780771ce,True,
Testing,Testing/meningioma/Te-me_0058.jpg,meningioma,44187,645,439,RGB,JPEG,d04c10c4f3530ea0dc96002c117a18ed2252afe362b935aec1c673eec7fa0b4b,970f789c4b386dc1,True,
Training,Training/meningioma/Tr-me_0237.jpg,meningioma,33946,645,439,RGB,JPEG,f17a463d83cc7fa4f2608f3791009e6bc87d73118755ed6043adaa054d94b695,970f789c4b386dc1,True,
Testing,Testing/notumor/Te-no_0306.jpg,notumor,5929,150,198,RGB,JPEG,d7dadef50e1d0969ade23dc91d13046d6b033ba468ea8ef183852f90410f3824,9712197f12fa1b25,True,
Training,Training/notumor/Tr-no_0960.jpg,notumor,4386,150,198,RGB,JPEG,2db2426323e2d116ddfd79ca17da4f0c3861a527eba11414ce1ffe403b5810bd,9712197f12fa1b25,True,
Training,Training/notumor/Tr-no_0852.jpg,notumor,5919,150,198,RGB,JPEG,1c3e63f75925d079060da9dcad74463d1ef6f7c4055fb0ff2d4daa2001711425,9712197f12fa1b25,True,
Training,Training/notumor/Tr-no_1157.jpg,notumor,4386,150,198,RGB,JPEG,2db2426323e2d116ddfd79ca17da4f0c3861a527eba11414ce1ffe403b5810bd,9712197f12fa1b25,True,
Training,Training/notumor/Tr-no_1049.jpg,notumor,8838,150,198,RGB,JPEG,2a3fd7800902a88a98a1483735768f957018af11673a34de4b1c7732a03f851c,9712197f32f21b29,True,
Training,Training/notumor/Tr-no_0788.jpg,notumor,8570,150,198,RGB,JPEG,ef90188c7b02ceb86456ae379b353a3eebbc6b2b844b7570963c66cf460a0b52,9712197f32f21b29,True,
Training,Training/notumor/Tr-no_1230.jpg,notumor,7602,150,198,RGB,JPEG,bea200d27010c2b30d2c813ffef8686efd02924314cba7d72b9dcb333c8a59f8,97121d7f12fa5a21,True,
Training,Training/notumor/Tr-no_0651.jpg,notumor,7640,150,198,RGB,JPEG,3bd47e803ac5f4bc6c0d8821e46960901335fcaff222459a3b118ca508e7ecf2,97121d7f12fa5a21,True,
Training,Training/notumor/Tr-no_1045.jpg,notumor,3681,192,192,RGB,JPEG,9519716335d92af19b045426a223124da676fdab837698ebd2aa0026c647620d,971868e3658d6766,True,
Training,Training/notumor/Tr-no_0711.jpg,notumor,4841,192,192,RGB,JPEG,ad25a4fea67a5b521955499381869e0474db6f543b1cd8daf7866c7c4b5c8c58,971868e3658d6766,True,
Training,Training/notumor/Tr-no_1553.jpg,notumor,6543,192,192,RGB,JPEG,fd124b9a5b67b46cd5a2309a028a4c2b55f70505b4aeda146cc81c7660101152,971878e3650c67f2,True,
Training,Training/notumor/Tr-no_0598.jpg,notumor,6653,192,192,RGB,JPEG,aa56085d96a183736b9b934fe058814cce8486e6e56f7b99ed00f1a20e83ba3c,971878e3650c67f2,True,
Training,Training/notumor/Tr-no_1329.jpg,notumor,20140,393,400,RGB,JPEG,83d7a49f701e50fe38666dd108d3af0b6ef2128c0d6fde14473f39f07ff10197,971e7ae169b23143,True,
Training,Training/notumor/Tr-no_0853.jpg,notumor,33424,393,400,RGB,JPEG,f74db364f3956e2822098c6aeadfc323301aedd299d42f1d05d73bcbb7def1d9,971e7ae169b23143,True,
Training,Training/notumor/Tr-no_0487.jpg,notumor,6007,192,192,RGB,JPEG,92c7e180580f5f9e7adeef2101de2df68532ae02f2d2c8d75782801f07d64bc6,973868e3658c67e2,True,
Training,Training/notumor/Tr-no_0658.jpg,notumor,5995,192,192,RGB,JPEG,fc9c7306a9e37fe355611025df9ece34a0671b2854323ec6b95c91f9dc0c308f,973868e3658c67e2,True,
Training,Training/notumor/Tr-no_0175.jpg,notumor,11710,225,225,RGB,JPEG,1bf4beb75eb2152e7236e838651b88d335ad3f95d8e79cd34e9d15e17f22b0e6,973a78656e272926,True,
Training,Training/notumor/Tr-no_1167.jpg,notumor,6021,225,225,RGB,JPEG,f305c895d86e72b70bdf6f2821e2a2b6aecfc7e68439909484bcf3f31309152b,973a78656e272926,True,
Training,Training/notumor/Tr-no_0864.jpg,notumor,7793,225,225,RGB,JPEG,9e3ef8b3dacc3d4f92b27370f8ecced01626827073e4e4bd44f8970884f5c791,973a78656e272926,True,
Testing,Testing/notumor/Te-no_0210.jpg,notumor,8100,225,225,RGB,JPEG,a13d0166df71178b51f7a61b12c3043a215aa6ae1fc73f891f5102bf2bfcdd0f,973a78656e272926,True,
Training,Training/notumor/Tr-no_1233.jpg,notumor,9705,225,225,RGB,JPEG,2e8a7a42d1d1b5cac0644c89fbb29a570ae282b9ef66500f8340ec8220468367,973a78656ea32926,True,
Training,Training/notumor/Tr-no_0652.jpg,notumor,9672,225,225,RGB,JPEG,d2ccd37df0f04d84305b75efcb278e75be720bb3b3d463610e8a86ffb72a85eb,973a78656ea32926,True,
Training,Training/notumor/Tr-no_0954.jpg,notumor,8136,225,225,RGB,JPEG,39e0e05182312576de8b46eea9c6b96908335a0ae2f4d25d50d86143b900d874,973e78c96196246d,True,
Testing,Testing/notumor/Te-no_0219.jpg,notumor,8466,225,225,RGB,JPEG,b0c8e63cba9f83a8591744f00dfa8eb10088cca1de4cec713e5e528af9e06111,973e78c96196246d,True,
Training,Training/notumor/Tr-no_0999.jpg,notumor,6230,225,225,RGB,JPEG,7bd4d5d58606af2e040836ab4dd73e35130ec425c538d619dc514f5494d84c39,973e78c96196246d,True,
Training,Training/notumor/Tr-no_1185.jpg,notumor,8074,225,225,RGB,JPEG,a2e2c286c831cecbc9b4711f56aca139a9448724de18021654032784414fafbe,973e78c96196246d,True,
Training,Training/notumor/Tr-no_0494.jpg,notumor,10777,225,225,RGB,JPEG,48735eb7e1803a9a711e76d30da120630daeeb0d758ff94d40cfbaab7d71b0d7,973e78e160876569,True,
Training,Training/notumor/Tr-no_0689.jpg,notumor,10141,225,225,RGB,JPEG,67d1c8c2f09a78feafebbc20c3753b2b557f6f31ca32279b3d85117137ee2760,973e78e160876569,True,
Training,Training/notumor/Tr-noTr_0002.jpg,notumor,41675,605,613,RGB,JPEG,303c5c415fc8be331907a13c78d499fa000f24788fab65f7c9171c448978b09f,974a7e2178b53865,True,
Training,Training/notumor/Tr-no_1059.jpg,notumor,41675,605,613,RGB,JPEG,303c5c415fc8be331907a13c78d499fa000f24788fab65f7c9171c448978b09f,974a7e2178b53865,True,
Training,Training/notumor/Tr-no_0590.jpg,notumor,12796,227,222,RGB,JPEG,bad0f688c4ed9d93d3933b95bb003a54063d833b8beaec7c0d5436abbaf4c8d2,976a5ba578342996,True,
Training,Training/notumor/Tr-no_1458.jpg,notumor,11679,227,222,RGB,JPEG,3bdea941af422f4ce83048fd3f8b2eef9d07ea639e87e061b6a2d56ff63df7ab,976a5ba578342996,True,
Testing,Testing/notumor/Te-no_0241.jpg,notumor,35462,428,417,RGB,JPEG,c328848117fddb89865115c33abc9f37fe7e20b1796f63b6d32a41f5c3864534,976a5ba578342996,True,
Testing,Testing/notumor/Te-no_0156.jpg,notumor,32337,468,444,RGB,JPEG,295b7eed34bc5f362455f02775fe431cca4ba43bd3931777f6902e8e09ccfce7,97787a616a356a25,True,
Training,Training/notumor/Tr-no_1333.jpg,notumor,32298,468,444,RGB,JPEG,9665a634778add156fdc68dd68695ced8f9fa37b606398dc169b31938aa2d7f2,97787a616a356a25,True,
Training,Training/notumor/Tr-no_0857.jpg,notumor,52384,468,444,RGB,JPEG,216144235f80341092abdc4fd447133b0981352ced3a46f0edc78ba423031585,97787a616a356a25,True,
Training,Training/notumor/Tr-no_0447.jpg,notumor,24096,468,444,RGB,JPEG,cfadafdd993e776771e13f5e398f295c662fdce13df92524fadc4c28c0a95a4a,97787e616a256a25,True,
Training,Training/notumor/Tr-no_1434.jpg,notumor,24017,468,444,RGB,JPEG,440b5229fa098b3b180aae3a1c6a2bc4362c46e0f80261e4546713d699779833,97787e616a256a25,True,
Training,Training/notumor/Tr-no_0017.jpg,notumor,33378,442,442,RGB,JPEG,24d874e516a3da5ce8ada80135a0a62c8474538f72f098ad9d3e7ff794595f35,977a68a5689661cb,True,
Training,Training/notumor/Tr-no_1058.jpg,notumor,33378,442,442,RGB,JPEG,24d874e516a3da5ce8ada80135a0a62c8474538f72f098ad9d3e7ff794595f35,977a68a5689661cb,True,
Training,Training/notumor/Tr-no_1235.jpg,notumor,8757,228,221,RGB,JPEG,0278e9fafedb70f3338d0813b1dc4b2793bddfbef955e6a9af860d43d2ecee36,977a6a6569252c33,True,
Testing,Testing/notumor/Te-no_0272.jpg,notumor,9000,228,221,RGB,JPEG,bdfb9cd96d1a0542c62ecb307ca032cb139c13b9a3744fdaaf210bb1aeb035cb,977a6a6569252c33,True,
Training,Training/notumor/Tr-no_0355.jpg,notumor,11593,212,280,RGB,JPEG,77d1374baf9988fd4f9272886783a65820b3afbbbaa773777ed01a4b04ff9d80,977a78a1619665ca,True,
Testing,Testing/notumor/Te-no_0091.jpg,notumor,11593,212,280,RGB,JPEG,77d1374baf9988fd4f9272886783a65820b3afbbbaa773777ed01a4b04ff9d80,977a78a1619665ca,True,
Training,Training/notumor/Tr-no_0407.jpg,notumor,8015,228,221,RGB,JPEG,c3c288a174cbc69b5bba653fddc67c3f16cb1915be24442611d36929e695cd5b,977a78a521c6498f,True,
Testing,Testing/notumor/Te-no_0335.jpg,notumor,8035,228,221,RGB,JPEG,b7c762864deb4ef105fca841b5a1afe0e9e808120c7b8108c424834115db4b83,977a78a521c6498f,True,
Training,Training/notumor/Tr-no_1546.jpg,notumor,7842,228,221,RGB,JPEG,8f32f8c179b5c2a49617237281b2b69de7ec49f943cdaf6a7aa71b4159b3ecbf,977a78a521c6498f,True,
Testing,Testing/notumor/Te-no_0249.jpg,notumor,9856,228,221,RGB,JPEG,9528d23a8934f91c0274dd38ed509f32f76f5a91211a91ff66e29a3f684dbde9,977a78a561c6498b,True,
Training,Training/notumor/Tr-no_1285.jpg,notumor,10168,228,221,RGB,JPEG,8927ebe063a6ae13a712b63337c07ee2ed17c1f68e4644f1acdd2f9189c27e43,977a78a561c6498b,True,
Training,Training/notumor/Tr-no_0599.jpg,notumor,7459,225,225,RGB,JPEG,0caead2bd1bf8539acf2d0b949e6df138bff80a6fc8d004ae3757d9a0ee3e16e,97856e5a693c6570,True,
Testing,Testing/notumor/Te-no_0361.jpg,notumor,20280,512,512,RGB,JPEG,087372e4a26a25cdb85b53cc04a5bcd76fd1901d58deb09a6db4bf8d46eaca78,97856e5a693c6570,True,
Training,Training/notumor/Tr-no_1470.jpg,notumor,7159,225,225,RGB,JPEG,233edd18fdd991f4fd5960eb0076de22f3347afe983cf303f40f7bf154ac4bd6,97856e5a693c6570,True,
Training,Training/notumor/Tr-no_1348.jpg,notumor,7975,228,221,RGB,JPEG,85c49c178011e38b128c46b38054f9e8d31a793ea56764be0e07a0a0bbf1124a,9785785a6139597c,True,
Training,Training/notumor/Tr-no_1576.jpg,notumor,7988,228,221,RGB,JPEG,a4110c65f3875b9cd837a33bc235d6c35fee3c3da3420a561de2fe8218d2c628,9785785a6139597c,True,
Testing,Testing/notumor/Te-no_0282.jpg,notumor,9942,225,225,RGB,JPEG,594d30ef1a019c97ca0cd89ab5f482f1d90b4dbc69b0573598ddf11586b73c29,9785799a6e183999,True,
Training,Training/notumor/Tr-no_0477.jpg,notumor,10124,225,225,RGB,JPEG,342d3cce7b3cdc691766a7f1ea7df73ad66c39e2956310e907ff9e6fb3cd332f,9785799a6e183999,True,
Training,Training/notumor/Tr-no_1210.jpg,notumor,9671,225,225,RGB,JPEG,007df4da163eb3bd3f644512714535c2b7775e0d031d67c6409e5f6ce494191d,9785799a6e183999,True,
Testing,Testing/notumor/Te-no_0318.jpg,notumor,8003,225,225,RGB,JPEG,62c541f95af8df01298430229472ec2222aee1b3e86fb5db0514b3f21ceba18a,97857a9a6e183999,True,
Training,Training/notumor/Tr-no_0433.jpg,notumor,7915,225,225,RGB,JPEG,eb5c5214771cb99a9041862ae16f2bcc9bb8aa8f56e784ff380905cb2f802a2c,97857a9a6e183999,True,
Testing,Testing/notumor/Te-no_0194.jpg,notumor,8146,225,225,RGB,JPEG,4e260b551ffe7a45c16961670b34d1d9801933159a683196973e0838d2919209,97857a9a6e183999,True,
Training,Training/meningioma/Tr-me_0227.jpg,meningioma,21706,512,512,RGB,JPEG,09b9031e30e757eb6e648686f0ca412357e86895ebbc52d300d2d0a9305fd417,97876a4c619b256d,True,
Training,Training/meningioma/Tr-me_0238.jpg,meningioma,21706,512,512,RGB,JPEG,09b9031e30e757eb6e648686f0ca412357e86895ebbc52d300d2d0a9305fd417,97876a4c619b256d,True,
Training,Training/notumor/Tr-no_1526.jpg,notumor,31038,468,444,RGB,JPEG,64e98777753045eeeb185ea5112c60bc972802ac3143d8bca3f087ea1d3066f4,97877a9e6a8a688a,True,
Training,Training/notumor/Tr-no_0646.jpg,notumor,32632,468,444,RGB,JPEG,000fc159d99f54d7f29d4e7c505e77c8854fd837a8a0eb10f616945024bd3876,97877a9e6a8a688a,True,
Testing,Testing/notumor/Te-no_0275.jpg,notumor,12482,227,222,RGB,JPEG,3d89050c04bdf8ff01872dca2745e7b3eb4619408a91895af501f261396aacdc,97955b5a7a0b2968,True,
Testing,Testing/notumor/Te-no_0212.jpg,notumor,36112,428,417,RGB,JPEG,e042ba72a37077feea0a93aa0be5f18acec5c67acd069c5f50178bdfc1145593,97955b5a7a0b2968,True,
Training,Training/notumor/Tr-no_0489.jpg,notumor,34533,428,417,RGB,JPEG,fc8d2e8c53d6064d35e157f89339c8dd167757cc667c0cbe31e1d4402ac18e1e,97955b5a7a0b2968,True,
Training,Training/notumor/Tr-no_0509.jpg,notumor,30683,441,442,RGB,JPEG,dc0ad1165fb8c0844c1404d3e4fe805b32ca654ddfec7909c91873c0df92aa03,97a17a7a78c87131,True,
Training,Training/notumor/Tr-no_0727.jpg,notumor,19614,441,442,RGB,JPEG,5bdfd59e12a3a107c6999a12a7ed907b68f6bf8ad1e8b80fb61879590eb5e2b6,97a17a7a78c87131,True,
Testing,Testing/notumor/Te-no_0154.jpg,notumor,19417,441,442,RGB,JPEG,391580e4804890a0b4042bb9074a317effb608741579194fad3b71de73becf21,97a17a7a78c87131,True,
Training,Training/notumor/Tr-no_0537.jpg,notumor,19860,441,442,RGB,JPEG,0a716d5b83133cb727381d1383d5c59e23c11b7fabdbf7dbc579acb879f6efa7,97a17a7a78c87131,True,
Training,Training/notumor/Tr-no_0521.jpg,notumor,12034,208,242,RGB,JPEG,2e8f3621ffd3aca8f681bea21f60c6af8958877fc6dcee69e02b5df94e114b36,97b449512e1a9fd2,True,
Training,Training/notumor/Tr-no_1586.jpg,notumor,19367,208,242,RGB,JPEG,8c456383de5bc89b4a058786d65ba3700414ea08c62c317d0fcc8ee7f2e7d830,97b449512e1a9fd2,True,
Testing,Testing/notumor/Te-no_0376.jpg,notumor,11924,208,242,RGB,JPEG,0011de7faaf7597aec4b3d1ec2db09f248631d63bfb642132000175e10f9dd92,97b449512e1a9fd2,True,
Training,Training/notumor/Tr-no_0463.jpg,notumor,8341,225,225,RGB,JPEG,d8aa0c290788373a5806b52c23736910308ca19e0164bd1984ec30eb67a7ab22,97c1783661796497,True,
Testing,Testing/notumor/Te-no_0233.jpg,notumor,8488,225,225,RGB,JPEG,a45633b3a8d8401df054d9cfe854a381ea92b7a126c1aa724dcb32d7dd64360c,97c1783661796497,True,
Testing,Testing/notumor/Te-no_0358.jpg,notumor,8161,225,225,RGB,JPEG,b7921b268bd83a7dff08c9a5403f0998a508f902a324733d357194f1df6715b4,97c1783661796497,True,
Training,Training/meningioma/Tr-me_0358.jpg,meningioma,23804,295,394,RGB,JPEG,29f768db76550147701feec1b895611e5bf285b3d7908187ce65e1c7d1609ddc,97c24a6d3fbc64c0,True,
Testing,Testing/meningioma/Te-meTr_0005.jpg,meningioma,26970,295,394,RGB,JPEG,c0ad227c9b3d1537b9264900413e3fe0a3ffdcded65a531450f1ba895ae1f8e2,97c24a6d3fbc64c0,True,
Training,Training/notumor/Tr-no_0510.jpg,notumor,7965,225,225,RGB,JPEG,c4eb8c4679e9db838599df9ff85253dc6b326e160b356c619f74875688244620,97e13e1f786461c8,True,
Training,Training/notumor/Tr-no_0677.jpg,notumor,7779,225,225,RGB,JPEG,926c885270da3d11b12ff99f8e79dc5b09dd36ce5710066fa1ac3661681d2fbe,97e13e1f786461c8,True,
Testing,Testing/notumor/Te-no_0157.jpg,notumor,8040,150,198,RGB,JPEG,583d91c9708936ed72400298ee33dbf0f5903e5a0a62b7a5bc006bf0a5f0a7e3,97fd1d8012451adf,True,
Training,Training/notumor/Tr-no_1485.jpg,notumor,7561,150,198,RGB,JPEG,13b6227c7aa1df2940de091d9b5a0287feb6236d775ae3a1d38737f759aab821,97fd1d8012451adf,True,
Training,Training/notumor/Tr-no_1207.jpg,notumor,7576,150,198,RGB,JPEG,f71a379e1d54e9eea8f531389fabc0915f6bdd6dba69659bc21b2ee2de9b6b32,97fd1d8012451adf,True,
Training,Training/notumor/Tr-no_0194.jpg,notumor,40129,853,480,RGB,JPEG,270d8daa78d030858d13b95aad0f59bf3cd78b17a6ab1604e0118342676de60f,9a39656565c636cc,True,
Training,Training/notumor/Tr-no_0200.jpg,notumor,40129,853,480,RGB,JPEG,270d8daa78d030858d13b95aad0f59bf3cd78b17a6ab1604e0118342676de60f,9a39656565c636cc,True,
Training,Training/notumor/Tr-no_1098.jpg,notumor,4646,300,168,RGB,JPEG,5f8f1678ad394004fd0283ca2aeb020b78da7f0aac58e3b31a34e7384be7d479,9a656d32643239f3,True,
Training,Training/notumor/Tr-no_1023.jpg,notumor,3475,300,168,RGB,JPEG,ab01efa9ce7ad51de522ba8cafa0de7d46ce3332215227459fa9e5794b9ce053,9a656d32643239f3,True,
Training,Training/notumor/Tr-no_0693.jpg,notumor,4666,300,168,RGB,JPEG,ac1439842e8a4df8a961f850cfa2eac0321d2a9ae626cfb95b64ba7a33212076,9a656d32643239f3,True,
Testing,Testing/notumor/Te-no_0201.jpg,notumor,4731,300,168,RGB,JPEG,80baec6e826239a4d4f576ae7924bd28c9ddb257d88a65cbc7782b3a0e6b1240,9a656d32643239f3,True,
Training,Training/notumor/Tr-no_0560.jpg,notumor,6166,300,168,RGB,JPEG,42a3e40414c55e0c9ad1b9e091d33f5808d2e43d63fccc673778779975825ae5,9a6d69966132cdc6,True,
Training,Training/notumor/Tr-no_1189.jpg,notumor,18278,642,361,RGB,JPEG,56d1040bd866a4d323a2c51a67f8be4d46b499d9271187f5a56ad5b2576dce45,9a6d69966132cdc6,True,
Testing,Testing/notumor/Te-no_0308.jpg,notumor,6047,300,168,RGB,JPEG,2b67bb1ece83952bb4b2c9ec59d54c7a518995482879719460ffbb81ca778f73,9a6d69966132cdc6,True,
Training,Training/notumor/Tr-no_0286.jpg,notumor,30762,642,361,RGB,JPEG,98b975e302443759272d6d112532913d72094fa5f9fe318b2384243c1fd39bfe,9a6d69966132cdc6,True,
Training,Training/notumor/Tr-no_1004.jpg,notumor,26726,642,361,RGB,JPEG,7e606d5851ec154ea6758b051d8371f5ee0cfa0db8da2e3d6bad68713e480421,9a6d69966132cdc6,True,
Testing,Testing/notumor/Te-no_0220.jpg,notumor,18465,642,361,RGB,JPEG,b1689e9d0dde9a84bb4ed0ad1441ffcf6f13a32943dd3ffdbd2ebb357bcb68ac,9a6d69966132cdc6,True,
Training,Training/notumor/Tr-no_0926.jpg,notumor,6112,300,168,RGB,JPEG,691d68f037d4b2d725d164c8e3fa073eb4e59fe8ad7ec62bcf73909f0ce4520c,9a6d69966132cdc6,True,
Training,Training/notumor/Tr-no_1021.jpg,notumor,18201,642,361,RGB,JPEG,7982b903d79440f68acb9e493c7e8c16b62d80cbef5231a1a01e9a6625158a84,9a6d69966132cdc6,True,
Training,Training/notumor/Tr-no_1026.jpg,notumor,4570,300,168,RGB,JPEG,c8280173142dbe052a428603990c3124edc9700d71fc33ed07975f164e07db50,9a6d69966132cdc6,True,
Testing,Testing/notumor/Te-no_0170.jpg,notumor,23663,642,361,RGB,JPEG,ca1e2c84aee3afd6bdab4ef8211e25227794b1733947a5a2dda8aa39918c55c0,9a6d69966332cd86,True,
Testing,Testing/notumor/Te-no_0273.jpg,notumor,7645,300,168,RGB,JPEG,0974b904462498043bd2c2445fb36b3cee3106704dbc5efd72d58fc2185e3a38,9a6d69966332cd86,True,
Training,Training/notumor/Tr-no_0664.jpg,notumor,18123,642,361,RGB,JPEG,619ec7d3c65308e8673bd3dfe3d193499262093974d565f88a47bc2419cb3400,9a92696961cdcd39,True,
Testing,Testing/notumor/Te-no_0234.jpg,notumor,18314,642,361,RGB,JPEG,c5f33f23dde6d620be3f6fd9a3bf1e4661060d1cb3d63eaf8a2319c8f4fdef99,9a92696961cdcd39,True,
Training,Training/notumor/Tr-no_1466.jpg,notumor,18106,642,361,RGB,JPEG,43f646cbd0bf727fe1eb1cfc50a803c82d28bc6fa0ee424da2c9ee49d83cdcb7,9a92696961cdcd39,True,
Training,Training/notumor/Tr-no_0769.jpg,notumor,10775,300,168,RGB,JPEG,cf34d783af2788e19c9f4a798de6e051f039738d6a9b0edf01fbb1ef637e813f,9a92696961cdcd39,True,
Training,Training/notumor/Tr-no_0511.jpg,notumor,23375,642,361,RGB,JPEG,31146276bf6960c1c794841ef32a785e1623eb456d2bd22ac79c501cc6385803,9a92696963cdcc39,True,
Training,Training/notumor/Tr-no_1490.jpg,notumor,22456,642,361,RGB,JPEG,80934515f5b90d7280a96712d42102567958e18453f421b63c486905c519889e,9a92696963cdcc39,True,
Testing,Testing/notumor/Te-no_0283.jpg,notumor,7810,300,168,RGB,JPEG,746ccb63ba3cae205efe71cb17fb0fe6dcce2c5d32eccc114938d7c9ea9dcee4,9a92696963cdcc39,True,
Testing,Testing/notumor/Te-no_0290.jpg,notumor,22829,642,361,RGB,JPEG,b81012ff4dc4fc662b480ffa65af02235b86a7e98859309cedd2d0cd4741b8c4,9a92696963cdcc39,True,
Training,Training/notumor/Tr-no_0713.jpg,notumor,4735,300,168,RGB,JPEG,aed37d89d0f678291c4c86bfb59a6fbbd539ab50cf807caf0e9bf2f038752249,9a9a6dcd64cd390c,True,
Testing,Testing/notumor/Te-no_0183.jpg,notumor,4685,300,168,RGB,JPEG,105b87399a9e653de688b9dfde4fc782586d5c14eeb7b51a295018069bd5ba07,9a9a6dcd64cd390c,True,
Testing,Testing/notumor/Te-no_0334.jpg,notumor,5839,275,183,RGB,JPEG,088ffc53ae84dcdf8828c0a3575509fdc968bc10c76b9ea6f660f45030794402,9b392de36147324d,True,
Testing,Testing/notumor/Te-no_0112.jpg,notumor,5857,275,183,RGB,JPEG,e8ed081b0ca3628aaa6551d8aa30801100f406724866ea00755a8a4ff48583c7,9b392de36147324d,True,
Training,Training/notumor/Tr-no_1425.jpg,notumor,10094,420,280,RGB,JPEG,bdef603b240dd8e891ba1dc5e738ed36439029bc87085399ac7ea06a458db07a,9b396de36147324c,True,
Training,Training/notumor/Tr-no_0439.jpg,notumor,10111,420,280,RGB,JPEG,6928bf994e8305a34bdc832e7df31b94c75b1d30418fbb6c503703b11f1259a9,9b396de36147324c,True,
Training,Training/notumor/Tr-no_1231.jpg,notumor,10172,420,280,RGB,JPEG,6aa103ff2ff051edcb48349b226b15b64fc0ae5382a33de8339f31429b899d41,9b396de36147324c,True,
Training,Training/notumor/Tr-no_1309.jpg,notumor,6732,300,168,RGB,JPEG,20180c994fd895056939fec0b0f94fcce85e8e81b3fde34a2b59914326796d30,9b656c3265327167,True,
Training,Training/notumor/Tr-no_0549.jpg,notumor,6780,300,168,RGB,JPEG,d6b3563b0862978ec604592eafc323d3397589b70b23f07639032fc74f723a48,9b656c3265327167,True,
Testing,Testing/notumor/Te-no_0119.jpg,notumor,7970,225,225,RGB,JPEG,22e804f0d7e5a3fbd2fcb81c3a2b6bacf756284a5c8b75b7da6d13de2c8e3911,9b6c69936493a66c,True,
Testing,Testing/notumor/Te-no_0386.jpg,notumor,7868,225,225,RGB,JPEG,e7e10cd4bd501d80d95bc36dde99c4d4acf5559cbb55edbd40e47bead70700e3,9b6c69936493a66c,True,
Testing,Testing/meningioma/Te-me_0102.jpg,meningioma,7177,225,225,RGB,JPEG,59d5ca6397cbfb618d05b0e240b138fb61c3f3832b6a70b3f7b9a96806ef4582,9b6c6c933166c399,True,
Training,Training/meningioma/Tr-me_0279.jpg,meningioma,4919,225,225,RGB,JPEG,8a78218d3ea57c7e537c14609d48154a1cee9748243fff43f287db8c1957d11f,9b6c6c933166c399,True,
Training,Training/notumor/Tr-no_1362.jpg,notumor,8154,225,225,RGB,JPEG,c38c368116fc00a41aa598c97a4a6d3d89ec8e52a63a8d55ecf74c1dc05f1cfe,9b93696c6468b693,True,
Training,Training/notumor/Tr-no_1588.jpg,notumor,8137,225,225,RGB,JPEG,9992b65d188a1316edcca1272833faa8c27ac2d4acf11c822d0f477974722be9,9b93696c6468b693,True,
Training,Training/meningioma/Tr-me_0314.jpg,meningioma,6348,225,225,RGB,JPEG,3e4fe94fcd8a70b5c029f7ea855604275ce818be383392b41ed37fb578678598,9b986c6666499b95,True,
Testing,Testing/meningioma/Te-me_0109.jpg,meningioma,8844,225,225,RGB,JPEG,bb624454b04721a0bfe7e06c9bd2288c233f848603d9ae719ba2b052f530634a,9b986c6666499b95,True,
Training,Training/notumor/Tr-no_1202.jpg,notumor,5416,300,168,RGB,JPEG,fee5edb18380168ce398b6a4662ec6d59d79cc787aaa5640b9c5a78aefbf50e5,9b9a6ccd26cd1998,True,
Training,Training/notumor/Tr-no_0660.jpg,notumor,5847,300,168,RGB,JPEG,4869859df6f30d2e66086a420701aafb72b7cc616c7544a84bf54b28a0145d14,9b9a6ccd26cd1998,True,
Training,Training/notumor/Tr-no_0475.jpg,notumor,5803,300,168,RGB,JPEG,f297f071b7275e5035418295810dae6cf2eda6a984e6354fff74b6041ea7cebb,9b9a6ccd26cd1998,True,
Training,Training/notumor/Tr-no_1450.jpg,notumor,10176,420,280,RGB,JPEG,f8781057441adb80e28f2a08fb573dd71e67b0d793fd7c2c9da4927e56f3474a,9bc66d1c619836b3,True,
Testing,Testing/notumor/Te-no_0243.jpg,notumor,10096,420,280,RGB,JPEG,60fda5f0fd5cd620e8438d5ea355dffb418758231259c12c020f29003aacbbf9,9bc66d1c619836b3,True,
Testing,Testing/notumor/Te-no_0314.jpg,notumor,7783,225,225,RGB,JPEG,f37c1fdaa62e94b0fadddad87e6044455bc37b1415f7e61c770a169c39d4db2c,9c336ecc394363cc,True,
Training,Training/notumor/Tr-no_0520.jpg,notumor,7913,225,225,RGB,JPEG,5ef1200f31d60ff645fdafc6de8912912f603f92527f2a30a220acf0979f3227,9c336ecc394363cc,True,
Training,Training/notumor/Tr-no_1506.jpg,notumor,7647,225,225,RGB,JPEG,9305ed12cb1d4091d9b99e5c6891b6cbe9254cf3471a494c5f1ab1b7b349d9f8,9c336ecc394363cc,True,
Training,Training/notumor/Tr-no_1016.jpg,notumor,5816,225,225,RGB,JPEG,f6b9367846473d64daf63aac8580e1c9ba73d2000d8aaa1d715a118a3a8f0ca9,9ccc6e3339946333,True,
Training,Training/notumor/Tr-no_0570.jpg,notumor,7529,225,225,RGB,JPEG,3cbf4e24aff52873c213e089a22ed6a66125c6d1155675741948a3f27583de5e,9ccc6e3339946333,True,
Training,Training/notumor/Tr-no_0547.jpg,notumor,7869,225,225,RGB,JPEG,2edca8bd01b8925e4d30afddedf7f1c95fcd76fc78debac448eaa8b43b415ee7,9ccc6e3339946333,True,
Testing,Testing/notumor/Te-no_0301.jpg,notumor,7616,225,225,RGB,JPEG,df4d9fdaa7eec746b20ee55e90bb7ab457b15f6bf1cf0e94dc246d20509216c5,9ccc6e3339946333,True,
Training,Training/notumor/Tr-no_1113.jpg,notumor,11391,225,225,RGB,JPEG,f932387c00c74ebaede60e0b5e0d79dbff6b944e066d510f4c95834f05050e3e,9ccc6e33399c6332,True,
Training,Training/notumor/Tr-no_0158.jpg,notumor,11391,225,225,RGB,JPEG,f932387c00c74ebaede60e0b5e0d79dbff6b944e066d510f4c95834f05050e3e,9ccc6e33399c6332,True,
Training,Training/notumor/Tr-no_1175.jpg,notumor,5114,228,221,RGB,JPEG,29504dbbe42208cd4a37cf150c088b005656454befe4015caa1a94c2b2d7c0eb,9d7a6a6569252c33,True,
Training,Training/notumor/Tr-no_0557.jpg,notumor,7230,228,221,RGB,JPEG,4df6b22426938011a6f818b43f17b9de4e4507ceeb9d573cad98b95460299baa,9d7a6a6569252c33,True,
Training,Training/notumor/Tr-no_0877.jpg,notumor,6679,228,221,RGB,JPEG,9e16dfeb865c44a91f37fe814f3f06a0989311ca2a348bbb0d132dc3800f9d9d,9d7a6a6569252c33,True,
Training,Training/notumor/Tr-no_0176.jpg,notumor,10179,228,221,RGB,JPEG,ae40741151cb9f24a6eeec243d07b02dac299ecc33b9232adfb7d6a27589639a,9d7a6a6569252c33,True,
Testing,Testing/notumor/Te-no_0134.jpg,notumor,6902,228,221,RGB,JPEG,4a810bbe522cc589396dc971873705d5e9061cdd5819edc0b7a669286f18474d,9d856a9a69da2ccc,True,
Testing,Testing/notumor/Te-no_0319.jpg,notumor,7144,228,221,RGB,JPEG,22db103cd92605f57bd607dba921ae6c5f9ef94d26af43118f2a689cece6da32,9d856a9a69da2ccc,True,
Training,Training/notumor/Tr-no_0533.jpg,notumor,7229,228,221,RGB,JPEG,07fcf1564f15ce96e1589d7186878ce55bec37950736fdb356d656ac1be21629,9d856a9a69da2ccc,True,
Testing,Testing/notumor/Te-no_0288.jpg,notumor,8127,232,217,RGB,JPEG,c3aac0bc3d75c26d387ae4c38337d1e5eabc28359e9dac087a9268a3de9a7e3b,9e30694b67cd9698,True,
Training,Training/notumor/Tr-no_1462.jpg,notumor,6931,232,217,RGB,JPEG,d2766e3fcb581dc53fcda4bf40b7e9eae2e524e71c5ac4601da745923699e2ff,9e30694b67cd9698,True,
Testing,Testing/notumor/Te-no_0232.jpg,notumor,7097,232,217,RGB,JPEG,2e2c8b134bcec613ecddda8c40fc604dc8bafe125692d894eee3c25b756fd719,9e30694b67cd9698,True,
Testing,Testing/notumor/Te-no_0180.jpg,notumor,8404,232,217,RGB,JPEG,c74ecaa2c41bba17655dac6c942aab121527259616a6622b4fc62edd21e4ab7d,9e30694b67cd9698,True,
Testing,Testing/notumor/Te-no_0296.jpg,notumor,8016,232,217,RGB,JPEG,c025f3273aa36fff1f376470bd49d748c390309689a2da35e286e518ca287423,9ec969b467329661,True,
Training,Training/notumor/Tr-no_1172.jpg,notumor,6878,232,217,RGB,JPEG,7b7215fe7c1ff69732f367c385a03875e532d020bfed81085759df47199c21b2,9ec969b467329661,True,
Training,Training/notumor/Tr-no_0493.jpg,notumor,8183,232,217,RGB,JPEG,f9650a60cedb447d86bbb6a8b7678487aace1d134171f384856a3b7569fd03f3,9ec969b467329661,True,
Training,Training/notumor/Tr-no_0280.jpg,notumor,10393,232,217,RGB,JPEG,79b6fe05b46ee2a734c4da64cd109bc508bfd1b76f46e9c496dbb406f86139f9,9ec969b467329661,True,
Training,Training/notumor/Tr-no_1155.jpg,notumor,10393,232,217,RGB,JPEG,79b6fe05b46ee2a734c4da64cd109bc508bfd1b76f46e9c496dbb406f86139f9,9ec969b467329661,True,
Training,Training/notumor/Tr-no_1251.jpg,notumor,8175,232,217,RGB,JPEG,e1b254a21bc888bd0a4ecfc378a9416b7844b06baaa7f7a13d63bcaae871e5e9,9ec969b467329661,True,
Training,Training/notumor/Tr-no_0943.jpg,notumor,6910,232,217,RGB,JPEG,54e5ce4998356731dc854e82110bf8480f60323fcf900f4195f06081050f1802,9ec969b467329661,True,
Testing,Testing/notumor/Te-no_0401.jpg,notumor,7409,236,213,RGB,JPEG,58beca790e51f5b0edb6d50827aba16ee6dd340b6276eafa9355fb6b9c476068,9f87781a79196519,True,
Training,Training/notumor/Tr-no_1364.jpg,notumor,7366,236,213,RGB,JPEG,92a322e56c4901f5f15ccbae7c8be951d73ac18f882c7b7bdbb8992d481904f3,9f87781a79196519,True,
Training,Training/meningioma/Tr-me_0210.jpg,meningioma,16150,252,303,RGB,JPEG,99f6632afb9629ee8b0f9994a819e797ff7f1513c471da4fda70e81420eb6f51,a40b5b951f6ad239,True,
Testing,Testing/meningioma/Te-me_0030.jpg,meningioma,17975,252,303,RGB,JPEG,8288cd2152fc6daeaf7da557eca1d0f2e9e72367ee10b4c5e09248597637e82a,a40b5b951f6ad239,True,
Training,Training/notumor/Tr-no_0081.jpg,notumor,21850,236,366,RGB,JPEG,f3ce33b26a3784299fc2bc72215752b531bb1ff11e9b65dc39376039f8809f64,b1560cc51ce52afe,True,
Training,Training/notumor/Tr-no_0076.jpg,notumor,21850,236,366,RGB,JPEG,f3ce33b26a3784299fc2bc72215752b531bb1ff11e9b65dc39376039f8809f64,b1560cc51ce52afe,True,
Training,Training/pituitary/Tr-pi_0321.jpg,pituitary,33561,512,512,RGB,JPEG,8e2b4a6d3ce98d740a636942e40c14783eac078cf1758678c9d5aee948057aa7,c00e2b7d3db17c64,True,
Training,Training/pituitary/Tr-pi_0320.jpg,pituitary,33561,512,512,RGB,JPEG,8e2b4a6d3ce98d740a636942e40c14783eac078cf1758678c9d5aee948057aa7,c00e2b7d3db17c64,True,
Training,Training/notumor/Tr-no_0368.jpg,notumor,20545,236,269,RGB,JPEG,25dbc9664f03a7af82b74aec6c5497cd94dc5f6f639907656725d0ac88cfd111,c00f3b202f9bb56e,True,
Training,Training/notumor/Tr-no_0125.jpg,notumor,20545,236,269,RGB,JPEG,25dbc9664f03a7af82b74aec6c5497cd94dc5f6f639907656725d0ac88cfd111,c00f3b202f9bb56e,True,
Training,Training/notumor/Tr-no_0120.jpg,notumor,20545,236,269,RGB,JPEG,25dbc9664f03a7af82b74aec6c5497cd94dc5f6f639907656725d0ac88cfd111,c00f3b202f9bb56e,True,
Training,Training/notumor/Tr-no_0365.jpg,notumor,20545,236,269,RGB,JPEG,25dbc9664f03a7af82b74aec6c5497cd94dc5f6f639907656725d0ac88cfd111,c00f3b202f9bb56e,True,
Training,Training/notumor/Tr-no_1293.jpg,notumor,9524,228,221,RGB,JPEG,3f9bbd6bcf3ed8d611183024645200a6573970e6c04f9d1cd30e94c98b2bad58,c02f3f703c707966,True,
Training,Training/notumor/Tr-no_1499.jpg,notumor,8726,228,221,RGB,JPEG,0578ce3a9dc5761f9374d76cbd36a3d9c5937a6cedc02d44cfc6ee5c1abc6b90,c02f3f703c707966,True,
Training,Training/notumor/Tr-no_0553.jpg,notumor,8190,225,225,RGB,JPEG,ad1d10ca71f6f4790709285a60994693a8330210298f3a8482dd70a1085dd38e,c0323f0d3bc6cd36,True,
Training,Training/notumor/Tr-no_1112.jpg,notumor,5931,225,225,RGB,JPEG,c3da82d44359f4a1507b3e235886d2e0e555d0d31fb27a32bb20e6937d401dfc,c0323f0d3bc6cd36,True,
Training,Training/notumor/Tr-no_1100.jpg,notumor,11791,225,225,RGB,JPEG,6b73dc365fbc93ff66b40c68f2e5cd259e650193088389a5f1b968b8c537f4f4,c0323f0d3bc6cd36,True,
Training,Training/notumor/Tr-no_0816.jpg,notumor,7847,225,225,RGB,JPEG,05211769975b0d173d0ddbff52bf1ff6a93ddb1945f406874724a14feef2ba9c,c0323f0d3bc6cd36,True,
Training,Training/notumor/Tr-no_0139.jpg,notumor,11791,225,225,RGB,JPEG,6b73dc365fbc93ff66b40c68f2e5cd259e650193088389a5f1b968b8c537f4f4,c0323f0d3bc6cd36,True,
Training,Training/notumor/Tr-no_0723.jpg,notumor,12465,206,244,RGB,JPEG,61f9ff0caf5f1a1a84743aec1ef38f6760e2d3feca81875c89cbbaefa31d2d23,c0350e996fd13ada,True,
Testing,Testing/notumor/Te-no_0351.jpg,notumor,11251,206,244,RGB,JPEG,964d0e2de9852c639b1acfb798d9ce5f5a755506b74485993892f12f40b7e9e6,c0350e996fd13ada,True,
Training,Training/notumor/Tr-no_1426.jpg,notumor,7600,206,244,RGB,JPEG,b10cac313e55aab0da2c7445d973c89ccb32603fddcbc9b4c4ea14db1f7e9fbc,c0370eb86fd13aca,True,
Training,Training/notumor/Tr-no_1541.jpg,notumor,9181,206,244,RGB,JPEG,dc758e1347a0d6393878f783fa5360a49de5a4e026b9426fa1f1d01127041f33,c0370eb86fd13aca,True,
Testing,Testing/notumor/Te-no_0135.jpg,notumor,7483,206,244,RGB,JPEG,9b74381b29ad55596077b474a31922d7238489653360270dc16e41ae0f5ef9b1,c0370eb86fd13aca,True,
Training,Training/notumor/Tr-no_1254.jpg,notumor,7242,206,244,RGB,JPEG,f0b7d2070b123f45c683b89e7b679401cf2e299121c8f8296fba9a633965b662,c0370eb86fd13aca,True,
Training,Training/notumor/Tr-no_1323.jpg,notumor,10128,206,244,RGB,JPEG,d1e83afe507db54907646f7b17ad524d821efa3e19343532712870a6c381b339,c0370eb86fd13aca,True,
Training,Training/notumor/Tr-no_0579.jpg,notumor,16669,393,400,RGB,JPEG,9330a2005429b499301a0573847d1fcfeb71276420068a5817fec5c9cee5be26,c04b2fb57c646c9c,True,
Training,Training/notumor/Tr-no_0033.jpg,notumor,27824,393,400,RGB,JPEG,de08225737a2a8a8ddda2e0684baa925356b9c0fe77585f2992a0980398c2d07,c04b2fb57c646c9c,True,
Training,Training/notumor/Tr-no_1019.jpg,notumor,118796,393,400,RGBA,PNG,9c54a8ba366d8a9881e28dea8f4cc3f8e92fc74b2add2e6b7d7dfcacdee09bb0,c04b2fb57c646c9c,True,
Training,Training/notumor/Tr-no_1197.jpg,notumor,16501,393,400,RGB,JPEG,9e38578d8d8cd7dd19b789f441377e08abca23b363e785afdf8e0412d9129fbc,c04b2fb57c646c9c,True,
Training,Training/notumor/Tr-no_1077.jpg,notumor,27824,393,400,RGB,JPEG,de08225737a2a8a8ddda2e0684baa925356b9c0fe77585f2992a0980398c2d07,c04b2fb57c646c9c,True,
Training,Training/meningioma/Tr-me_0264.jpg,meningioma,10355,212,238,RGB,JPEG,9baac7589f86296c10c7ba8cc026cd6f975fea93d53a82991baff3fee28af182,c04fc00b1b3f3fa5,True,
Testing,Testing/meningioma/Te-me_0087.jpg,meningioma,13775,212,238,RGB,JPEG,ce9682cf32ab75a300537fc7170a731c536079308142e167d949634b29034aec,c04fc00b1b3f3fa5,True,
Training,Training/pituitary/Tr-pi_0921.jpg,pituitary,19859,512,512,L,JPEG,b3702b83372ee6b6cf7b20eae6f27492db189f52a599be79233e6622f256006a,c05f2b2c79b474b2,True,
Training,Training/pituitary/Tr-pi_0929.jpg,pituitary,19538,512,512,L,JPEG,68643c08b53b71bc9c95e4aa6f7eae2056f310597883c2c53ce650a783c98d66,c05f2b2c79b474b2,True,
Testing,Testing/meningioma/Te-me_0019.jpg,meningioma,28301,300,345,RGB,JPEG,6f41b1588a32f33ec72b5d3a277d2a84a3bbc7b030b50dd54b3733f75653e926,c0643b6f3cb070cf,True,
Training,Training/meningioma/Tr-me_0199.jpg,meningioma,24340,300,345,RGB,JPEG,faf979dc936e8bdda191a2af8b4790136ff54f4e9a3319ffaa9f06a3c8216b17,c0643b6f3cb070cf,True,
Training,Training/notumor/Tr-no_0799.jpg,notumor,16663,393,400,RGB,JPEG,2f5281afa2d159a32589dc3b63446784128f62f6183a112cca790866a3f466fa,c0b42f4a3cdb6c63,True,
Training,Training/notumor/Tr-no_1475.jpg,notumor,16502,393,400,RGB,JPEG,6f94742aa97b416c86a75709d1ec3af8f697cbdd9e9366bd22af4e3a3eb38ec7,c0b42f4a3cdb6c63,True,
Training,Training/notumor/Tr-no_0642.jpg,notumor,10076,206,244,RGB,JPEG,66505d78eec85bed4a8a78e9afe09c9e226a5bd0f7e1b4eb904ac6781ed107ef,c0c80e476f2e3f35,True,
Training,Training/notumor/Tr-no_1345.jpg,notumor,10068,206,244,RGB,JPEG,6961473365de7b6378f5572fe8556b980ca08140c23210c7d77533430fa904aa,c0c80e476f2e3f35,True,
Training,Training/notumor/Tr-no_0609.jpg,notumor,7644,206,244,RGB,JPEG,9c8edb64bca8f43dd9b46acebf522300161150324c4071fa9545208d9e60301a,c0c80e476f2f3e35,True,
Training,Training/notumor/Tr-no_1452.jpg,notumor,7684,206,244,RGB,JPEG,e5996ba69ce3955174a4ac90bb72484b6260914348c59e3c5dec7aa53a7ba973,c0c80e476f2f3e35,True,
Training,Training/notumor/Tr-no_1382.jpg,notumor,11722,206,244,RGB,JPEG,36d2baee29de4e8dcea2bcbe2bdb22ce156cd2171a3f8f5437794b5d0f87d86e,c0ca0e676f2e3a35,True,
Training,Training/notumor/Tr-no_0976.jpg,notumor,12496,206,244,RGB,JPEG,59b4ee83e5a97d77ddb3ea2c1036f578bc8fa9dd0b0e9896a346b74b7d511ad7,c0ca0e676f2e3a35,True,
Testing,Testing/notumor/Te-no_0191.jpg,notumor,8224,225,225,RGB,JPEG,46db6d5982ece69de9b45ff83ab2f1cfb97aee8b65311cbe54cac2bdf6c14de5,c0cd2f723b298dc9,True,
Training,Training/notumor/Tr-no_1587.jpg,notumor,7992,225,225,RGB,JPEG,6a0773c8ba10d0bbc1e1b49f045dd7bbf2b5b42a860ea8d83934335d80ea16b6,c0cd2f723b298dc9,True,
Testing,Testing/notumor/Te-no_0372.jpg,notumor,9069,228,221,RGB,JPEG,db9e5d5c901a9e8718c183fce12e4a0f68d625e9e78653033edec15e639ae6e0,c0d03f8f3c8e3999,True,
Training,Training/notumor/Tr-no_1272.jpg,notumor,9323,228,221,RGB,JPEG,f015cab76c9b8378ef66902ba7829a46925e85719d87f78b3be4dfd897e4ba70,c0d03f8f3c8e3999,True,
Testing,Testing/meningioma/Te-me_0025.jpg,meningioma,20735,318,354,RGB,JPEG,bb916ba7fe525b5ba8f325bdfb2941bbb9119c84f0ae3662a59bcd342679cfe8,c0e2193dc7e25d39,True,
Testing,Testing/meningioma/Te-me_0104.jpg,meningioma,11881,213,237,RGB,JPEG,67783a1aeb696e36c1be2bc1af3c0a02d3f61d32248b5bfa2840b22a72b8484e,c0e2193dc7e25d39,True,
Training,Training/meningioma/Tr-me_0205.jpg,meningioma,14912,318,354,RGB,JPEG,8fa0f1b0bad36d5bd71216ede76d56161464a390dd2600b0b1cbb81038188c39,c0e2193dc7e25d39,True,
Training,Training/meningioma/Tr-me_0281.jpg,meningioma,8707,213,237,RGB,JPEG,4951f7ba2e002020c835b3f50136c3249f3ae004624b35a262e65dd431d70e56,c0e2193dc7e25d39,True,
Training,Training/meningioma/Tr-me_0175.jpg,meningioma,8707,213,237,RGB,JPEG,4951f7ba2e002020c835b3f50136c3249f3ae004624b35a262e65dd431d70e56,c0e2193dc7e25d39,True,
Testing,Testing/pituitary/Te-pi_0045.jpg,pituitary,34743,512,512,RGB,JPEG,02799f7863d49de182357e72179f3cc4e65e70099355f2d5aa2e39d356e492d9,c11e4ebb6c6d2174,True,
Training,Training/pituitary/Tr-pi_0668.jpg,pituitary,34743,512,512,RGB,JPEG,02799f7863d49de182357e72179f3cc4e65e70099355f2d5aa2e39d356e492d9,c11e4ebb6c6d2174,True,
Training,Training/meningioma/Tr-me_0203.jpg,meningioma,12216,291,340,RGB,JPEG,704920b952a5b39458c8878301a01e0a109fbdd81f06c502346f6c03913de5ca,c11f156a3f3e4178,True,
Testing,Testing/meningioma/Te-me_0023.jpg,meningioma,16989,291,340,RGB,JPEG,3b2ba8de971d62969e17bbb638dd8ab6ae3d3aa87edacaf28918e9ce8eb95dd9,c11f156a3f3e4178,True,
Training,Training/notumor/Tr-no_0354.jpg,notumor,18772,236,268,RGB,JPEG,2c0036409ce103a8668735db595e18d01fbd821ca66e8ef43c77d6a4add544de,c12c0b983f726dab,True,
Testing,Testing/notumor/Te-no_0090.jpg,notumor,18772,236,268,RGB,JPEG,2c0036409ce103a8668735db595e18d01fbd821ca66e8ef43c77d6a4add544de,c12c0b983f726dab,True,
Testing,Testing/notumor/Te-noTr_0003.jpg,notumor,14906,225,259,RGB,JPEG,f1aa73c33c56a13b8fe3b256ba2e6e3d2d84ddc6f3ed814d874bc88726ac1f9d,c13b1a6c3d646cb3,True,
Training,Training/notumor/Tr-no_0320.jpg,notumor,14906,225,259,RGB,JPEG,f1aa73c33c56a13b8fe3b256ba2e6e3d2d84ddc6f3ed814d874bc88726ac1f9d,c13b1a6c3d646cb3,True,
Training,Training/notumor/Tr-no_1418.jpg,notumor,10936,196,257,RGB,JPEG,0fb7581d2b443234f4c4b8e736cd758a19c11dab42ac0ee5d7aee8518456f7d7,c13b1f743ac26987,True,
Training,Training/notumor/Tr-no_0432.jpg,notumor,10943,196,257,RGB,JPEG,6fe64da08f0a8e68b2b0a183e78fad71fcc8db1c933fa632553ab8a8bca3bb95,c13b1f743ac26987,True,
Training,Training/notumor/Tr-no_0225.jpg,notumor,14360,227,262,RGB,JPEG,2bcf7f2051a470cc90e74522c8141783f4e6e3b36b033e622bb446070804fbce,c13b2ef03d75348c,True,
Training,Training/notumor/Tr-no_0995.jpg,notumor,17058,227,262,RGB,JPEG,094d704894ade3c741e4468742b44b7e404cb3896f3735a3dce775b2ed2f1a51,c13b2ef03d75348c,True,
Training,Training/notumor/Tr-no_1111.jpg,notumor,9299,227,262,RGB,JPEG,cf67016627aedb51ffebc80d18bd21cba9dd61030788044907229b758e75d004,c13b2ef03d75348c,True,
Training,Training/notumor/Tr-no_1126.jpg,notumor,14360,227,262,RGB,JPEG,2bcf7f2051a470cc90e74522c8141783f4e6e3b36b033e622bb446070804fbce,c13b2ef03d75348c,True,
Training,Training/meningioma/Tr-me_0241.jpg,meningioma,8563,216,216,RGB,JPEG,8ae6b462e807908c4ee9ed56dfedef1c5e0151e543d820be29803cd56e4c38ba,c13e1ee16a3479e1,True,
Testing,Testing/meningioma/Te-me_0062.jpg,meningioma,11810,216,216,RGB,JPEG,6a86bd97e2f696c93ab917bef8d9bf7ed7d151237e3bc437aedb265b793c0697,c13e1ee16a3479e1,True,
Training,Training/notumor/Tr-no_0300.jpg,notumor,25105,275,301,RGB,JPEG,95b8ce855e68fcce7fac77b3f4d27aa785b879a2d797d92f85ae232b0fe667e8,c15a1fa53f813e25,True,
Training,Training/notumor/Tr-no_1007.jpg,notumor,40209,275,301,L,JPEG,f5c726bbddf4d79e8bb409819967264cd5b591e23f83d1ec78e3c847febda891,c15a1fa53f813e25,True,
Training,Training/notumor/Tr-no_1087.jpg,notumor,14213,275,301,L,JPEG,01d1c6fbd532ffcffc8e8a12c8ce33f0f06a18d934e6a8eefd129837a318346e,c15a1fa53f813e25,True,
Training,Training/notumor/Tr-no_0887.jpg,notumor,9230,227,262,RGB,JPEG,9e76a3bb0eee7e347d9c9ffb43350326d3e8eafa266aec9ad54f181cc3c7e8b7,c17b2ef03d65348c,True,
Training,Training/notumor/Tr-no_0566.jpg,notumor,9505,227,262,RGB,JPEG,0d6d6f95c76758e01fc927fc0656f84b38fbdab1ac34efdbfe4b88c3100d68d6,c17b2ef03d65348c,True,
Testing,Testing/notumor/Te-no_0294.jpg,notumor,12172,227,262,RGB,JPEG,83844b3d670274f2974a21e3340c8fddd779179062bfa20c7776597945c9fcfb,c17b2ef03d653c84,True,
Training,Training/notumor/Tr-no_1244.jpg,notumor,12128,227,262,RGB,JPEG,b40c80842358663ba771d188038e44454bf6fcb5654ba953a6a2b946f9c65c3f,c17b2ef03d653c84,True,
Testing,Testing/notumor/Te-no_0286.jpg,notumor,12447,227,262,RGB,JPEG,0a1206270c878755fedd89113aa88ddbdece0c14479eaaf8fa31aa96047eb920,c1842e0f3dda347b,True,
Testing,Testing/notumor/Te-no_0176.jpg,notumor,12591,227,262,RGB,JPEG,a81c724dc7c77a334b424a3429b6280e5092c99bba6d61a9c31b274d423e0af0,c1842e0f3dda347b,True,
Training,Training/notumor/Tr-no_1383.jpg,notumor,9303,232,217,RGB,JPEG,29bd72d00d4c467e039beaaf119d9aad893f402adc94c19cdd203a7ec8b4aace,c19e43e71ac12f1e,True,
Testing,Testing/notumor/Te-no_0382.jpg,notumor,9143,232,217,RGB,JPEG,f3a90b6d65602d268247cc24c7c89cc5c71bac8ac3d36416acab5d812ded1cb0,c19e43e71ac12f1e,True,
Training,Training/notumor/Tr-no_0531.jpg,notumor,5538,173,201,RGB,JPEG,66569a97b24135d247166c11fe175dce65f9679a2cb9e949e0cd1fa8beb9989d,c1bc3e477a7870a4,True,
Testing,Testing/notumor/Te-no_0161.jpg,notumor,7549,173,201,RGB,JPEG,5c6697c6cdabf02a143aeaeb8d8324dc09bd56f7f2986ef3d6fac9be52cb92c6,c1bc3e477a7870a4,True,
Training,Training/notumor/Tr-no_1121.jpg,notumor,5596,173,201,RGB,JPEG,59050685601147d937789be7d96a7077bd2262f66146d0b1c72910d6fc14a53d,c1bc3e477a7870a4,True,
Training,Training/notumor/Tr-no_0542.jpg,notumor,5655,173,201,RGB,JPEG,896fc66682646e451ed9b2626bdc6241d2216b44c4b08607e134448b7f412184,c1bc3e477a7870a4,True,
Training,Training/notumor/Tr-no_1223.jpg,notumor,7047,173,201,RGB,JPEG,216effa15cdd3f403ec9c5423d503cb8081c11123e02952b2068fe80b68eef4d,c1bc3e477a7870a4,True,
Testing,Testing/meningioma/Te-me_0099.jpg,meningioma,12968,209,241,RGB,JPEG,776c01ae38336a0f10e1f54fc77e2f307a60c904daaf11713015db72378c54f8,c1c33e3866c33b69,True,
Training,Training/meningioma/Tr-me_0276.jpg,meningioma,9616,209,241,RGB,JPEG,f1871bee9eb8abe560678ed1f1242f4b1e92dc78b99b183e9ac69ad7f147f8f4,c1c33e3866c33b69,True,
Training,Training/notumor/Tr-no_1442.jpg,notumor,10754,196,257,RGB,JPEG,1213a51af133b06ae1be9f2c724c17e4c64c0b2d0bcda72175dd29bab67e2750,c1c41f8b3a3d6978,True,
Training,Training/notumor/Tr-no_0601.jpg,notumor,10852,196,257,RGB,JPEG,d36d0f10bf921d8fdbdf2b927d2b92b41466f0ab1e065632fb19cc369f628288,c1c41f8b3a3d6978,True,
Training,Training/notumor/Tr-no_0586.jpg,notumor,9402,227,262,RGB,JPEG,5672b0b6e7650e8f8675104fddf9af6c4dad65261191c353b87d782d2cffd58f,c1c42e0f3d9a347b,True,
Training,Training/notumor/Tr-no_1232.jpg,notumor,9299,227,262,RGB,JPEG,8f4c7f1f6533019316f71d734eeca9a4f4cb5b066bf91295d7ec98e4e7223e68,c1c42e0f3d9a347b,True,
Testing,Testing/notumor/Te-no_0356.jpg,notumor,9221,227,262,RGB,JPEG,b72c5bf4089d10a974cb8632c0143b50595dc5a2c89a848a110d9eeb9a643f4f,c1c42e0f3d9a347b,True,
Training,Training/notumor/Tr-no_1551.jpg,notumor,11756,208,242,RGB,JPEG,229a9cb596bb8c38bc6ff0bca530ebc255ddcba6c8db546a3754355a89556eaa,c20e1cfb3bb0ca78,True,
Training,Training/notumor/Tr-no_1388.jpg,notumor,11766,208,242,RGB,JPEG,c6eab5a180a3db800d5eeb4531d01b57ae5aa432171cfafa8b1f8cfecfed4c53,c20e1cfb3bb0ca78,True,
Testing,Testing/notumor/Te-no_0115.jpg,notumor,11747,208,242,RGB,JPEG,fe2c4a60ad4af058a8920fbf50bada00152b94b48bd71e4ee853ee199a0050dc,c20e1cfb3bb0ca78,True,
Training,Training/notumor/Tr-no_0911.jpg,notumor,19183,208,242,RGB,JPEG,64491133e54022954317a012d8ab85e0932dd06b361d39b2f3a46dd7d808032c,c20e1cfb3bb0ca78,True,
Training,Training/meningioma/Tr-me_1294.jpg,meningioma,15542,512,512,L,JPEG,3f2e25e763d4bfa91cdeaed943912c4bebd420d9a370c22c6af26dc4182a79b7,c20f2ff434c3323d,True,
Training,Training/meningioma/Tr-me_1293.jpg,meningioma,17162,512,512,L,JPEG,de8592a85364773572a57567375e3e8e73e38913c60c51d1bbb5306354c61322,c20f2ff434c3323d,True,
Training,Training/notumor/Tr-no_1141.jpg,notumor,12991,235,227,RGB,JPEG,c6b37dbcc8c59a18f68c4ecde7f081eb0caa8cae6edb6d438e11170f0736bf01,c21e2ce169b334db,True,
Training,Training/notumor/Tr-no_0179.jpg,notumor,12991,235,227,RGB,JPEG,c6b37dbcc8c59a18f68c4ecde7f081eb0caa8cae6edb6d438e11170f0736bf01,c21e2ce169b334db,True,
Testing,Testing/notumor/Te-no_0023.jpg,notumor,12991,235,227,RGB,JPEG,c6b37dbcc8c59a18f68c4ecde7f081eb0caa8cae6edb6d438e11170f0736bf01,c21e2ce169b334db,True,
Training,Training/notumor/Tr-no_0504.jpg,notumor,32264,468,444,RGB,JPEG,4e8128f0ab7851669e46d62f1ce1b51dbcae2d24b1b13fe29efc0146c218364c,c22d2f343f603f70,True,
Training,Training/notumor/Tr-no_1263.jpg,notumor,30294,468,444,RGB,JPEG,94d9a27262d2e96031f87785b92cd3bb889216e5a16f27c07064ec37e8489c14,c22d2f343f603f70,True,
Testing,Testing/notumor/Te-no_0226.jpg,notumor,23755,468,444,RGB,JPEG,a81f7e980d7a7c505c767f190fcfe9a1a26d95d37a2b47eb298189f17c2664fc,c22f2b343f603f70,True,
Training,Training/notumor/Tr-no_0036.jpg,notumor,28639,468,444,RGB,JPEG,1180fefcd5ba2a8f43c541c3158c3d6b3edb8309eab8dc9c61f109d10d5b5050,c22f2b343f603f70,True,
Training,Training/notumor/Tr-no_1080.jpg,notumor,28639,468,444,RGB,JPEG,1180fefcd5ba2a8f43c541c3158c3d6b3edb8309eab8dc9c61f109d10d5b5050,c22f2b343f603f70,True,
Training,Training/glioma/Tr-gl_0138.jpg,glioma,13921,512,512,L,JPEG,dd2b85dcc22e042b17b1e4b1978292deb65c4cbb00dc74f38920dda603bd7dcb,c22f2df034c332cf,True,
Training,Training/glioma/Tr-gl_0136.jpg,glioma,14554,512,512,L,JPEG,b3e23a07ea2fe7eb605c6b788bcfe709e586b7923abcacf910a74d8f1b15badd,c22f2df034c332cf,True,
Training,Training/notumor/Tr-no_0695.jpg,notumor,7675,228,221,RGB,JPEG,93171133cad17dcc6a31c80aca685a9a5ffec083cbddcb3be5242547a19b3962,c22f2df074931cda,True,
Training,Training/notumor/Tr-no_1030.jpg,notumor,5868,228,221,RGB,JPEG,173a41b949f0af0ea4e90b335de0e1885e92e9ad296cd59ab88646ac39e17fc7,c22f2df074931cda,True,
Training,Training/notumor/Tr-no_1108.jpg,notumor,11520,228,221,RGB,JPEG,b7c27d5f1a82137601cc7630779fe2aa120bd9cfd9ddf3a2607c86255de7c9f0,c22f2df074931cda,True,
Training,Training/notumor/Tr-no_0153.jpg,notumor,11520,228,221,RGB,JPEG,b7c27d5f1a82137601cc7630779fe2aa120bd9cfd9ddf3a2607c86255de7c9f0,c22f2df074931cda,True,
Training,Training/notumor/Tr-no_0545.jpg,notumor,8015,228,221,RGB,JPEG,15de12ab703d346ae376cd9733744eb06e094ff88fd36ce13f276aeed31b806e,c22f2df074931cda,True,
Training,Training/notumor/Tr-no_1532.jpg,notumor,7633,228,221,RGB,JPEG,8e300af04a1c9b826b8d260c098e2f1dad04ae448fb331cf8556641a269f7a4c,c22f2df074931cda,True,
Training,Training/notumor/Tr-no_1400.jpg,notumor,8142,225,225,RGB,JPEG,b85761e66260b5fb7c8198db594c455c16b926705379433315443af308c60de3,c22f2f303bb26c33,True,
Testing,Testing/notumor/Te-no_0120.jpg,notumor,8128,225,225,RGB,JPEG,4bbdb79d5b12e1cbdbbfe6784c166837db43e084c20b1e814b040eb81a8ad8a5,c22f2f303bb26c33,True,
Training,Training/notumor/Tr-no_1561.jpg,notumor,7920,225,225,RGB,JPEG,3cd57cc1542dfabf30754e4c31d4c93c72155f33e17533172e7a2ed685510f5a,c22f2f303bb26c33,True,
Training,Training/notumor/Tr-no_1427.jpg,notumor,7361,225,225,RGB,JPEG,a04f7a2254302402e81ad80a6a5ca1ef424df124b7e2ada86e53402f996c89cc,c22f3bf03d92709a,True,
Training,Training/notumor/Tr-no_0444.jpg,notumor,20278,512,512,RGB,JPEG,834db082aecf03f2310a9599b16642f5f3a4d76da639d92bd083305cad59111e,c22f3bf03d92709a,True,
Training,Training/notumor/Tr-no_0243.jpg,notumor,53928,630,630,RGB,JPEG,457bb992bb7e34fa6aab66824086e47d6751f00578cf6fac23016408b751f6cc,c2386f3e38c7b01e,True,
Training,Training/notumor/Tr-no_0022.jpg,notumor,29252,442,442,RGB,JPEG,71cc91673927e9148f575e602494044857ffecbd3a5f21de266639d4186a9e64,c2386f3e38c7b01e,True,
Training,Training/meningioma/Tr-me_0820.jpg,meningioma,15653,512,512,L,JPEG,ba26d02f1509302942f95c700fe0d657c70c029888020dd1aab74385a75087be,c23b2de074e336cc,True,
Testing,Testing/meningioma/Te-me_0151.jpg,meningioma,14692,512,512,L,JPEG,c88bc40e0c589e1ea9b44de21425d12e602dd8d9a46378cac609f9867acacd0a,c23b2de074e336cc,True,
Training,Training/notumor/Tr-no_0192.jpg,notumor,35982,354,443,RGB,JPEG,05ec18666c6b751b8845a93824ea25c9bb251606b71f76c0c3875d69e973f72d,c23b3fe22cc13497,True,
Training,Training/notumor/Tr-no_0980.jpg,notumor,35982,354,443,RGB,JPEG,05ec18666c6b751b8845a93824ea25c9bb251606b71f76c0c3875d69e973f72d,c23b3fe22cc13497,True,
Training,Training/notumor/Tr-no_0037.jpg,notumor,35931,442,442,RGB,JPEG,b396caa83da170f384de32368fd40ab0fbb00232e12fd2b463eddff69741af44,c23b6de135e3308e,True,
Training,Training/notumor/Tr-no_1081.jpg,notumor,35931,442,442,RGB,JPEG,b396caa83da170f384de32368fd40ab0fbb00232e12fd2b463eddff69741af44,c23b6de135e3308e,True,
Testing,Testing/notumor/Te-noTr_0000.jpg,notumor,11110,236,236,RGB,JPEG,3a4344d358c8faf37824a990ee88b70b6af511ac1925c3d96a831dc579d620db,c23d0d303cf3c9cb,True,
Training,Training/notumor/Tr-no_0041.jpg,notumor,8717,236,236,RGB,JPEG,bb9c025c5eb356f3320db5c35e8d2b0ce4489ca23cb78b5c9735d33db6ed6d61,c23d0d303cf3c9cb,True,
Training,Training/glioma/Tr-gl_0391.jpg,glioma,13745,512,512,L,JPEG,6b75b33c104238feff9c2d438e64b93baad11d39943c80d8ca487c1670f9fbf5,c23e2de034c772ce,True,
Training,Training/glioma/Tr-gl_0390.jpg,glioma,14793,512,512,L,JPEG,a7b34ba88ef8b47db096336683550988bbf8cb30042b37acaacb597d53a51b87,c23e2de034c772ce,True,
Testing,Testing/notumor/Te-no_0065.jpg,notumor,16209,236,257,RGB,JPEG,76a70a3f68103e335f080a323d763fbda5febc37e4714c2f9b54499795f13fa3,c23e68e82fe11aa7,True,
Training,Training/notumor/Tr-no_0328.jpg,notumor,16209,236,257,RGB,JPEG,76a70a3f68103e335f080a323d763fbda5febc37e4714c2f9b54499795f13fa3,c23e68e82fe11aa7,True,
Training,Training/notumor/Tr-no_0362.jpg,notumor,16209,236,257,RGB,JPEG,76a70a3f68103e335f080a323d763fbda5febc37e4714c2f9b54499795f13fa3,c23e68e82fe11aa7,True,
Testing,Testing/notumor/Te-no_0030.jpg,notumor,16209,236,257,RGB,JPEG,76a70a3f68103e335f080a323d763fbda5febc37e4714c2f9b54499795f13fa3,c23e68e82fe11aa7,True,
Training,Training/notumor/Tr-no_0977.jpg,notumor,16209,236,257,RGB,JPEG,76a70a3f68103e335f080a323d763fbda5febc37e4714c2f9b54499795f13fa3,c23e68e82fe11aa7,True,
Training,Training/notumor/Tr-no_1295.jpg,notumor,34543,428,417,RGB,JPEG,5865295199900345459fc27f5627714da942a67d44d5005f43fb7d31d1f6889c,c23f0ef02f613cc3,True,
Training,Training/notumor/Tr-no_0694.jpg,notumor,13517,227,222,RGB,JPEG,da05e4b5b22623aa68cc760f36103e65eaabbae42674fa5c9f0ff676fa5e253c,c23f0ef02f613cc3,True,
Testing,Testing/notumor/Te-no_0304.jpg,notumor,35594,428,417,RGB,JPEG,727fdb903dca705969e7a0f037e2b2e6b8ffd920f0128cead1244ee1350eaf02,c23f0ef02f613cc3,True,
Testing,Testing/meningioma/Te-me_0032.jpg,meningioma,32046,442,442,RGB,JPEG,b31d723ab6491c8da12fddc8b756b398e5f35cf08f063f092b1a8c7cbc2d78c3,c23f2df0700f36d8,True,
Training,Training/meningioma/Tr-me_0270.jpg,meningioma,8899,225,225,RGB,JPEG,e465760e8b0ca460951cfa70174020194061c32793bc236212be4280a8b25a6e,c23f2df0700f36d8,True,
Training,Training/meningioma/Tr-me_0212.jpg,meningioma,23728,442,442,RGB,JPEG,f260fc621e5ae555a5eaaab2dcb29d491386a3849191b0ff9556bdf18a5ada76,c23f2df0700f36d8,True,
Testing,Testing/meningioma/Te-me_0093.jpg,meningioma,11617,225,225,RGB,JPEG,a63f2866a725f2b4a72deebd9399962fa5fd20a0a5a7b3c571bd97ba1365c857,c23f2df0700f36d8,True,
Training,Training/notumor/Tr-no_1261.jpg,notumor,19934,393,400,RGB,JPEG,f6b0c61bfa2a0607ee37ff9b1fc7c3dd37e5bfd3ea501e37a443bac568293de0,c24b2fb43ce66496,True,
Testing,Testing/notumor/Te-no_0174.jpg,notumor,20733,393,400,RGB,JPEG,9f6621c4b8fafb988dd0298fd0ed4c3ada285fd635799e0fd4862a7adbca87a0,c24b2fb43ce66496,True,
Training,Training/notumor/Tr-no_0459.jpg,notumor,6014,192,192,RGB,JPEG,6774b2137c7f1785385cf64b7fde608287f3f7e05c29d7dfc114443b01e40b62,c24d3db630d93297,True,
Testing,Testing/notumor/Te-no_0370.jpg,notumor,6012,192,192,RGB,JPEG,46dd6b7c724ac9bc7e4c3777fbf940359e5d28ea88e883d198c25ebf10a7ba34,c24d3db630d93297,True,
Testing,Testing/notumor/Te-no_0033.jpg,notumor,11432,227,213,RGB,JPEG,06e6f334b7e990bd685265cea5af2b11410235f4a3baad476c964249310330f3,c24d3ff06c64389b,True,
Training,Training/notumor/Tr-no_0070.jpg,notumor,11432,227,213,RGB,JPEG,06e6f334b7e990bd685265cea5af2b11410235f4a3baad476c964249310330f3,c24d3ff06c64389b,True,
Training,Training/notumor/Tr-no_0971.jpg,notumor,15016,234,225,RGB,JPEG,16bdc3ca286cca1bb4761deeca41c63f5626ac65aff85231686caf5c3897c210,c24f2db4309372db,True,
Training,Training/notumor/Tr-no_0330.jpg,notumor,15016,234,225,RGB,JPEG,16bdc3ca286cca1bb4761deeca41c63f5626ac65aff85231686caf5c3897c210,c24f2db4309372db,True,
Testing,Testing/notumor/Te-no_0066.jpg,notumor,15016,234,225,RGB,JPEG,16bdc3ca286cca1bb4761deeca41c63f5626ac65aff85231686caf5c3897c210,c24f2db4309372db,True,
Training,Training/notumor/Tr-no_0342.jpg,notumor,14987,233,226,RGB,JPEG,eed488f2e399ac4a011a52b70eff0a73837f1f2b8ef02297841792ba819420bc,c24f2db43096727b,True,
Testing,Testing/notumor/Te-no_0078.jpg,notumor,14987,233,226,RGB,JPEG,eed488f2e399ac4a011a52b70eff0a73837f1f2b8ef02297841792ba819420bc,c24f2db43096727b,True,
Training,Training/notumor/Tr-no_1090.jpg,notumor,15730,235,227,RGB,JPEG,f90baa21f7026f0f5c8595cb4c58a728618b80c679b18dbb42f4e77420262ac5,c24f2db434937279,True,
Testing,Testing/notumor/Te-noTr_0008.jpg,notumor,15730,235,227,RGB,JPEG,f90baa21f7026f0f5c8595cb4c58a728618b80c679b18dbb42f4e77420262ac5,c24f2db434937279,True,
Training,Training/notumor/Tr-no_0053.jpg,notumor,14413,235,227,RGB,JPEG,856779c9208bce47defb64d82d26002ecf3c89161a4eafdceb1dc6082f06eefb,c24f2db434937279,True,
Training,Training/notumor/Tr-no_0687.jpg,notumor,9522,150,198,RGB,JPEG,cfb54c92b70a8fcad9e044176aa34896ad9accd8dcdbf75aaea06beda5bcf409,c2574c2a47a74e7c,True,
Training,Training/notumor/Tr-no_1221.jpg,notumor,9018,150,198,RGB,JPEG,29640e5630fc34bacfcabe9e4669020c44be5f2223d93432b4b89df1077126bd,c2574c2a47a74e7c,True,
Training,Training/notumor/Tr-no_1406.jpg,notumor,20039,441,442,RGB,JPEG,c1865a7d0979fb7726e1ec00bf23c6a32cd0592dd4777baa4bc8129e8e18621c,c25f2bd02d722c9b,True,
Testing,Testing/notumor/Te-no_0123.jpg,notumor,19807,441,442,RGB,JPEG,59fb7aa11aec3c86dbfe14affbd13ddfc5e62c4c194894e49703804840e95f80,c25f2bd02d722c9b,True,
Training,Training/notumor/Tr-no_1567.jpg,notumor,19617,441,442,RGB,JPEG,bc54b86b73a644a2c67585c4d6b556ececc4713548066067779c86cd461db1bf,c25f2bd02d722c9b,True,
Training,Training/notumor/Tr-no_0436.jpg,notumor,8440,225,225,RGB,JPEG,bb3d2ea7dcb807285e538840186e14f75f7d007bd1d59caf71791e8cb43d2d84,c26b2d9c35c3713c,True,
Training,Training/notumor/Tr-no_1422.jpg,notumor,8522,225,225,RGB,JPEG,2878465e9b9bd057896c25ec5841beeaed60fad75475096834a1a57e376044f0,c26b2d9c35c3713c,True,
Training,Training/notumor/Tr-no_1187.jpg,notumor,8251,225,225,RGB,JPEG,0c7d7e3362db30d84b34cfcc2a6eee4c6246d6150c52bf4fea0d900d24bfbeeb,c26b2d9c35c3713c,True,
Training,Training/notumor/Tr-no_1533.jpg,notumor,10160,225,225,RGB,JPEG,f75e20a805f371c6d5e26401f6a5e6cdf991eae503dd3bc648158f68915ce3d2,c26b2db435d3313c,True,
Training,Training/notumor/Tr-no_1314.jpg,notumor,10651,225,225,RGB,JPEG,a3fbebe743b82a3cfdfc22ba77aecec7867a8e773cb7b4a6ef05896a2b0bde8e,c26b2db435d3313c,True,
Training,Training/notumor/Tr-no_0359.jpg,notumor,9683,236,236,RGB,JPEG,ad26946bf8b6ba5be922f24ab271337964fc35675fa4d0398719e33665337ece,c26b2fb43492339b,True,
Testing,Testing/notumor/Te-no_0096.jpg,notumor,9683,236,236,RGB,JPEG,ad26946bf8b6ba5be922f24ab271337964fc35675fa4d0398719e33665337ece,c26b2fb43492339b,True,
Testing,Testing/notumor/Te-no_0072.jpg,notumor,11990,236,231,RGB,JPEG,9d338079dd3288665657816ebeec6ada298761e0ff9f4c22a59f05c46768db14,c26d2d343dc3719a,True,
Training,Training/notumor/Tr-no_0394.jpg,notumor,11990,236,231,RGB,JPEG,9d338079dd3288665657816ebeec6ada298761e0ff9f4c22a59f05c46768db14,c26d2d343dc3719a,True,
Training,Training/notumor/Tr-no_0335.jpg,notumor,11990,236,231,RGB,JPEG,9d338079dd3288665657816ebeec6ada298761e0ff9f4c22a59f05c46768db14,c26d2d343dc3719a,True,
Testing,Testing/notumor/Te-no_0021.jpg,notumor,11990,236,231,RGB,JPEG,9d338079dd3288665657816ebeec6ada298761e0ff9f4c22a59f05c46768db14,c26d2d343dc3719a,True,
Training,Training/notumor/Tr-no_0978.jpg,notumor,11990,236,231,RGB,JPEG,9d338079dd3288665657816ebeec6ada298761e0ff9f4c22a59f05c46768db14,c26d2d343dc3719a,True,
Training,Training/meningioma/Tr-me_1313.jpg,meningioma,14075,512,512,L,JPEG,592e6bac493629742729200e79098e971a4df440405a30e99810f82bf27b5427,c26d3db4309333cd,True,
Training,Training/meningioma/Tr-me_1312.jpg,meningioma,13610,512,512,L,JPEG,6e5ca8d2cbba5c2a2633f42b799660ff02b02dec3cbc72cc6263797f759137ea,c26d3db4309333cd,True,
Testing,Testing/meningioma/Te-me_0037.jpg,meningioma,13220,300,258,RGB,JPEG,dd744532f6d754160bbcb4b1c72a140d4f63874222ef8785d22d0ac046271bc9,c26f2fa42c3364ce,True,
Training,Training/meningioma/Tr-me_0188.jpg,meningioma,9972,300,258,RGB,JPEG,102ec1a84a997171c48cea71d746215bea0fc31cbf51d3a6ba13bea5194b0bf3,c26f2fa42c3364ce,True,
Training,Training/notumor/Tr-no_1366.jpg,notumor,8148,225,225,RGB,JPEG,fbc22e6422e4080e0cc43f4183359d813487f41df1b5fdf7c68e463c5951c7a7,c2902ecf3b4d6ccc,True,
Testing,Testing/notumor/Te-no_0402.jpg,notumor,8119,225,225,RGB,JPEG,ccfd2ed5cf8341fc0cd00e6d36133e42fb17dc55ac06238f1f7176a2d90d428f,c2902ecf3b4d6ccc,True,
Training,Training/notumor/Tr-no_1493.jpg,notumor,30111,468,444,RGB,JPEG,9e3d760bc57c57ba974dc2d146ae911d649c3dc3181e3fbc69bbb54bba47cd49,c2922bcb3b8f2c8b,True,
Training,Training/notumor/Tr-no_0685.jpg,notumor,31885,468,444,RGB,JPEG,50126bf62fc02a8d2a73941ea1cddc7f01510852e01e61a6da2e7fe89e08865e,c2922bcb3b8f2c8b,True,
Training,Training/notumor/Tr-no_1338.jpg,notumor,10498,225,225,RGB,JPEG,8e1c4b47069ea594a974470089f7e7487605e9bc636910af4a0596ddf52e2b03,c2962d4b356d71c3,True,
Testing,Testing/notumor/Te-no_0264.jpg,notumor,10445,225,225,RGB,JPEG,ae9bc89a633d4319bcae3d87d143932f21944f9f36009a33f023623a3e096b03,c2962d4b356d71c3,True,
Training,Training/notumor/Tr-no_1445.jpg,notumor,8468,225,225,RGB,JPEG,4eccc20320ba58dff7472b35b154f1bafcf941e78a7ae1063843a7db356a41f0,c2962d63353c71c7,True,
Training,Training/notumor/Tr-no_0604.jpg,notumor,8444,225,225,RGB,JPEG,095f490add721bac4d19a102bd1ca17506a98c75ef5a73eed77b9c9dc9b8ae6b,c2962d63353c71c7,True,
Testing,Testing/notumor/Te-no_0044.jpg,notumor,12060,236,236,RGB,JPEG,d07ac7d4c62a45c3ca88e4b57cf485acd22b5d5f5e519110f769eb0cd9169d47,c29b0f703d6330cf,True,
Training,Training/notumor/Tr-no_0057.jpg,notumor,9553,236,236,RGB,JPEG,fb9efc392533bc8dbbc3d107a43a31b16d512b881955e4a9c37592305dbe58da,c29b0f703d6330cf,True,
Training,Training/notumor/Tr-no_0291.jpg,notumor,12060,236,236,RGB,JPEG,d07ac7d4c62a45c3ca88e4b57cf485acd22b5d5f5e519110f769eb0cd9169d47,c29b0f703d6330cf,True,
Testing,Testing/notumor/Te-no_0012.jpg,notumor,12060,236,236,RGB,JPEG,d07ac7d4c62a45c3ca88e4b57cf485acd22b5d5f5e519110f769eb0cd9169d47,c29b0f703d6330cf,True,
Testing,Testing/notumor/Te-no_0055.jpg,notumor,12060,236,236,RGB,JPEG,d07ac7d4c62a45c3ca88e4b57cf485acd22b5d5f5e519110f769eb0cd9169d47,c29b0f703d6330cf,True,
Training,Training/notumor/Tr-no_0324.jpg,notumor,12060,236,236,RGB,JPEG,d07ac7d4c62a45c3ca88e4b57cf485acd22b5d5f5e519110f769eb0cd9169d47,c29b0f703d6330cf,True,
Testing,Testing/notumor/Te-no_0061.jpg,notumor,12060,236,236,RGB,JPEG,d07ac7d4c62a45c3ca88e4b57cf485acd22b5d5f5e519110f769eb0cd9169d47,c29b0f703d6330cf,True,
Training,Training/notumor/Tr-no_0180.jpg,notumor,12060,236,236,RGB,JPEG,d07ac7d4c62a45c3ca88e4b57cf485acd22b5d5f5e519110f769eb0cd9169d47,c29b0f703d6330cf,True,
Training,Training/notumor/Tr-no_0984.jpg,notumor,12060,236,236,RGB,JPEG,d07ac7d4c62a45c3ca88e4b57cf485acd22b5d5f5e519110f769eb0cd9169d47,c29b0f703d6330cf,True,
Training,Training/notumor/Tr-no_0405.jpg,notumor,6514,192,192,RGB,JPEG,38ad22a77c6fd49336ffe1311bd64c7eb5cfaf116eed95f44126ff72fd467552,c2b23d4930e736d9,True,
Training,Training/notumor/Tr-no_1344.jpg,notumor,6672,192,192,RGB,JPEG,eed7c6503c6f5fa2b9c0bf17e4f1eb55835c5b71353c08842b4039c62f2289dd,c2b23d4930e736d9,True,
Training,Training/notumor/Tr-no_0657.jpg,notumor,6668,192,192,RGB,JPEG,1943c6d2df4c2bb228ca1fb0da17f07584d25055c7640b1fbbac8f35483fa7af,c2b23d4930e736d9,True,
Training,Training/notumor/Tr-no_0452.jpg,notumor,5684,192,192,RGB,JPEG,ff4b41a44e9389717c3a0932fa35d6dd12170aca96f949c274ea22bad75366cd,c2b23d497066367d,True,
Training,Training/notumor/Tr-no_1513.jpg,notumor,6019,192,192,RGB,JPEG,084e3535059ecd9c8ab9f30734eaa0a703a9eb9d18a2d6ea1ff7d0fbcaa75674,c2b23d497066367d,True,
Training,Training/notumor/Tr-no_0632.jpg,notumor,5989,192,192,RGB,JPEG,c47f146249b8b6e4be77ba798bffd7791a9920d6147614309c4dde2aea1f45d9,c2b23d497066367d,True,
Training,Training/notumor/Tr-no_0639.jpg,notumor,7869,225,225,RGB,JPEG,7d135e07239574ba51c8651b790b6c664fd99ee3130f95194fe4c085123095e8,c2b56b5a2d31349d,True,
Training,Training/notumor/Tr-no_1519.jpg,notumor,7608,225,225,RGB,JPEG,987f6c59964c7af4760e6b186080f4c896bdb48a23a2fc00f58becf1459733dd,c2b56b5a2d31349d,True,
Training,Training/notumor/Tr-no_1337.jpg,notumor,7845,225,225,RGB,JPEG,b53b2e120a974735fb7fe2a0c543c4b17dc9553aaa221f36d53e85c3e75d04d6,c2b56b5a2d31349d,True,
Testing,Testing/notumor/Te-no_0270.jpg,notumor,13537,227,222,RGB,JPEG,c0f887e78c46dbfe1db490d2bc83cb13907814f18efde3725cc89bf072aa1af7,c2c00e0f2fde3c3d,True,
Training,Training/notumor/Tr-no_0665.jpg,notumor,35408,428,417,RGB,JPEG,672390a6f25f986ea8d9f6469ca9cad06e0be86a5712e99fce2139e0a909805c,c2c00e0f2fde3c3d,True,
Training,Training/notumor/Tr-no_1332.jpg,notumor,12963,227,222,RGB,JPEG,fd1cdad6cbf8fa8dc2f67f5bf931313042ab22e0246488d120a7d51a760e8875,c2c00e0f2fde3c3d,True,
Testing,Testing/notumor/Te-no_0326.jpg,notumor,34539,428,417,RGB,JPEG,7d01bbb2636442ded3fb98c6419e9afcdf9437d1b29c41dada9a693eafa185a4,c2c00e0f2fde3c3d,True,
Testing,Testing/notumor/Te-no_0362.jpg,notumor,23397,468,444,RGB,JPEG,b703c66346fe60a9d59f7716c69a08352d4811712c086ab67ed98043d3c6ea00,c2c02bcb3b8f2c8f,True,
Training,Training/notumor/Tr-no_0832.jpg,notumor,23781,468,444,RGB,JPEG,662f93904d8ba56d840fc2898552e8adc95a635d368d0b1d0f6bd41a28738722,c2c02bcb3b8f2c8f,True,
Training,Training/notumor/Tr-no_1270.jpg,notumor,10073,225,225,RGB,JPEG,a03a70e8f62edf2dd3e60adf6f1c193075ee0c0b8ddef1e16151cd27e0c23746,c2d02ccf3b4d6ccc,True,
Training,Training/notumor/Tr-no_1510.jpg,notumor,9892,225,225,RGB,JPEG,24886192c0b8853b52660fe46f93f24fb12d3fe2b5a8cfa78d2f8d3e0102dd23,c2d02ccf3b4d6ccc,True,
Training,Training/notumor/Tr-no_1477.jpg,notumor,7803,228,221,RGB,JPEG,a0403fae82625981833d0e4727deec2d6109244f740dd56ddc8b87bda3c7fa6c,c2d02d4f746c1c7d,True,
Training,Training/notumor/Tr-no_0714.jpg,notumor,7882,228,221,RGB,JPEG,1951d119c665308d6d1a1cbd3111392edca066f806f9f5e97ce65a4ab777ac28,c2d02d4f746c1c7d,True,
Testing,Testing/notumor/Te-no_0185.jpg,notumor,8007,228,221,RGB,JPEG,87e1588c99956b54c5bcf59821a46f744eb5233dc6c347e9ecbf819f60cfa09c,c2d02d4f746c1c7d,True,
Training,Training/notumor/Tr-no_1206.jpg,notumor,9111,236,213,RGB,JPEG,7885b62a460199a352cb9df4117bae2b9cd9b2354614805f1b17bcf2cbcbe5e2,c2d22d6f3c4c346d,True,
Training,Training/notumor/Tr-no_0667.jpg,notumor,9599,236,213,RGB,JPEG,faf2482250fb25cdbf4134be6a724aa4cd46f7035d58ed540c81a1b0fef916f8,c2d22d6f3c4c346d,True,
Training,Training/notumor/Tr-no_1353.jpg,notumor,12066,208,242,RGB,JPEG,0841062307b8a925d89cae0ddadb015d9213153952aad7490b6c9c7df5864e77,c2e11c047b4fcf87,True,
Training,Training/notumor/Tr-no_0874.jpg,notumor,19488,208,242,RGB,JPEG,07066a9fbd5996b6a2db1f21ad2cb12f9c324e68619eaea954ea610b216b217f,c2e11c047b4fcf87,True,
Training,Training/notumor/Tr-no_1371.jpg,notumor,19873,441,442,RGB,JPEG,4be242d24f503e383f7631090a7de2df84f1805570a9a146ddd9f5942d6fdc64,c2e42b2f2dbd2c64,True,
Training,Training/notumor/Tr-no_0397.jpg,notumor,19831,441,442,RGB,JPEG,2ca91b5fa2b1bbca449039c10659e0acb52cdb5ee33b9b86dd819d9e0ffbbbdf,c2e42b2f2dbd2c64,True,
Training,Training/notumor/Tr-no_0277.jpg,notumor,71744,728,725,RGB,JPEG,65171c43207bd38c794fd14bf5f513325e8a4fe207f71539009bfb4f78b347d8,c31e2db43c9334cd,True,
Training,Training/notumor/Tr-no_1152.jpg,notumor,71744,728,725,RGB,JPEG,65171c43207bd38c794fd14bf5f513325e8a4fe207f71539009bfb4f78b347d8,c31e2db43c9334cd,True,
Training,Training/notumor/Tr-no_1265.jpg,notumor,7075,225,225,RGB,JPEG,d8642f2eb5e48b9def1b8ae3adfb53ffc462a1f98202ae944382aaa4ad12e0fd,c32f3bf03d92309a,True,
Training,Training/notumor/Tr-no_0442.jpg,notumor,7283,225,225,RGB,JPEG,090dac42b804f6ffe3719c23f945985189585b692901f195bac20bf5466ad98c,c32f3bf03d92309a,True,
Training,Training/notumor/Tr-no_1476.jpg,notumor,21954,442,454,RGB,JPEG,f37e9a7028f2ae0c6fa644dc51758e111394dcd37a8cd4cea6d60df7f1ac8a15,c3352d6334b432cf,True,
Training,Training/notumor/Tr-no_0810.jpg,notumor,21915,442,454,RGB,JPEG,9825288ca0ecdd46bb9b40ee15bfc5e27360ad86667442abd2e55972661ed8a1,c3352d6334b432cf,True,
Training,Training/notumor/Tr-no_0218.jpg,notumor,107824,825,832,RGB,JPEG,a8bf58f1fee6cc15adfbbbbe78513606502269b917a52dfe0991621ad5ba401c,c3363cd864b335c9,True,
Training,Training/notumor/Tr-no_1071.jpg,notumor,107824,825,832,RGB,JPEG,a8bf58f1fee6cc15adfbbbbe78513606502269b917a52dfe0991621ad5ba401c,c3363cd864b335c9,True,
Testing,Testing/notumor/Te-no_0380.jpg,notumor,29046,504,540,RGB,JPEG,330669bc3f31f0a0b5fe0417f63e8e23390bc70b4ed89c129cf15965d3007588,c33b2dd4349e7066,True,
Training,Training/notumor/Tr-no_0846.jpg,notumor,51697,504,540,RGB,JPEG,9b2226c0b9f8ab1cd59851d6269133488b41238e95b06debbe305b4d1eeb7260,c33b2dd4349e7066,True,
Training,Training/notumor/Tr-no_1318.jpg,notumor,33371,504,540,RGB,JPEG,6bbd598920e7e8473cd34f3543be8a4d46b4f593ed26935de5daea9fbcbca628,c33b2dd4349e7066,True,
Training,Training/notumor/Tr-no_0438.jpg,notumor,25074,504,540,RGB,JPEG,03c103deb384241129d3ff041a75183af771fa1591da3ab60bd23e292928ec6c,c33b2dd4349e7066,True,
Training,Training/notumor/Tr-no_0948.jpg,notumor,38915,504,540,RGB,JPEG,3638762e35802a4a7eb0ada08c6bd1cdf17f43f5a328d45d9ce7656893659b0a,c33b2dd4349e7066,True,
Testing,Testing/notumor/Te-no_0025.jpg,notumor,15244,208,217,RGB,JPEG,053a6036a57e58922ce011f713ddb44f78af390306aa055803e24338eb977075,c33c2b343cf32c93,True,
Training,Training/notumor/Tr-no_0329.jpg,notumor,15244,208,217,RGB,JPEG,053a6036a57e58922ce011f713ddb44f78af390306aa055803e24338eb977075,c33c2b343cf32c93,True,
Training,Training/notumor/Tr-no_0753.jpg,notumor,9861,232,217,RGB,JPEG,684796fa57521bf38e64647b6b68ada66d4e8aeb30cafcfec67cb70b674b977d,c33f2d70349319dc,True,
Testing,Testing/notumor/Te-no_0205.jpg,notumor,9879,232,217,RGB,JPEG,48f077e1ad306a369c2545f5a5af229e5e221fa94771d64be50d6d3b661e5287,c33f2d70349319dc,True,
Testing,Testing/notumor/Te-no_0302.jpg,notumor,9947,232,217,RGB,JPEG,bda5c19bcba8c9e60f42ea8b9f49a505193b9a1db9cbd9d9c8c319c8ec9b7465,c33f2d70359319cc,True,
Training,Training/notumor/Tr-no_1118.jpg,notumor,14958,232,217,RGB,JPEG,3a34904d65c8cc7579373460050623901047e49eec67a5d635390374c5b48634,c33f2d70359319cc,True,
Training,Training/notumor/Tr-no_0165.jpg,notumor,14958,232,217,RGB,JPEG,3a34904d65c8cc7579373460050623901047e49eec67a5d635390374c5b48634,c33f2d70359319cc,True,
Training,Training/notumor/Tr-no_1051.jpg,notumor,7882,232,217,RGB,JPEG,3e7a6a53891855f9773da2427b7621464e87e48634af7203ae4416761d087b60,c33f2d70359319cc,True,
Training,Training/notumor/Tr-no_0446.jpg,notumor,42496,680,680,RGB,JPEG,7d3ed9bbd82529237c3a31107966ecad504ffb5d3ed73ba36d19d8cd1d8e0d48,c33f6cb02f903cd2,True,
Training,Training/notumor/Tr-no_0957.jpg,notumor,72720,680,680,RGB,JPEG,a4ed4586d703009da60b5a21b1202e9b828cf9e49bb29ccf38deb34756ce035e,c33f6cb02f903cd2,True,
Testing,Testing/notumor/Te-no_0155.jpg,notumor,55185,680,680,RGB,JPEG,d7bdf79e2e359e716992b14783ea46e6e6df1edaac904aa7cc85712b0bfaa4b6,c33f6cb037903c72,True,
Training,Training/notumor/Tr-no_0856.jpg,notumor,95946,680,680,RGB,JPEG,3ddeea6a885fe0abe47b3ae14f4694a85e7b4a5cc2b43cb5407288ffc585a62c,c33f6cb037903c72,True,
Training,Training/notumor/Tr-no_0488.jpg,notumor,7525,173,201,RGB,JPEG,03b62d5927d31725332f245f09cd57a5c8fb8008dc87c1a26ee2af3b552c1016,c3433eb87a87701b,True,
Training,Training/notumor/Tr-no_1484.jpg,notumor,6406,173,201,RGB,JPEG,29ccdffcab86e68a3c02fa995b2d9702a8726a3897722e059155618a39be6612,c3433eb87a87701b,True,
Training,Training/notumor/Tr-no_1241.jpg,notumor,7057,173,201,RGB,JPEG,580738fcbb7a6e65340fbdaea4ee0132ec6bacde94a82139d80c5cd4d9291524,c3433eb87a87701b,True,
Training,Training/notumor/Tr-no_1025.jpg,notumor,5316,173,201,RGB,JPEG,5933c7d02ae930f37d29bbe67bff5dd2890344a5c839c03ce3281a428a9c514d,c3433eb87a87701b,True,
Testing,Testing/notumor/Te-no_0311.jpg,notumor,5293,173,201,RGB,JPEG,afe63d04ecd312962bc94970b8f620b34852dabd6615a87103fd0cbb0e07eecd,c3433eb87a87701b,True,
Training,Training/notumor/Tr-no_0565.jpg,notumor,5628,173,201,RGB,JPEG,c4a3cf42c2c5a22ae6017faebad04c285331b375c6916a7f59564231b9ef19b2,c3433eb87a87701b,True,
Training,Training/notumor/Tr-no_1053.jpg,notumor,3848,173,201,RGB,JPEG,3c3bdbcf86cd640b0efb1f4a95726f65664a2b760cf385302947c2549ac78eba,c3433eb87a87701b,True,
Testing,Testing/notumor/Te-no_0277.jpg,notumor,7115,173,201,RGB,JPEG,0ccd5c41bc34ca5a5d786304ea205e5853b53a0c9910647fbf94bdab4d18a2f8,c3433eb87a87701b,True,
Testing,Testing/notumor/Te-no_0049.jpg,notumor,16364,236,280,RGB,JPEG,3897062aac96a4bd1b6b9c1c834eee1358a8277ff7f0f7397dd6e6ba9cbdb46c,c34a3cbf43b47c60,True,
Training,Training/notumor/Tr-no_0045.jpg,notumor,13279,236,280,RGB,JPEG,d4977d06d30eeefc174fa2defb6dba7047e11204f10513fe8e5f7a106e880a77,c34a3cbf43b47c60,True,
Testing,Testing/notumor/Te-no_0027.jpg,notumor,16920,236,295,RGB,JPEG,0ff6650a53df2b89b4e569a7490843229227db14f5fc46fe99afdc789d058796,c35904281fcb4fcf,True,
Training,Training/notumor/Tr-no_0043.jpg,notumor,13765,236,295,RGB,JPEG,917104b021c0753870d708b6f50260397d6b8c0c1eaed6ab598635d014d2a1b6,c35904281fcb4fcf,True,
Training,Training/notumor/Tr-no_0079.jpg,notumor,12856,201,251,RGB,JPEG,23794834130a37699051efa29c29b9af12ae94b6a65d3957d7f9ad667f9bdf0f,c35904281fcb4fcf,True,
Training,Training/notumor/Tr-no_0074.jpg,notumor,12856,201,251,RGB,JPEG,23794834130a37699051efa29c29b9af12ae94b6a65d3957d7f9ad667f9bdf0f,c35904281fcb4fcf,True,
Training,Training/notumor/Tr-no_1162.jpg,notumor,16920,236,295,RGB,JPEG,0ff6650a53df2b89b4e569a7490843229227db14f5fc46fe99afdc789d058796,c35904281fcb4fcf,True,
Training,Training/notumor/Tr-no_1095.jpg,notumor,25759,236,357,RGB,JPEG,2ed15a662d8dcdf6077f3bf8bb4d21722e2a3b90ff2cf194db18b75933a4d322,c3692ca23cb5aec3,True,
Training,Training/notumor/Tr-no_0131.jpg,notumor,25759,236,357,RGB,JPEG,2ed15a662d8dcdf6077f3bf8bb4d21722e2a3b90ff2cf194db18b75933a4d322,c3692ca23cb5aec3,True,
Training,Training/notumor/Tr-no_0369.jpg,notumor,25759,236,357,RGB,JPEG,2ed15a662d8dcdf6077f3bf8bb4d21722e2a3b90ff2cf194db18b75933a4d322,c3692ca23cb5aec3,True,
Training,Training/notumor/Tr-no_0366.jpg,notumor,25759,236,357,RGB,JPEG,2ed15a662d8dcdf6077f3bf8bb4d21722e2a3b90ff2cf194db18b75933a4d322,c3692ca23cb5aec3,True,
Training,Training/notumor/Tr-no_0117.jpg,notumor,25759,236,357,RGB,JPEG,2ed15a662d8dcdf6077f3bf8bb4d21722e2a3b90ff2cf194db18b75933a4d322,c3692ca23cb5aec3,True,
Training,Training/notumor/Tr-no_0420.jpg,notumor,8600,225,225,RGB,JPEG,f7bcef6650bb0844ef3562033adfddb1f5db2c4b2c307df12a8f9cd79aa08e83,c3693cb630c3e69a,True,
Testing,Testing/notumor/Te-no_0387.jpg,notumor,8513,225,225,RGB,JPEG,68bf480ebb23af05864320f4bb68a8b1d767a328add79dc79fba61475eed671f,c3693cb630c3e69a,True,
Training,Training/notumor/Tr-no_1403.jpg,notumor,8636,225,225,RGB,JPEG,7bc71c9c82e90be7aabf30fef051d022f3e6311ff563e26b109cee89ad971d85,c3693cb630c3e69a,True,
Training,Training/notumor/Tr-no_0979.jpg,notumor,12988,236,273,RGB,JPEG,c50e621a36b08a9c2f28e239dc00b27ce321bd8ed715a48ced97515e965473d2,c36b3c9032cbcb2d,True,
Training,Training/notumor/Tr-no_0364.jpg,notumor,12988,236,273,RGB,JPEG,c50e621a36b08a9c2f28e239dc00b27ce321bd8ed715a48ced97515e965473d2,c36b3c9032cbcb2d,True,
Training,Training/notumor/Tr-no_0066.jpg,notumor,7971,209,242,RGB,JPEG,4b0d57d86e8f5a1db58c18b2af1eb41aa7102cb1f3744ff13747465ba458852c,c36b3c9032cbcb2d,True,
Testing,Testing/notumor/Te-no_0100.jpg,notumor,12988,236,273,RGB,JPEG,c50e621a36b08a9c2f28e239dc00b27ce321bd8ed715a48ced97515e965473d2,c36b3c9032cbcb2d,True,
Testing,Testing/notumor/Te-no_0299.jpg,notumor,7461,177,197,RGB,JPEG,8604d28ecdf53fc9c4836bb1f77880f8b1220c6d344c8a6c464c4bb08571a663,c36c6ce33c1c32cb,True,
Training,Training/notumor/Tr-no_1028.jpg,notumor,6039,177,197,RGB,JPEG,111aeacdd05f0a5d85933516c514f1f9626b4ac9a81438c0609847a2efddfa99,c36c6ce33c1c32cb,True,
Training,Training/notumor/Tr-no_0831.jpg,notumor,15574,225,225,RGB,JPEG,d8fa920cea8bccd0a81a0a185bdd422c950b4e47da68f829c1a54946f9fe59e7,c36d3bb4382661b6,True,
Training,Training/notumor/Tr-no_1296.jpg,notumor,10547,225,225,RGB,JPEG,b3a049210a1a46c61dad530451191928d55038e8a4a6695bcb7d4faaafe74844,c36d3bb4382661b6,True,
Training,Training/notumor/Tr-no_0421.jpg,notumor,9008,225,225,RGB,JPEG,5b78a3ddd88c805610aee8a4bc247021c97e0133aab8c43966d8142f0b742ea6,c36d3f243c9461b6,True,
Training,Training/notumor/Tr-no_1404.jpg,notumor,9061,225,225,RGB,JPEG,29273d7176d172d331108aabfa065c4ae7ca6dd366549a9b141259b3967b33df,c36d3f243c9461b6,True,
Training,Training/notumor/Tr-no_1564.jpg,notumor,8789,225,225,RGB,JPEG,95ca879ebc84c46066a4bbcd5ccb93d915a902563925c5e4cca24960c6e8db7a,c36d3f34389461b6,True,
Testing,Testing/notumor/Te-no_0132.jpg,notumor,36641,630,630,RGB,JPEG,6704decba9d274a14f6782f894c2442ca11bcc28fdd50b2d9900fdcc4e895148,c36d3f34389461b6,True,
Training,Training/notumor/Tr-no_1537.jpg,notumor,41946,630,630,RGB,JPEG,84240ec60b33618eac7ffda5a505321f22dddb0be10ade2a418f999403e3f4d7,c36d3fb438266196,True,
Testing,Testing/notumor/Te-no_0152.jpg,notumor,44271,630,630,RGB,JPEG,a1f09043e38e394875bfc6cb98f603ebbf04cca45b72acb1b862cb936a0c9f3c,c36d3fb438266196,True,
Training,Training/notumor/Tr-no_1316.jpg,notumor,44385,630,630,RGB,JPEG,84524f431db761466c684c75f26cd438b9ec9c2cc926ae9c87692f2ddb095248,c36d3fb438266196,True,
Training,Training/notumor/Tr-no_0064.jpg,notumor,12237,236,262,RGB,JPEG,255a288c72a0761a522e99142d6f1a7e820769eebeeae585bf42a733db0e7b7a,c36e1e6169383cb3,True,
Testing,Testing/notumor/Te-no_0019.jpg,notumor,15347,236,262,RGB,JPEG,7b73d6019deb1482bc5fb7027f12719bea983c8eb0b0c0f3e95feb61c90fafb3,c36e1e6169383cb3,True,
Training,Training/notumor/Tr-no_0336.jpg,notumor,15347,236,262,RGB,JPEG,7b73d6019deb1482bc5fb7027f12719bea983c8eb0b0c0f3e95feb61c90fafb3,c36e1e6169383cb3,True,
Training,Training/notumor/Tr-no_1183.jpg,notumor,15347,236,262,RGB,JPEG,7b73d6019deb1482bc5fb7027f12719bea983c8eb0b0c0f3e95feb61c90fafb3,c36e1e6169383cb3,True,
Training,Training/notumor/Tr-no_0325.jpg,notumor,15347,236,262,RGB,JPEG,7b73d6019deb1482bc5fb7027f12719bea983c8eb0b0c0f3e95feb61c90fafb3,c36e1e6169383cb3,True,
Testing,Testing/notumor/Te-no_0062.jpg,notumor,15347,236,262,RGB,JPEG,7b73d6019deb1482bc5fb7027f12719bea983c8eb0b0c0f3e95feb61c90fafb3,c36e1e6169383cb3,True,
Testing,Testing/notumor/Te-no_0073.jpg,notumor,15347,236,262,RGB,JPEG,7b73d6019deb1482bc5fb7027f12719bea983c8eb0b0c0f3e95feb61c90fafb3,c36e1e6169383cb3,True,
Training,Training/notumor/Tr-no_1447.jpg,notumor,37242,630,630,RGB,JPEG,c84a66636fe92271311d54bef432765ec45aadb216ede8770c5f4688d9bd4c17,c3923fcb386b6149,True,
Training,Training/notumor/Tr-no_1369.jpg,notumor,9018,225,225,RGB,JPEG,da403175d7fad140cfc7f2026fdc171a6a23a10c19cea69b522d3eeb757be19a,c3923fcb386b6149,True,
Training,Training/notumor/Tr-no_0606.jpg,notumor,37063,630,630,RGB,JPEG,88283a8a739658a94aee30a2b076a7562724d5bb90dc4969f613072adb761655,c3923fcb386b6149,True,
Training,Training/notumor/Tr-no_1367.jpg,notumor,8639,225,225,RGB,JPEG,8a47d6d488d122406a6af786e347f342089b6dc2b763895324f9fedac98b6026,c3963c49313cf665,True,
Testing,Testing/notumor/Te-no_0403.jpg,notumor,8633,225,225,RGB,JPEG,3bda9ccc56d506972551e0ece135cbcebf5e5baa3850ab2fb0db3d2afabab36b,c3963c49313cf665,True,
Training,Training/notumor/Tr-no_0517.jpg,notumor,7728,177,197,RGB,JPEG,06e3ba420bfe3e67af202f95309456d158c6496f86dce107aa546dd0a74b1ba4,c3976c1c3ce3b234,True,
Training,Training/notumor/Tr-no_1459.jpg,notumor,7462,177,197,RGB,JPEG,b3f6a96b6386830fc22c6f05420cba27038e5b9a7a0e19ce34cc7fde88f4f1e2,c3976c1c3ce3b234,True,
Training,Training/meningioma/Tr-me_0267.jpg,meningioma,33754,480,480,RGB,JPEG,5186f1029b7a4afa09dd8160cc196617d6950e8230e164e73598263736be95b2,c3b82fc218e6659b,True,
Testing,Testing/meningioma/Te-me_0090.jpg,meningioma,42636,480,480,RGB,JPEG,49c810e7ddca052ccb178d3cdd4cec11a9f80f06e091d0672fcb522a0b7fea47,c3b82fc218e6659b,True,
Testing,Testing/notumor/Te-no_0354.jpg,notumor,24187,504,540,RGB,JPEG,61074d5748252bceda041cf7ffdd8541a8f73fdf1d5e1ee2cb761cd6d42b8d2e,c3c62d3f3461709d,True,
Training,Training/notumor/Tr-no_1521.jpg,notumor,30564,504,540,RGB,JPEG,f83556aba135d959162ce3d677c3346ff0cde6683cd6eded32be53f51bcc7925,c3c62d3f3461709d,True,
Training,Training/notumor/Tr-no_0867.jpg,notumor,50366,504,540,RGB,JPEG,442fe13dc6571735614894ecc8eef641357445b2276c4bf58a2324307c5df6fb,c3c62d3f34717099,True,
Training,Training/notumor/Tr-no_0607.jpg,notumor,24385,504,540,RGB,JPEG,05bb8561d5f9e49dcad37ed13eaa6fda5803109d9c2ed02023bb7eb0d0f82095,c3c62d3f34717099,True,
Training,Training/notumor/Tr-no_1341.jpg,notumor,32004,504,540,RGB,JPEG,0c4a4a499be2d6e2bdaf587a6b722d014c0675ed9999f571d829ad72d0724439,c3c62d3f34717099,True,
Testing,Testing/notumor/Te-no_0175.jpg,notumor,30714,442,454,RGB,JPEG,9f12819961fd3d14062421d46294df3bdbc6bac61f0df99114afea3efa04f8bd,c3cb2d9c34db3231,True,
Training,Training/notumor/Tr-no_1020.jpg,notumor,160131,442,454,RGBA,PNG,d8534287064d81600cc5db54606ecd3203df242f66abc35ab251bf7e59e84ccb,c3cb2d9c34db3231,True,
Training,Training/notumor/Tr-no_0807.jpg,notumor,49362,442,454,RGB,JPEG,9d1829deb868b91a15dae8b8e5793ff516d6a5529b606adcfc6c3710b3ce3e74,c3cb2d9c34db3231,True,
Training,Training/notumor/Tr-no_1199.jpg,notumor,22175,442,454,RGB,JPEG,4899e88fcfb9cbc13d3b4bc9528a1bcad65d42500b08a83f2de83e9dc8337b13,c3cb2d9c34db3231,True,
Training,Training/notumor/Tr-no_1262.jpg,notumor,30061,442,454,RGB,JPEG,6ee6a66bde9c2bdff02b49daeceec936aa338c75df519148b7255a391d4a7c2b,c3cb2d9c34db3231,True,
Training,Training/notumor/Tr-no_0580.jpg,notumor,22482,442,454,RGB,JPEG,3417884d961b2682563c8f62839ced0e3697b21ff129ea1823be7811a09ccc19,c3cb2d9c34db3231,True,
Training,Training/notumor/Tr-no_0758.jpg,notumor,36857,442,454,RGB,JPEG,a7594a2a89f734ea6586564609782cddb0c0046c1ae4f2f348890c76eafa9b3e,c3cb2d9c34db3231,True,
Training,Training/notumor/Tr-no_0719.jpg,notumor,9901,232,217,RGB,JPEG,aa5165096afb739d38e983db067fd1269d3efab00ccd94d3a7b25ac1b01b64d6,c3d02dcf346c1973,True,
Testing,Testing/notumor/Te-no_0189.jpg,notumor,10057,232,217,RGB,JPEG,7078872cc229f95a29a64be19cfc8031525e45c9553c10d238edc794385b5c30,c3d02dcf346c1973,True,
Training,Training/notumor/Tr-no_1544.jpg,notumor,9900,232,217,RGB,JPEG,d4a63c560b06deec6d4e858321fc4c6e39d964a967ecc4c5018e3266f9e08c6d,c3d02dcf346c1973,True,
Testing,Testing/notumor/Te-no_0244.jpg,notumor,7564,225,225,RGB,JPEG,d37292c2ae57928abb7f819330c117bd7dc36fa73e5254129175e79c0596ab12,c3d03b0f3d6d3065,True,
Testing,Testing/notumor/Te-no_0355.jpg,notumor,7590,225,225,RGB,JPEG,688f68eb9ce54f8ce6619604fb7984244c6f2d15186c37af709c2c0b7e068f01,c3d03b0f3d6d3065,True,
Testing,Testing/meningioma/Te-me_0072.jpg,meningioma,27286,341,372,RGB,JPEG,560108cf47bf68a25d59b30642274cf8a2eef0596e6ce275e878652c3ab65f0d,c4270ff80fc46cc7,True,
Training,Training/meningioma/Tr-me_0250.jpg,meningioma,24718,341,372,RGB,JPEG,62de21ad35edc274140c0f364d02f6e9117af8dc98e56e344bce8b219657197b,c4270ff80fc46cc7,True,
Training,Training/notumor/Tr-no_1527.jpg,notumor,23754,359,449,RGB,JPEG,ed09971821af521d9dd6c2c97d02ffe8b118b80b65b4dd0ffe14965d3f037c6d,c42d4b722f8e3cd2,True,
Training,Training/notumor/Tr-no_0647.jpg,notumor,24534,359,449,RGB,JPEG,183a45ce31d8c56ccb92b044538fc221d7842b1c27cbdf9e1b8d1caf1fa747c9,c42d4b722f8e3cd2,True,
Training,Training/notumor/Tr-no_1280.jpg,notumor,12807,201,251,RGB,JPEG,6ce57e5943e2753a1642f6520d7b0b783af337fec0623e2cd4a8c604c17550c6,c42d4b722f8e3cd2,True,
Training,Training/notumor/Tr-no_0634.jpg,notumor,12637,201,251,RGB,JPEG,717e52b12db9e89261fc353e2a86313e73c1fc9df5e6f503bbc8586d93a63283,c42d4b722f8e3cd2,True,
Training,Training/meningioma/Tr-me_0200.jpg,meningioma,18781,306,306,RGB,JPEG,80dc72314701e8e722242e0e012c4c67f3a6d38b61138a9a01e251ae779190a4,c439594f3a6aca39,True,
Testing,Testing/meningioma/Te-me_0020.jpg,meningioma,24340,306,306,RGB,JPEG,ea3bd80a786c4d44d3ed6c16fdcfd829fa7045d0227c623dc3ee1ef86f7adb39,c439594f3a6aca39,True,
Training,Training/notumor/Tr-no_0236.jpg,notumor,24589,442,442,RGB,JPEG,7c103b082c141631e8475390a8b06ef7ef0cfba10e61cf2d4ce9dd1e2b08dfb0,c43b2fe42dc470cb,True,
Training,Training/notumor/Tr-no_1133.jpg,notumor,24589,442,442,RGB,JPEG,7c103b082c141631e8475390a8b06ef7ef0cfba10e61cf2d4ce9dd1e2b08dfb0,c43b2fe42dc470cb,True,
Training,Training/notumor/Tr-no_1286.jpg,notumor,12880,200,252,RGB,JPEG,96d55b46d8270ad1b4aceb9069ba23ce65ec2b1c4a9a9763062729715d0e48a9,c4434bad2fc37d14,True,
Testing,Testing/notumor/Te-no_0250.jpg,notumor,12008,200,252,RGB,JPEG,3cded13f4a002554cf6893b780605b815a5e4d22490c961b11e0a9c5b0df65dd,c4434bad2fc37d14,True,
Training,Training/notumor/Tr-no_0322.jpg,notumor,13488,236,236,RGB,JPEG,247420d663a2af95266ddfb5c9cd2ee741d2474f300ca0d25809d37f61e9c4df,c46b1b646cb36596,True,
Testing,Testing/notumor/Te-no_0058.jpg,notumor,13488,236,236,RGB,JPEG,247420d663a2af95266ddfb5c9cd2ee741d2474f300ca0d25809d37f61e9c4df,c46b1b646cb36596,True,
Training,Training/meningioma/Tr-me_0303.jpg,meningioma,11372,210,240,RGB,JPEG,141138c436ee1cfc6ca00fbef0a6bebb18fd9fa799992f6ddd1b99d315c107df,c46c0f767b633891,True,
Testing,Testing/meningioma/Te-me_0108.jpg,meningioma,14865,210,240,RGB,JPEG,5ab5bc5e28a3587ddfd8561b8e78e74224eff95848411eb0405b39e5d516d34e,c46c0f767b633891,True,
Training,Training/meningioma/Tr-me_0176.jpg,meningioma,26281,455,500,RGB,JPEG,24f09f91af40e42f2798bbc29df353ce17e6a0c0b533fb923b2fa8f75df6b496,c4736ead39cc3984,True,
Testing,Testing/meningioma/Te-me_0031.jpg,meningioma,37473,455,500,RGB,JPEG,86847c6a4729a4b19bf1b3f58905c68812c6f75ea680c0ccb1621b94e165d16f,c4736ead39cc3984,True,
Training,Training/meningioma/Tr-me_0211.jpg,meningioma,26281,455,500,RGB,JPEG,24f09f91af40e42f2798bbc29df353ce17e6a0c0b533fb923b2fa8f75df6b496,c4736ead39cc3984,True,
Testing,Testing/meningioma/Te-me_0010.jpg,meningioma,37473,455,500,RGB,JPEG,86847c6a4729a4b19bf1b3f58905c68812c6f75ea680c0ccb1621b94e165d16f,c4736ead39cc3984,True,
Training,Training/meningioma/Tr-me_0366.jpg,meningioma,26281,455,500,RGB,JPEG,24f09f91af40e42f2798bbc29df353ce17e6a0c0b533fb923b2fa8f75df6b496,c4736ead39cc3984,True,
Testing,Testing/meningioma/Te-me_0067.jpg,meningioma,50763,722,690,RGB,JPEG,03ce76b527d01938dde828aa4b9e3e882cee655017ea9ed27effa47790f184d2,c48e4e1f7b393138,True,
Training,Training/meningioma/Tr-me_0245.jpg,meningioma,38709,722,690,RGB,JPEG,0c7d71051f276819c1811d2cd311f32cf8c4618939f1f31bc7f64fb417950dbf,c48e4e1f7b393138,True,
Training,Training/pituitary/Tr-pi_1165.jpg,pituitary,28148,512,512,L,JPEG,bf084ec303080280c2a5e3c9decdc1bfe37973658fa09dbeb496246041096970,c4976ac71b6836ca,True,
Training,Training/pituitary/Tr-pi_1166.jpg,pituitary,27975,512,512,L,JPEG,8ed4accd7a09042e088ab54f6151af6ddd67b01286b0c280141f11aeadec80e8,c4976ac71b6836ca,True,
Training,Training/pituitary/Tr-pi_0402.jpg,pituitary,33284,512,512,RGB,JPEG,6d5041976ac234dd6163a564439d2d052cdd5c139c1f5d29b50f76457ac98ff6,c49d5afe285a286b,True,
Training,Training/pituitary/Tr-pi_0404.jpg,pituitary,31963,512,512,RGB,JPEG,f201e240c765dd650146cb09c8197069a6f7fda60be0f6b9ca1286f15d02eb16,c49d5afe285a286b,True,
Training,Training/notumor/Tr-no_0396.jpg,notumor,12549,208,242,RGB,JPEG,78272b533cd2cd32360f342e22676958d73e3f7f1b70a3ee4c004b0977c85e2f,c4bb1bc966de1851,True,
Training,Training/notumor/Tr-no_0527.jpg,notumor,12634,208,242,RGB,JPEG,11710fc637162c21b6e62968d417c852ec8daa3c4cb42a403b775db39b44e3f0,c4bb1bc966de1851,True,
Training,Training/meningioma/Tr-me_0243.jpg,meningioma,13337,206,245,RGB,JPEG,51354c7bdca6dd0d7a03ed215d768df8ab0db7f7831226e3b90af30e5863bc8d,c4ca3b692fa738b0,True,
Testing,Testing/meningioma/Te-me_0065.jpg,meningioma,17125,206,245,RGB,JPEG,4061e76d26b82a92d71bd6440dad3bb875b36fc8443f6d48c1e33d16f6658729,c4ca3b692fa738b0,True,
Training,Training/meningioma/Tr-me_0363.jpg,meningioma,11824,206,249,RGB,JPEG,a47bcad5ac91f50b2fb3590b03fd0e575cc10f3a0c06c1d35a61f397b6efaf39,c4cc4ee53b333992,True,
Testing,Testing/meningioma/Te-meTr_0008.jpg,meningioma,13145,206,249,RGB,JPEG,75de2e313a9570e899b592d69c150554c350699b058d3410e2eea78c6db8dc9a,c4cc4ee53b333992,True,
Testing,Testing/meningioma/Te-me_0015.jpg,meningioma,54825,507,605,RGB,JPEG,8af45389729b1c164ceb212484e338aa6981922aaf14c78afc1d28762b19b2c9,c4ce1ab14bc5cc9e,True,
Training,Training/meningioma/Tr-me_0182.jpg,meningioma,40788,507,605,RGB,JPEG,6ad9d32cdae2045bb1b09e49987220483033847ecd38c2a369a63bf4fab0194c,c4ce1ab14bc5cc9e,True,
Testing,Testing/notumor/Te-no_0390.jpg,notumor,9589,201,251,RGB,JPEG,a5f04af2c32f63a75f026c1e705b635085e38a374a76689a67896f3b82b4041b,c4d24b8d2f713c1d,True,
Training,Training/notumor/Tr-no_0427.jpg,notumor,9789,201,251,RGB,JPEG,353cdf95afc633edadfd70487a2057b04973dc53c0182268762b5581316a47eb,c4d24b8d2f713c1d,True,
Training,Training/notumor/Tr-no_1334.jpg,notumor,24948,359,449,RGB,JPEG,cd96b1d5fbe7d99976c7622fabcb89896c25c07f9837f9ff3756b4effdcbed7f,c4d24b8d2f713c2d,True,
Training,Training/notumor/Tr-no_0474.jpg,notumor,25251,359,449,RGB,JPEG,4eb5e748bc65552cad06a39372536dad3d835e34a17b81318a2e0c902947b207,c4d24b8d2f713c2d,True,
Training,Training/notumor/Tr-no_1435.jpg,notumor,19065,359,449,RGB,JPEG,caec4c2809ef3f3f943f8fa22cb564d9fb998be43cb0bad27f4895b677ca953b,c4d26b8d2f713c0d,True,
Testing,Testing/notumor/Te-no_0140.jpg,notumor,19016,359,449,RGB,JPEG,52ec1c471efdd0ec2c3bfcb064d8fb08c76a9c061457c404bb8087b1ea6c48fb,c4d26b8d2f713c0d,True,
Testing,Testing/meningioma/Te-me_0140.jpg,meningioma,8737,228,221,RGB,JPEG,69c1c453795ef46d2c171bafe4d4af47b0f059026d3e231227668cd7c8928068,c4f13a2f68b1a4e6,True,
Testing,Testing/meningioma/Te-meTr_0002.jpg,meningioma,11996,228,221,RGB,JPEG,ab6340a63c76fe15809d9989b432bb6520301573452d9efed240c9e211e100f9,c4f13a2f68b1a4e6,True,
Training,Training/meningioma/Tr-me_0224.jpg,meningioma,23295,402,396,RGB,JPEG,fad1650afc5dc5512c9215f9f48dc1008498bba45510289e6df9922b120dcae7,c50a1fdd2a1e2af8,True,
Testing,Testing/meningioma/Te-me_0045.jpg,meningioma,32492,402,396,RGB,JPEG,b981ea69aea30d8a852c1eed9f64a190a101c6f2b9b1d26b16d0864251d5ecb9,c50a1fdd2a1e2af8,True,
Testing,Testing/meningioma/Te-me_0071.jpg,meningioma,28353,341,395,RGB,JPEG,f55311fb8ccf1b86450233262bd00b176bd1c404e5849b59c0a3cd5e4440626b,c50c115b4e3f7ce2,True,
Training,Training/meningioma/Tr-me_0249.jpg,meningioma,25923,341,395,RGB,JPEG,e2c7bc9c2d735e5b584b329f5cda1aec1f2415b2972c4aa8efc8d0a61e61b280,c50c115b4e3f7ce2,True,
Testing,Testing/meningioma/Te-me_0073.jpg,meningioma,28353,341,395,RGB,JPEG,f55311fb8ccf1b86450233262bd00b176bd1c404e5849b59c0a3cd5e4440626b,c50c115b4e3f7ce2,True,
Training,Training/meningioma/Tr-me_0251.jpg,meningioma,25923,341,395,RGB,JPEG,e2c7bc9c2d735e5b584b329f5cda1aec1f2415b2972c4aa8efc8d0a61e61b280,c50c115b4e3f7ce2,True,
Training,Training/meningioma/Tr-me_0223.jpg,meningioma,12755,256,256,RGB,JPEG,887770a828d268a2487b833f31281d0291951557c1ecd96ed38f3e8966d0def0,c51b1f622e3669f0,True,
Testing,Testing/meningioma/Te-me_0044.jpg,meningioma,17271,256,256,RGB,JPEG,2c9f7f2d80eac2f53f5a58d8a45f5e29aa942b5f9899dffa56592aeec66c3975,c51b1f622e3669f0,True,
Testing,Testing/meningioma/Te-me_0103.jpg,meningioma,26406,314,358,RGB,JPEG,88db6aa1c085c4ed123b0550eb95f25d13bcd1ea4d0f23a44fb469ff8ae49540,c5270f7c1be44ac6,True,
Training,Training/meningioma/Tr-me_0194.jpg,meningioma,23980,314,358,RGB,JPEG,df3b60233bc68318448f9d2cc3ca4cfffe663807569eae0dc839e3a97d262117,c5270f7c1be44ac6,True,
Testing,Testing/meningioma/Te-me_0029.jpg,meningioma,17710,278,306,RGB,JPEG,535e5fd3284fb948f3b07147480899b2df00c0705e3ff3e5808d96bd30be2057,c5372acc33f04df0,True,
Training,Training/meningioma/Tr-me_0209.jpg,meningioma,15883,278,306,RGB,JPEG,556f561ec1c7743e7a8dfec5de7d34c0ab28e60352c21c677b2bb7354baeff1f,c5372acc33f04df0,True,
Training,Training/meningioma/Tr-me_0252.jpg,meningioma,24412,273,326,RGB,JPEG,989297d05b6c7b2c798c7efeccfff51fdf412e9e774b87cbe25d9f3909d49111,c53910c62f656f87,True,
Testing,Testing/meningioma/Te-me_0074.jpg,meningioma,26771,273,326,RGB,JPEG,b576353f83cb34f2c43fc58122209388e2a12e64864e9b967d496ff79bb10927,c53910c62f656f87,True,
Training,Training/notumor/Tr-no_0357.jpg,notumor,24249,236,315,RGB,JPEG,d9f0d5ef8784abb3ac7cadb3e31a9b1ef4879de8edb20a637d66c49f6c8eb60f,c53942d50b8a7dea,True,
Testing,Testing/notumor/Te-no_0094.jpg,notumor,24249,236,315,RGB,JPEG,d9f0d5ef8784abb3ac7cadb3e31a9b1ef4879de8edb20a637d66c49f6c8eb60f,c53942d50b8a7dea,True,
Training,Training/pituitary/Tr-pi_0664.jpg,pituitary,26863,512,512,RGB,JPEG,39f4f7b252d7809d8d3d2e4521607de2195bf0f66c0592587b1cebd632aac640,c5673e5868b435c3,True,
Testing,Testing/pituitary/Te-pi_0044.jpg,pituitary,26863,512,512,RGB,JPEG,39f4f7b252d7809d8d3d2e4521607de2195bf0f66c0592587b1cebd632aac640,c5673e5868b435c3,True,
Testing,Testing/notumor/Te-no_0369.jpg,notumor,7549,225,225,RGB,JPEG,d83c5d1311f5b18f9e0999258477c14d760ef3f15759c3d6e14ed7867726a78f,c56f3a9039c76159,True,
Training,Training/notumor/Tr-no_0906.jpg,notumor,52256,630,630,RGB,JPEG,9fad6d5f45ef9a1342e0a6bef1a6dae547f2f20115fc800dd1c88f88bf06df01,c56f3a9039c76159,True,
Testing,Testing/notumor/Te-no_0145.jpg,notumor,43559,630,630,RGB,JPEG,716d7d3a5cbe64d8597a9ddd2b21b98fc57e49444a0d129a2cd4aca1b3d4a0be,c56f3a9039c76159,True,
Training,Training/notumor/Tr-no_1495.jpg,notumor,37689,630,630,RGB,JPEG,de3ece9dae81af89c99aec5bf08e92b5dcd97a2e266572b1cbf39bf6b067c6c2,c56f3a9039c76159,True,
Training,Training/notumor/Tr-no_0618.jpg,notumor,42735,630,630,RGB,JPEG,f8a4175365b64fbd9d2af3c2629748d5a9758df85555c1e254d89d57783413bc,c56f3a9039c76159,True,
Testing,Testing/notumor/Te-no_0124.jpg,notumor,6213,225,225,RGB,JPEG,e88e5efd0191d523297dd00553316ae84d6a3df4fbb6dac7de6bc12531f5568e,c56f3e9039c76119,True,
Training,Training/notumor/Tr-no_0408.jpg,notumor,30699,630,630,RGB,JPEG,55cad599c8f082abc58fad6aa16a2bdcdd846d93fdbbebcf753df3ab76e2d748,c56f3e9039c76119,True,
Training,Training/notumor/Tr-no_1547.jpg,notumor,29589,630,630,RGB,JPEG,2b2ea092113b72d563711d1d06b629af9c60987399a948743b02aa57e343548a,c56f3e9039c76119,True,
Training,Training/notumor/Tr-no_1408.jpg,notumor,6234,225,225,RGB,JPEG,fe24daa88baf76924782a693df2e59e39ffceaa4ff75212ffbc8d3a5d25aaef0,c56f3e9039c76119,True,
Training,Training/notumor/Tr-no_1374.jpg,notumor,6237,225,225,RGB,JPEG,dd7af9f5e54b40896c522ab0d6b7042d5d58a98bbaf9cf2c4541f3358bd5e06e,c5903e6f393861e6,True,
Training,Training/notumor/Tr-no_1577.jpg,notumor,30044,630,630,RGB,JPEG,0b9de205c7d1d5572a4ef50aa83c1a54a3664a653f98ed470d9fe5af82bb8772,c5903e6f393861e6,True,
Testing,Testing/meningioma/Te-me_0049.jpg,meningioma,29820,313,393,RGB,JPEG,066502884d443971d71836da239f41751eefdbb164af957947ad82fa6f584944,c5c74a3d3a383b38,True,
Training,Training/meningioma/Tr-me_0228.jpg,meningioma,26580,313,393,RGB,JPEG,7efcd87636c28a674f2abf3bc6255eb1e786c12f40e794e4a3292c7381be4f66,c5c74a3d3a383b38,True,
Training,Training/meningioma/Tr-me_0216.jpg,meningioma,8540,205,251,RGB,JPEG,df42fa96f4e750ec67b95889f912770e0408328899912b9497691c99e3fb63c3,c5cf3a382ec12d87,True,
Testing,Testing/meningioma/Te-me_0036.jpg,meningioma,12130,205,251,RGB,JPEG,87886ae7a7ec7535a975fa0b267d5889a995699a4fd5d7672f5a7346659dff38,c5cf3a382ec12d87,True,
Testing,Testing/notumor/Te-no_0107.jpg,notumor,6235,225,225,RGB,JPEG,b503ab8b3be562f780d371b05a80742ae20900cafa78df8b8fd66e0c593c9860,c5d03a6f393861e6,True,
Training,Training/notumor/Tr-no_1275.jpg,notumor,8015,225,225,RGB,JPEG,414705b05592d4ac130c7e518f8ed6372819e8be0b7d6e6d7a706fb96503047b,c5d03a6f393861e6,True,
Testing,Testing/notumor/Te-no_0256.jpg,notumor,41794,630,630,RGB,JPEG,1f658d6c5ccfe82dc6964698acd49df741c13e379d6a9bf0e93f193bc5c370e0,c5d03a6f393861e6,True,
Training,Training/notumor/Tr-no_1267.jpg,notumor,41831,630,630,RGB,JPEG,473ca73a3383ab0c3be65edf0afd0d24739cf53086fea2236221a84161ce13b3,c5d03a6f393861e6,True,
Training,Training/notumor/Tr-no_0449.jpg,notumor,43622,630,630,RGB,JPEG,a9dc1b9d61bdf2bcc9ff786cc211774f8e05a97343c837d6da93fce545e1f09e,c5d03a6f393861e6,True,
Training,Training/notumor/Tr-no_1508.jpg,notumor,38379,630,630,RGB,JPEG,ee9320541d7937f20bc491a67e8ded70a6e190f0d24a0369259c81443e322ea2,c5d03a6f393865a6,True,
Training,Training/notumor/Tr-no_0812.jpg,notumor,70613,630,630,RGB,JPEG,dd5e0845bfd97f6b294f6b2788067c35b034dd9331e6cf1f441cabe753eb8c78,c5d03a6f393865a6,True,
Training,Training/notumor/Tr-no_0334.jpg,notumor,10600,236,236,RGB,JPEG,4f3c00ef520660295576c472a0cafc9f1bb400d736b352b736966af08bf09235,c63e2de1348bb1c9,True,
Training,Training/notumor/Tr-no_0063.jpg,notumor,8180,236,236,RGB,JPEG,2f2b8e61cf480af3e41ad5cd553252ddff1774a1e17e25765c1c71582df89bb1,c63e2de1348bb1c9,True,
Testing,Testing/notumor/Te-no_0018.jpg,notumor,10600,236,236,RGB,JPEG,4f3c00ef520660295576c472a0cafc9f1bb400d736b352b736966af08bf09235,c63e2de1348bb1c9,True,
Training,Training/notumor/Tr-no_0974.jpg,notumor,10600,236,236,RGB,JPEG,4f3c00ef520660295576c472a0cafc9f1bb400d736b352b736966af08bf09235,c63e2de1348bb1c9,True,
Testing,Testing/notumor/Te-no_0070.jpg,notumor,10600,236,236,RGB,JPEG,4f3c00ef520660295576c472a0cafc9f1bb400d736b352b736966af08bf09235,c63e2de1348bb1c9,True,
Training,Training/notumor/Tr-no_1291.jpg,notumor,7945,150,198,RGB,JPEG,0e5b5a82f0cdfb21eec4ef29b7353f80a4061743d9d3813104bb06331cbe86f4,c647482a47af4f74,True,
Testing,Testing/notumor/Te-no_0252.jpg,notumor,7585,150,198,RGB,JPEG,00b2e47403043bfd763fb38f6da266edbbc131e4f9f2f9f29365f2606cb8adaf,c647482a47af4f74,True,
Training,Training/notumor/Tr-no_0457.jpg,notumor,7991,150,198,RGB,JPEG,84d46119ac6576ace21ef904553037e30b4c3c44b45b74e17ef04d908b51ee80,c647482a47af4f74,True,
Testing,Testing/notumor/Te-no_0368.jpg,notumor,7531,150,198,RGB,JPEG,07f371ebb5581ccb2f3d0a4ebc8b6622a22caa09a8c154890645f81c64bf8969,c647482a47af4f74,True,
Training,Training/notumor/Tr-no_0419.jpg,notumor,6118,150,198,RGB,JPEG,a35018439ac8eef2e60924dbaca2bbbe2892b063672a793b486af027ce6907b1,c6474c2a47af4e74,True,
Training,Training/notumor/Tr-no_1399.jpg,notumor,6162,150,198,RGB,JPEG,7a110c7f3eefb9003a5af9f67f43d03366451a9844525637f806143b08ddfb7f,c6474c2a47af4e74,True,
Testing,Testing/notumor/Te-no_0146.jpg,notumor,11018,225,225,RGB,JPEG,d1fb1c073086644db1a39cb836e46bde04ed6f20af6a5fcfbf25a07a6f2fd280,c64b39943157e559,True,
Training,Training/notumor/Tr-no_0623.jpg,notumor,10478,225,225,RGB,JPEG,5bbc95ca8b383bd16a7525d1a390e812ecaf7f650063a1aa3f0783840c5e575f,c64b39943157e559,True,
Training,Training/notumor/Tr-no_1502.jpg,notumor,10446,225,225,RGB,JPEG,e36a735a676432cfafc66fff4cf7a340dcfe5cf2590e3c7c1f6e46047277886f,c64b39943157e559,True,
Training,Training/notumor/Tr-no_1300.jpg,notumor,10940,225,225,RGB,JPEG,f1b05dbaf79ef7ed9f35cbc79d1aaedbd07ae94c53f51df118b62061f3eed6e9,c64b39943157e559,True,
Training,Training/notumor/Tr-no_1569.jpg,notumor,8640,225,225,RGB,JPEG,5686520a02cc01b823225b241c449c32086b9847f2cf1ef2febf81db8f6077c2,c64b3b943157e159,True,
Training,Training/notumor/Tr-no_1409.jpg,notumor,8883,225,225,RGB,JPEG,51dd3cfab8c5fd3f9222390f595f9559d5d7ba2c8469a01e7c4e74bc3e6691f5,c64b3b943157e159,True,
Training,Training/notumor/Tr-no_0226.jpg,notumor,127722,1024,1024,RGB,JPEG,2e9979eb629886f51f2e4b143f7526fe57537077b3bcb1bfd7d4ecad00b30547,c64e6db56cd2342c,True,
Training,Training/notumor/Tr-no_1127.jpg,notumor,127722,1024,1024,RGB,JPEG,2e9979eb629886f51f2e4b143f7526fe57537077b3bcb1bfd7d4ecad00b30547,c64e6db56cd2342c,True,
Training,Training/notumor/Tr-no_0568.jpg,notumor,7066,225,225,RGB,JPEG,2fb6e98cd2077f00fb30d374250aec5186ce7ab75f38b16f5e3a906c44756f8a,c64f3fb07892612b,True,
Training,Training/notumor/Tr-no_0197.jpg,notumor,10180,225,225,RGB,JPEG,20b0c7de1c131e75deff54e8f0c51eef6c48116cdcbf7bb1f47fc7e4c7f07ab1,c64f3fb07892612b,True,
Training,Training/notumor/Tr-no_1160.jpg,notumor,6766,225,225,RGB,JPEG,0f89225efd176c55d0a06bdeb4c54b455a42921f86aa1f41deebc23f32e9275c,c64f3fb07892612b,True,
Training,Training/notumor/Tr-no_1151.jpg,notumor,10180,225,225,RGB,JPEG,20b0c7de1c131e75deff54e8f0c51eef6c48116cdcbf7bb1f47fc7e4c7f07ab1,c64f3fb07892612b,True,
Training,Training/notumor/Tr-no_0276.jpg,notumor,10180,225,225,RGB,JPEG,20b0c7de1c131e75deff54e8f0c51eef6c48116cdcbf7bb1f47fc7e4c7f07ab1,c64f3fb07892612b,True,
Training,Training/notumor/Tr-no_0921.jpg,notumor,6828,225,225,RGB,JPEG,325eb22cf5cd99f6c571b8df642f96dc5fa1ea1bbeb3962e0eb12066510e1dc4,c64f3fb07892612b,True,
Training,Training/notumor/Tr-no_1041.jpg,notumor,5188,225,225,RGB,JPEG,a638ba6f81ce54a12698eeb5abda3ad60665ecb817d3d94ebeb5ffc73aff5a38,c64f3fb07892612b,True,
Training,Training/notumor/Tr-no_1249.jpg,notumor,8806,225,225,RGB,JPEG,7fc77a030dc7e2098bc82150d298940040ab470f13fc7eeeb0e5bb876e767b84,c64f3fb078936129,True,
Testing,Testing/notumor/Te-no_0167.jpg,notumor,9408,225,225,RGB,JPEG,0bffedfc1df973bdc13f059b95acf515f49f922aa7f4df30a1d4c7629d201f9f,c64f3fb078936129,True,
Training,Training/notumor/Tr-no_0472.jpg,notumor,22862,442,442,RGB,JPEG,1a60ff2f428d0de648525db7f45f6b816b3713d47aec29f854a81487511e9bf8,c66b3cb4319661da,True,
Training,Training/notumor/Tr-no_1326.jpg,notumor,22462,442,442,RGB,JPEG,5320f1056b0c6bed19df56dc3cfdce2f415cc986ce67f2406514a5a9d7cedb40,c66b3cb4319661da,True,
Testing,Testing/notumor/Te-no_0348.jpg,notumor,17321,442,442,RGB,JPEG,d6b226a893ebd76213c88be9ed2027949f992d8143e179b7d610049cf1760fc5,c66b3fa43896619a,True,
Testing,Testing/notumor/Te-no_0136.jpg,notumor,17282,442,442,RGB,JPEG,c62ea2526aa74964a12d7faf2a4446e3adc01f2429c0a2439deb8de115447d7f,c66b3fa43896619a,True,
Training,Training/notumor/Tr-no_0363.jpg,notumor,11459,233,208,RGB,JPEG,b23fe6dad4ff5e7e0fe80d1d315399658298647951c5f5e148e8c0d6ff6e3b5e,c68c3ab36ccc3999,True,
Testing,Testing/notumor/Te-no_0099.jpg,notumor,11459,233,208,RGB,JPEG,b23fe6dad4ff5e7e0fe80d1d315399658298647951c5f5e148e8c0d6ff6e3b5e,c68c3ab36ccc3999,True,
Training,Training/notumor/Tr-no_0676.jpg,notumor,9149,225,225,RGB,JPEG,ec6b7f977398cbd6e50c45a93032026314cef1d4414bc719f6c4e5146f313fac,c6b03f0f786c61d4,True,
Training,Training/notumor/Tr-no_1487.jpg,notumor,8716,225,225,RGB,JPEG,153620cd50478c8e2cf60eb8b853c5e02e3f1bd1a34a596d119ab65779eca867,c6b03f0f786c61d4,True,
Training,Training/notumor/Tr-no_1277.jpg,notumor,10808,225,225,RGB,JPEG,1e8c600c9e7421f1308e2d10a8854ba8b86e52d312dbce15358948bcc9c901fd,c6b4396b31a8e1b6,True,
Training,Training/notumor/Tr-no_1511.jpg,notumor,10680,225,225,RGB,JPEG,e35799cb2b818f86a36b62bc33779f8fb019bf8fc1c4fb60ed9166316ededf6c,c6b4396b31a8e1b6,True,
Testing,Testing/notumor/Te-no_0258.jpg,notumor,10790,225,225,RGB,JPEG,c3ced0772b5267ea953abc433f0a367bbc65b7957678c8b37b337a32745e900b,c6b4396b31a8e1b6,True,
Training,Training/notumor/Tr-no_1375.jpg,notumor,8769,225,225,RGB,JPEG,36a771c8d5d8fbe4ae847d31503aa0dcd667fa43e82178201d3ea6300aa75f98,c6b43b6b31a961a6,True,
Training,Training/notumor/Tr-no_0399.jpg,notumor,8734,225,225,RGB,JPEG,59129e8a5fc88835ba3706191fb392754e132c7a39d1efc655fd1cd4a52873de,c6b43b6b31a961a6,True,
Training,Training/notumor/Tr-no_1365.jpg,notumor,6164,150,198,RGB,JPEG,8c8a599794a2d0c950d35630524037ff3411d4741086084b9c6e3152cd401ff0,c6b84cd547505f8b,True,
Training,Training/notumor/Tr-no_0631.jpg,notumor,7971,150,198,RGB,JPEG,b822c242fa5306ff05e75ec790644fd975c95712638e1da8186643224b53c112,c6b84cd547505f8b,True,
Training,Training/notumor/Tr-no_1269.jpg,notumor,7969,150,198,RGB,JPEG,eb24722154a51b65511c985ab4989d7b85d6da4c4b92118c9d451589e22ed859,c6b84cd547505f8b,True,
Training,Training/notumor/Tr-no_1589.jpg,notumor,6161,150,198,RGB,JPEG,7bbdbbe3be5a0ffad79572688dd2d7ed1f3d25ed8e0411598a652714544c8f41,c6b84cd547505f8b,True,
Training,Training/notumor/Tr-no_1509.jpg,notumor,7750,150,198,RGB,JPEG,7ae81216a482c2ed3f01ded4a70f9bf7e480405ff04811b42f17fbc054000002,c6b84cd547505f8b,True,
Training,Training/meningioma/Tr-me_0229.jpg,meningioma,25925,442,442,RGB,JPEG,589c2d7cc54da48a6870686143589d963f0c4d9da3d44c884ae61969f4239780,c6cc6e386133317b,True,
Testing,Testing/meningioma/Te-me_0050.jpg,meningioma,32794,442,442,RGB,JPEG,de382067b21e04f72300a7acbe0d7c1c4b2cca4a65153f9816155f0c7afb4dc2,c6cc6e386133317b,True,
Testing,Testing/meningioma/Te-me_0143.jpg,meningioma,9501,201,251,RGB,JPEG,f3d00bbb942117c2fb62466414d3c466ca283b678200fe87424e4128b80b2dba,c6da2f8d343761b0,True,
Testing,Testing/meningioma/Te-me_0106.jpg,meningioma,12843,201,251,RGB,JPEG,9d77e3a05ebb113dabfd559fb0840079b9fbd2d7ee52002f4dfccba75f2dbe71,c6da2f8d343761b0,True,
Training,Training/meningioma/Tr-me_0283.jpg,meningioma,9501,201,251,RGB,JPEG,f3d00bbb942117c2fb62466414d3c466ca283b678200fe87424e4128b80b2dba,c6da2f8d343761b0,True,
Training,Training/notumor/Tr-no_1542.jpg,notumor,8552,225,225,RGB,JPEG,09780e2f773e7a8b532725d2cd508d56e6588e81d5a953b9ed88bbf0a6387957,c72f39f03c8e7098,True,
Training,Training/notumor/Tr-no_0850.jpg,notumor,40900,512,512,RGB,JPEG,e46f5d85df72f56bc2aa6204f83f8951b5c015ad8cf726ae231f41cee5ab3580,c72f39f03c8e7098,True,
Testing,Testing/notumor/Te-no_0056.jpg,notumor,12620,236,236,RGB,JPEG,c4c847d6e586faffcadf669ff0a9a608542741edc3a387040c059df1bb7052bb,c7367a702c633467,True,
Training,Training/notumor/Tr-no_0302.jpg,notumor,12620,236,236,RGB,JPEG,c4c847d6e586faffcadf669ff0a9a608542741edc3a387040c059df1bb7052bb,c7367a702c633467,True,
Training,Training/meningioma/Tr-me_0179.jpg,meningioma,32429,441,427,RGB,JPEG,ae8aa3c5ee2590c27b3ce8b795ee1d76d399da54bb4682fe01ea50f8fd15aac7,c73c1ac93ce1633c,True,
Testing,Testing/meningioma/Te-me_0013.jpg,meningioma,42446,441,427,RGB,JPEG,80954652d15d172bfeddcc5cfbfef504b221e9c5378bbb195a06b2b6c486ce3f,c73c1ac93ce1633c,True,
Training,Training/meningioma/Tr-me_0273.jpg,meningioma,10596,224,219,RGB,JPEG,f9d94f5dbe03a80e7725fbfd4927ef965bf852983da2497e40addfab16c94a3e,c73c1ac93ce1633c,True,
Testing,Testing/meningioma/Te-me_0096.jpg,meningioma,14431,224,219,RGB,JPEG,bf179c5981986242a58d0c3b3ddb9ec1a487e89979c9b8346d2412cc792b20d7,c73c1ac93ce1633c,True,
Training,Training/meningioma/Tr-me_0201.jpg,meningioma,24585,374,370,RGB,JPEG,9c8572b3fb29d4a2467cdd2a8ef06efadb3430358234296b9e3e9fd6d8b31a0f,c7441b3b4cc36d71,True,
Testing,Testing/meningioma/Te-me_0021.jpg,meningioma,27770,374,370,RGB,JPEG,065838e8c921af9cd741387fc62a1caf696e46c11fe15ac6ef95982cc9b74dee,c7441b3b4cc36d71,True,
Training,Training/notumor/Tr-no_1575.jpg,notumor,45834,630,630,L,JPEG,71230ae86dcadacc54e26ca012aa57e02c2d9e0ec42527c491c89c48b2f76939,c74f39b870936169,True,
Training,Training/notumor/Tr-no_1363.jpg,notumor,9459,225,225,RGB,JPEG,0c7c551a0a247e33aa03901bcfa5a3cc63d72dab805d03ac6c7d7854decd640c,c74f39b870936169,True,
Training,Training/notumor/Tr-no_0961.jpg,notumor,45254,630,630,L,JPEG,04d198008786b8d2c347edd4d2f4273cbcebbe7085a1837c6cb91db5a0219e23,c74f39b870936169,True,
Testing,Testing/notumor/Te-no_0295.jpg,notumor,8851,225,225,RGB,JPEG,16cbcd4b6ff959fe9b0dcb022d3c72fd9223eae56b82b1b6d7f94b4311ae9b13,c74f3fb078926129,True,
Training,Training/notumor/Tr-no_1131.jpg,notumor,61345,630,630,RGB,JPEG,72f5f6723c7b92f641fb5d44513b6111c348e43005f8c1f4829f28eebd1117b2,c74f3fb078926129,True,
Training,Training/notumor/Tr-no_0011.jpg,notumor,55697,630,630,RGB,JPEG,c1bf41ddb56396fd0e74b2eb7212c96a6a915ee86737c060c9db8e1439ff0390,c74f3fb078926129,True,
Training,Training/notumor/Tr-no_0012.jpg,notumor,55697,630,630,RGB,JPEG,c1bf41ddb56396fd0e74b2eb7212c96a6a915ee86737c060c9db8e1439ff0390,c74f3fb078926129,True,
Training,Training/notumor/Tr-no_0298.jpg,notumor,61345,630,630,RGB,JPEG,72f5f6723c7b92f641fb5d44513b6111c348e43005f8c1f4829f28eebd1117b2,c74f3fb078926129,True,
Training,Training/notumor/Tr-no_0231.jpg,notumor,61345,630,630,RGB,JPEG,72f5f6723c7b92f641fb5d44513b6111c348e43005f8c1f4829f28eebd1117b2,c74f3fb078926129,True,
Training,Training/notumor/Tr-no_0024.jpg,notumor,55697,630,630,RGB,JPEG,c1bf41ddb56396fd0e74b2eb7212c96a6a915ee86737c060c9db8e1439ff0390,c74f3fb078926129,True,
Training,Training/notumor/Tr-no_1208.jpg,notumor,40699,630,630,RGB,JPEG,6b5118bc2c05b7d260c614a5b1f8e15edd4cf7ecf687ebd1b30049df1c3c10b7,c76f3a9031876559,True,
Training,Training/notumor/Tr-no_0680.jpg,notumor,45008,630,630,RGB,JPEG,c8fb9c6460ef410858fa717c1ab5f5d4828e51d3af2d59cc2982b1d5e14b840b,c76f3a9031876559,True,
Training,Training/notumor/Tr-no_1463.jpg,notumor,32327,630,630,L,JPEG,c30681f8b28b6cc26f12177aeefe29d3e45a1ba0275a3e0bba0d55ce61321490,c77a38e56486665a,True,
Training,Training/notumor/Tr-no_1066.jpg,notumor,36062,630,630,RGB,JPEG,c5482c04ad0af03abc08de261901fdaa6811a99ca11a270e8dc89c550e3ccdfa,c77a38e56486665a,True,
Training,Training/notumor/Tr-no_0023.jpg,notumor,36062,630,630,RGB,JPEG,c5482c04ad0af03abc08de261901fdaa6811a99ca11a270e8dc89c550e3ccdfa,c77a38e56486665a,True,
Training,Training/notumor/Tr-no_1340.jpg,notumor,44422,630,630,RGB,JPEG,b0e0960d2e4272a386e30df5c6be4f226cd4401b5e5bfe4ad71035ab652b5c4a,c7923f4b38d96149,True,
Training,Training/notumor/Tr-no_0641.jpg,notumor,44171,630,630,RGB,JPEG,36c69ebf62395f88607b82f7a9ebb541f8afde5ea753316bcaa7daacc0ad4dac,c7923f4b38d96149,True,
Training,Training/notumor/Tr-no_1273.jpg,notumor,10365,225,225,RGB,JPEG,3780abe010fcbb94ea719d0b01278f42e93c9f838644b4463cc0f57bdebb152b,c7923f4b38d96149,True,
Training,Training/notumor/Tr-no_1461.jpg,notumor,6931,225,225,RGB,JPEG,03e248ffc72dc76fa9bec9e742867f1ed95fac71faf30b2e6249eee1b1e2a766,c7b03f0f786c61c4,True,
Training,Training/notumor/Tr-no_1215.jpg,notumor,8767,225,225,RGB,JPEG,46b3792a79c61057a09aff260024f7919e41e13308a1417dae4d74785cb5da35,c7b03f0f786c61c4,True,
Training,Training/notumor/Tr-no_1594.jpg,notumor,7058,225,225,RGB,JPEG,23377addb366a253955df1e43c887b3202da5f23967f0bc20d5c1cdd4a11d3fb,c7b03f0f786c61c4,True,
Testing,Testing/notumor/Te-no_0179.jpg,notumor,9371,225,225,RGB,JPEG,d78d041bbb9b1dc514b2bbd052bd797a6b580416e6e1db94f93334f8dec29901,c7b03f0f786c61c4,True,
Training,Training/notumor/Tr-no_0588.jpg,notumor,7161,225,225,RGB,JPEG,0da2d14203ca846b6299fc07a0f42a3918afb25fbffeb573f491036b4d6f628e,c7b03f0f786c61c4,True,
Training,Training/meningioma/Tr-me_0278.jpg,meningioma,9125,215,234,RGB,JPEG,20b8d58afcccf5666c37e7daed3ebbbcd71665ee7f87b4d3ca502705beb7e1e4,c7c33a386ac33939,True,
Testing,Testing/meningioma/Te-me_0101.jpg,meningioma,12103,215,234,RGB,JPEG,7912b475d4fe70819a6982a63f4487ade1f9ea600b1bdf99c60c1019facd9e02,c7c33a386ac33939,True,
Training,Training/notumor/Tr-no_1562.jpg,notumor,6988,228,221,RGB,JPEG,c4f0a102942afa9db975be8c329ba502857a69045f12b49609d8b2605c21cdff,c80f3f703c707966,True,
Training,Training/notumor/Tr-no_1401.jpg,notumor,7214,228,221,RGB,JPEG,5822193726fefe5c96d1bbd23b51d328dcde13167d5d1a7cdc3e93ba545a3e03,c80f3f703c707966,True,
Testing,Testing/notumor/Te-no_0121.jpg,notumor,7173,228,221,RGB,JPEG,8eb98358b4393d26b59ff612cee184820af6e2317fdf37c737f1972e7e57b780,c80f3f703c707966,True,
Testing,Testing/notumor/Te-no_0330.jpg,notumor,7134,228,221,RGB,JPEG,86d244171a6de8c060fcc1886c0c56d1ce253e32848573cbdb7b60f5d86f028a,c8d03f8f2c8e7998,True,
Training,Training/notumor/Tr-no_1590.jpg,notumor,7223,228,221,RGB,JPEG,0ba589063521e0a143aa504a7857d1cb32254c01213868a8bd31b130de66b841,c8d03f8f2c8e7998,True,
Training,Training/notumor/Tr-no_1350.jpg,notumor,7884,225,225,RGB,JPEG,43c9289ac5c1d0e3b95034faf0e0d6597a50023325686c032c95c999085dc646,c9663b996c163699,True,
Training,Training/notumor/Tr-no_1578.jpg,notumor,7890,225,225,RGB,JPEG,8174d32a2b19483d459c02f243cb9b63f0b26e6ef26e53b3b360faefcd2ce0a6,c9663b996c163699,True,
Training,Training/notumor/Tr-no_0384.jpg,notumor,13753,234,224,RGB,JPEG,4f2893125ab87fc6fcd6cd5388db893efeb9a1a30e59f942e7743144766c78f6,c96d3632698662db,True,
Testing,Testing/notumor/Te-no_0032.jpg,notumor,13753,234,224,RGB,JPEG,4f2893125ab87fc6fcd6cd5388db893efeb9a1a30e59f942e7743144766c78f6,c96d3632698662db,True,
Training,Training/notumor/Tr-no_0989.jpg,notumor,13753,234,224,RGB,JPEG,4f2893125ab87fc6fcd6cd5388db893efeb9a1a30e59f942e7743144766c78f6,c96d3632698662db,True,
Training,Training/notumor/Tr-no_1387.jpg,notumor,7890,225,225,RGB,JPEG,b8952666dd8feebb54954be18277298c7861c098e64d0063abfc5ec4a8eca2b6,c9993a666cc93666,True,
Testing,Testing/notumor/Te-no_0383.jpg,notumor,7673,225,225,RGB,JPEG,6f6a93a27b1d3bbf8976bae6d8d01f3ec146d8519e37415bdc91cc1e028656a4,c9993a666cc93666,True,
Training,Training/notumor/Tr-no_0555.jpg,notumor,7472,236,213,RGB,JPEG,44488b852fa7ce7097caac1f031ab25e7bb922a6dc25117d31dda2b4d5ea71e9,ca2d2db03cb334ba,True,
Training,Training/notumor/Tr-no_1145.jpg,notumor,5134,236,213,RGB,JPEG,97b98afb01833015fe92bdb99c1b3c3b4837b5d11337b53471fa691d0e0fc0b8,ca2d2db03cb334ba,True,
Training,Training/notumor/Tr-no_0703.jpg,notumor,7095,236,213,RGB,JPEG,8e32a8ba56648406acb94a24fe5022766d4c0023d1bb49fba79e65bc36f9b9a2,ca2d2db03cb334ba,True,
Training,Training/notumor/Tr-no_0840.jpg,notumor,7049,236,213,RGB,JPEG,6288f6902aa4859c9e38bd5e8189ae591d8465a20e576fe0af11c384ed41ce99,ca2d2db03cb334ba,True,
Training,Training/notumor/Tr-no_1385.jpg,notumor,10896,236,213,RGB,JPEG,21a9b35e3ebd7911c7687c15b1b8ac97204756a076480962c6fd9bd4f5bd11ac,ca2d2fb02cb334ba,True,
Training,Training/notumor/Tr-no_0656.jpg,notumor,10915,236,213,RGB,JPEG,60dabb037e39426bb8b59bd3695f1534f9f81d184c978bb580d562ef8a4052a1,ca2d2fb02cb334ba,True,
Testing,Testing/notumor/Te-no_0193.jpg,notumor,7495,236,213,RGB,JPEG,e65a413e33264db1d6cbbec1f03e6b43d7084514460e252f8a93874768a06424,cad22d4f3c5c344d,True,
Training,Training/notumor/Tr-no_0418.jpg,notumor,7274,236,213,RGB,JPEG,465860197b4ccc00fe717b90731d81699bcfd15f2e6d3768fd201ea34ae7910d,cad22d4f3c5c344d,True,
Training,Training/notumor/Tr-no_0253.jpg,notumor,13578,314,258,RGB,JPEG,039d0eb6b8493db695929536aa7476f8c472381a7c20de981bfe7e0bdd875a82,cb3c2ce1308f33d9,True,
Testing,Testing/notumor/Te-noTr_0002.jpg,notumor,13578,314,258,RGB,JPEG,039d0eb6b8493db695929536aa7476f8c472381a7c20de981bfe7e0bdd875a82,cb3c2ce1308f33d9,True,
Training,Training/notumor/Tr-no_1444.jpg,notumor,7099,232,217,RGB,JPEG,da6936779e8db4c1fad48c802e36230cf0b51ec882134446685aebc24b7829e3,cb633c1e3298c3cd,True,
Testing,Testing/notumor/Te-no_0240.jpg,notumor,6935,232,217,RGB,JPEG,e7d7519b2166b43f9d0649b9296203e320fdfbe5bc7574ca5c44277e3b0aa505,cb633c1e3298c3cd,True,
Testing,Testing/notumor/Te-no_0069.jpg,notumor,7143,236,236,RGB,JPEG,94721a1b47a80cb0533acdbac52f92ad7614d4685284b74b2a96914b038947a9,cb6c34c3969ccb38,True,
Training,Training/notumor/Tr-no_0333.jpg,notumor,7143,236,236,RGB,JPEG,94721a1b47a80cb0533acdbac52f92ad7614d4685284b74b2a96914b038947a9,cb6c34c3969ccb38,True,
Testing,Testing/notumor/Te-no_0029.jpg,notumor,7143,236,236,RGB,JPEG,94721a1b47a80cb0533acdbac52f92ad7614d4685284b74b2a96914b038947a9,cb6c34c3969ccb38,True,
Testing,Testing/notumor/Te-no_0131.jpg,notumor,6859,232,217,RGB,JPEG,3f6ff3052a2226ff9ada9dde278932cfc77baf2ff4ad183ad8dd52482e75f24e,cb9c3ce13267c332,True,
Training,Training/notumor/Tr-no_1176.jpg,notumor,6930,232,217,RGB,JPEG,96c0b12ceaca65c8647e28dd45d269f3c320b99784bad067ebaf03f1c264a11d,cb9c3ce13267c332,True,
Testing,Testing/notumor/Te-no_0346.jpg,notumor,6871,232,217,RGB,JPEG,88e225b7f280c09382a4378156be3a32d1b63db11ed70f12abe834b49e68078e,cb9c3ce13267c332,True,
Testing,Testing/notumor/Te-no_0378.jpg,notumor,8005,232,217,RGB,JPEG,275843f5c50cad7c35920b026dedfd43576d51d0a98d2acd7fcb4ef44aedb2aa,cb9e3ce13267c330,True,
Training,Training/notumor/Tr-no_1313.jpg,notumor,8189,232,217,RGB,JPEG,e229f5c11b2985e90bc93a180f67344eb8b8a6230e1ff0a48ff74c3277770869,cb9e3ce13267c330,True,
Training,Training/meningioma/Tr-me_0357.jpg,meningioma,8121,224,216,RGB,JPEG,c6c7b3131d20b2ffad95ed0821665cbb7ef9595b0f5c21478647a4bff22a7d15,cbc93c9c3036766c,True,
Testing,Testing/meningioma/Te-me_0113.jpg,meningioma,11090,224,216,RGB,JPEG,1b806f154eeffce24b422bbcff1082ae4a02ff743378ebb3ff3c6aa9f6020a9b,cbc93c9c3036766c,True,
Training,Training/notumor/Tr-no_0456.jpg,notumor,5978,300,168,RGB,JPEG,428c6e2a538eced2a14f9f3cd63534f10be023565bc4c611a76d8bf651195c67,ce30396733674c36,True,
Training,Training/notumor/Tr-no_1494.jpg,notumor,5659,300,168,RGB,JPEG,302df10d00e135b347f4475b911a5ce525d7f04020a61a2eb06559f65fc1480b,ce30396733674c36,True,
Training,Training/notumor/Tr-no_0554.jpg,notumor,8040,225,225,RGB,JPEG,69707646dfb0dbebd705608020ebbe6aa8af87e6911c2b1ea8ccd6a523c8bf48,ce3938c631c6e339,True,
Training,Training/notumor/Tr-no_1134.jpg,notumor,5961,225,225,RGB,JPEG,220e62fca790bcec10dd87a812af63ee18019ee2a711dd3101602743e556b07b,ce3938c631c6e339,True,
Training,Training/notumor/Tr-no_0828.jpg,notumor,7760,225,225,RGB,JPEG,31aad1489b3f69b2aef9cf221803169dae32403984e8d0a9bda328362c833285,ce3938c631c6e339,True,
Training,Training/notumor/Tr-no_1168.jpg,notumor,26202,442,442,RGB,JPEG,76d577713f1cf4414f780058f2079f7e6446aba86e89a86d7dd36401ca79a727,ce393dc6308d369a,True,
Training,Training/notumor/Tr-no_0238.jpg,notumor,33685,512,512,RGB,JPEG,ca5a51914cad005d72af57fa6c9142fc9d650ca06ba23f3e839991c3fa4c8b36,ce393dc6308d369a,True,
Training,Training/notumor/Tr-no_0267.jpg,notumor,33685,512,512,RGB,JPEG,ca5a51914cad005d72af57fa6c9142fc9d650ca06ba23f3e839991c3fa4c8b36,ce393dc6308d369a,True,
Training,Training/notumor/Tr-no_0316.jpg,notumor,26202,442,442,RGB,JPEG,76d577713f1cf4414f780058f2079f7e6446aba86e89a86d7dd36401ca79a727,ce393dc6308d369a,True,
Training,Training/notumor/Tr-no_1146.jpg,notumor,33685,512,512,RGB,JPEG,ca5a51914cad005d72af57fa6c9142fc9d650ca06ba23f3e839991c3fa4c8b36,ce393dc6308d369a,True,
Training,Training/notumor/Tr-no_1043.jpg,notumor,10287,420,280,RGB,JPEG,0bbe8a2a1bfa6dd268852dee167c8e309391550370ef8dc656c360f260669abf,ce6c38b634326799,True,
Testing,Testing/notumor/Te-no_0221.jpg,notumor,10039,420,280,RGB,JPEG,c09c58ace1e369790e077faf384fb7381d774bbf2c03cf13ab1dcefc14d380e3,ce6c38b634326799,True,
Training,Training/notumor/Tr-no_0144.jpg,notumor,16776,420,280,RGB,JPEG,280d387f9ef5c5407c3a5618fc7e3a861fed385c6f4c2e11e1ee9b13a7faa102,ce6c38b634326799,True,
Training,Training/notumor/Tr-no_1190.jpg,notumor,9863,420,280,RGB,JPEG,893cca9d9dd93b1ec90d8b2b6e4ec17638153c4603c32e8b304bfc05aa8a42bc,ce6c38b634326799,True,
Training,Training/notumor/Tr-no_0294.jpg,notumor,16776,420,280,RGB,JPEG,280d387f9ef5c5407c3a5618fc7e3a861fed385c6f4c2e11e1ee9b13a7faa102,ce6c38b634326799,True,
Training,Training/notumor/Tr-no_1255.jpg,notumor,12126,420,280,RGB,JPEG,9abc17e36fae0216bb2b2fe2829af1d92f05cf2db522947070e88f7ade9f266a,ce6c39b634926798,True,
Training,Training/notumor/Tr-no_0497.jpg,notumor,12687,420,280,RGB,JPEG,3708152413a96cc64a31fd18c72a28f91656d49ae51c1fa4b7e216135c4e73cc,ce6c39b634926798,True,
Training,Training/notumor/Tr-no_1024.jpg,notumor,4142,275,183,RGB,JPEG,91eb18f61d813028c6de3d9a78b79f807712662d006287ddec80b945f6edeb51,ce6c78b634326798,True,
Training,Training/notumor/Tr-no_1220.jpg,notumor,5570,275,183,RGB,JPEG,96152c5bfbd1d53c62398db5e62854e91456ab467fa5c504cce204ee4b6b0646,ce6c78b634326798,True,
Training,Training/notumor/Tr-no_1467.jpg,notumor,9867,420,280,RGB,JPEG,0790454183ebd29490578919e0dc9d91909bd39679b70cd1aba0ba3e5f61e160,ce93384934cd6367,True,
Testing,Testing/notumor/Te-no_0184.jpg,notumor,5902,275,183,RGB,JPEG,79e8802ebe62b2e256414bba747211992151631efdc4ccf1eb78760bf4cf564b,ce93384934cd6367,True,
Training,Training/notumor/Tr-no_0743.jpg,notumor,10020,420,280,RGB,JPEG,a0cb6052d255d5932ea2df3aba1f86071f28cba129fa567b96b346977f85e43d,ce93384934cd6367,True,
Testing,Testing/notumor/Te-no_0312.jpg,notumor,5817,275,183,RGB,JPEG,1e44b71c22ab1a43fb2a826ffd891836f4da274a1cc1592eba5874740a0da375,ce93384934cd6367,True,
Testing,Testing/notumor/Te-no_0192.jpg,notumor,8187,225,225,RGB,JPEG,4a2e16e02227e5d756662b4a1ea5adae753a6119fe631f5d2af883e7b1b52b96,cec638393139e3c6,True,
Training,Training/notumor/Tr-no_0411.jpg,notumor,8006,225,225,RGB,JPEG,a35fa2f008fae05b592a376704ffb1805f8883e393bee718253d8817bccfe18b,cec638393139e3c6,True,
Training,Training/notumor/Tr-no_1205.jpg,notumor,9487,225,225,RGB,JPEG,518245b468a13675f104390acccc8b631faa0cd5a2a061b6b86f3110fc691fe0,cec63c393138e3c6,True,
Training,Training/notumor/Tr-no_0666.jpg,notumor,9661,225,225,RGB,JPEG,a8ec609bf4bca5c827586ea5db4bd5456cf2b6d8a7d5218ccf12ab4526c75057,cec63c393138e3c6,True,
Training,Training/notumor/Tr-no_0154.jpg,notumor,80949,1000,583,RGB,JPEG,5f51fecec97f1264f4cb6a9f7d0d847f17e49033ec034b11d2cc5c8b79ba6519,cecb2ca5393c3334,True,
Training,Training/notumor/Tr-no_0237.jpg,notumor,80949,1000,583,RGB,JPEG,5f51fecec97f1264f4cb6a9f7d0d847f17e49033ec034b11d2cc5c8b79ba6519,cecb2ca5393c3334,True,
Testing,Testing/notumor/Te-no_0371.jpg,notumor,5791,300,168,RGB,JPEG,2c1e04cac4ebb0c1651decf0dc6216af60fb457cf78e6afcdf88a203d1d8a628,cecf399833984cc9,True,
Training,Training/notumor/Tr-no_1266.jpg,notumor,5676,300,168,RGB,JPEG,83f54b31a93aebfbd2b42943d94e699dce5037e554962d969c9b65808c53eb4c,cecf399833984cc9,True,
Testing,Testing/notumor/Te-no_0111.jpg,notumor,4845,300,168,RGB,JPEG,6f6b4e90d1242f78ce866f2348707df640a91b845d2049b5e7354d3257784fe4,cf30386731676c36,True,
Training,Training/notumor/Tr-no_1380.jpg,notumor,4829,300,168,RGB,JPEG,bc33cb9bd0d69926571f394d57be884d831a864a3506f4b6db65a7bbf1ad3045,cf30386731676c36,True,
Training,Training/notumor/Tr-no_1299.jpg,notumor,7690,300,168,RGB,JPEG,7910d64875068af85b6de1da00b6ded567df9fee073ee903f8b07d2e06b741bf,cf383cc236679893,True,
Training,Training/notumor/Tr-no_1500.jpg,notumor,7530,300,168,RGB,JPEG,073bba96a776f5a2ffcb6c84782e8908bc372c478d80a928f0d49587a3a3e385,cf383cc236679893,True,
Training,Training/notumor/Tr-no_0833.jpg,notumor,11240,300,168,RGB,JPEG,df2906ba7e2dc5d018c368330e0f3dc30879b5b2cbac103a64e58d2779f76339,cf383cc334679893,True,
Testing,Testing/notumor/Te-no_0133.jpg,notumor,18347,642,361,RGB,JPEG,1e0c0f00d676732a9e96bee09e2007bfb3e74a38e23cc83bb7eb35f21b4d28d2,cf383cc334679893,True,
Training,Training/notumor/Tr-no_1405.jpg,notumor,6293,300,168,RGB,JPEG,70c586be13ad8ed0f19b5e416b3aaf1c0fea720f23ec4a7df1f0e09519d66c64,cf383cc334679893,True,
Testing,Testing/notumor/Te-no_0347.jpg,notumor,18422,642,361,RGB,JPEG,258c4034102a30d0f445403b87f6f75d576a81016efcf40dc2a9f0dae37dc1bf,cf383cc334679893,True,
Training,Training/notumor/Tr-no_0845.jpg,notumor,35208,642,361,RGB,JPEG,aff182708bd1fbbc5c5e97d755f010c031abe90aa01353e2c2d223afd22a4c47,cf383cc334679893,True,
Testing,Testing/notumor/Te-no_0388.jpg,notumor,6138,300,168,RGB,JPEG,bfd5da402bf774d86a07b6f91e2b33b2fb03fe6ffae51edaa70b746072e195d3,cf383cc334679893,True,
Training,Training/notumor/Tr-no_0423.jpg,notumor,6293,300,168,RGB,JPEG,f2de2f425f3bb3992229478d49d3ca7e10d1a0a32f301d88c8e5b93873538e12,cf383cc334679893,True,
Training,Training/notumor/Tr-no_0468.jpg,notumor,23519,642,361,RGB,JPEG,2377035d0d8766afc086440b729c815b7db06001abdcf6a6ecc0149326f41851,cf383cc336639893,True,
Training,Training/notumor/Tr-no_1538.jpg,notumor,22495,642,361,RGB,JPEG,1b19bf20364894e5435a1eb93791eea0499cb9b1e51a2687ea231775eeb60301,cf383cc336639893,True,
Training,Training/notumor/Tr-no_1317.jpg,notumor,23432,642,361,RGB,JPEG,c2353df44f417f9e43873aef86e51eebd9d23863b94766834d210618b89b4b26,cf383cc336639893,True,
Testing,Testing/notumor/Te-no_0016.jpg,notumor,10469,236,218,RGB,JPEG,9cb0bd6ba354991ae933b55af58ca040f3b8db01add876aba09159d7badd3599,cf4b3c9c70323339,True,
Training,Training/notumor/Tr-no_1147.jpg,notumor,10469,236,218,RGB,JPEG,9cb0bd6ba354991ae933b55af58ca040f3b8db01add876aba09159d7badd3599,cf4b3c9c70323339,True,
Training,Training/notumor/Tr-no_0042.jpg,notumor,8136,236,218,RGB,JPEG,3fe17b3fd3ce3aa90a87f7fec9e5ceb19fd057ad5f5e716ace23115a24ef66b6,cf4b3c9c70323339,True,
Training,Training/notumor/Tr-no_0817.jpg,notumor,11023,300,168,RGB,JPEG,12ef28cd1bf90cc898c6d59a9a84f85298110ea7c53eb7e1267a37a9f9be272f,cfc73c3c3498986c,True,
Training,Training/notumor/Tr-no_1448.jpg,notumor,18267,642,361,RGB,JPEG,d09d2f9a7c8c699f980c21a2924579572df6154450db27f3580872edff5e5ac2,cfc73c3c3498986c,True,
Testing,Testing/notumor/Te-no_0331.jpg,notumor,6134,300,168,RGB,JPEG,65faf6f1ed96358f3345a8d62a9b5725b8cc25e6e4cecde4913e4cc258284b24,cfc73c3c3498986c,True,
Testing,Testing/notumor/Te-no_0404.jpg,notumor,6293,300,168,RGB,JPEG,5e97761193409b958825fbb6fd5ee754810eca21276228508b44b8f01daeefff,cfc73c3c3498986c,True,
Testing,Testing/notumor/Te-no_0242.jpg,notumor,18190,642,361,RGB,JPEG,abba31588ca61e0e187b96df582a163065acb504330099fb6481e1d4a0dfd410,cfc73c3c3498986c,True,
Training,Training/notumor/Tr-no_1274.jpg,notumor,7500,300,168,RGB,JPEG,86da65eee3ebc97960b0744f0fe9d743dd1303138da51a795ddb912ccfcca939,cfc73c3c3698982c,True,
Training,Training/notumor/Tr-no_0866.jpg,notumor,34702,642,361,RGB,JPEG,5add81cdd45200e3f851282bffa1fbeb4b01e104ac6e8a3cc4802191d16a008c,cfc73c3c3698982c,True,
Training,Training/notumor/Tr-no_1520.jpg,notumor,22544,642,361,RGB,JPEG,7cb5fa1606d107e3a5281a030bf95c565eb0542ca350382fbbe40866d4a39e9d,cfc73c3c3698982c,True,
Testing,Testing/notumor/Te-no_0204.jpg,notumor,8236,235,214,RGB,JPEG,e88ca0907de6df1d3cfca80151d184ccf5f76cdf997cc58f02d1905899daf938,d00b2fb52e346bf0,True,
Training,Training/notumor/Tr-no_0699.jpg,notumor,7960,235,214,RGB,JPEG,3f3bddf1bfd9c18fada07d9a90325f3b238bc2249f27f9fc494c1d6cbfe5ae53,d00b2fb52e346bf0,True,
Training,Training/notumor/Tr-no_1038.jpg,notumor,5882,235,214,RGB,JPEG,b494332cd5c534f3c093f5f26b9dacabad2119be1d8a0e955843adf647c9315d,d00b2fb52e346bf0,True,
Training,Training/notumor/Tr-no_0603.jpg,notumor,12457,235,214,RGB,JPEG,01b417ffb3ab8cb28cc4901e22ef7c2c412086743e17550c7a5b0ee0fc4480a7,d00b2fb52e346bf0,True,
Training,Training/notumor/Tr-no_0741.jpg,notumor,7999,235,214,RGB,JPEG,d8be34ad89aff5bac28c58fc73dee8c2b0666e7aefe6f2390d670829d9515776,d00b2fb52e346bf0,True,
Training,Training/notumor/Tr-no_0766.jpg,notumor,9889,200,252,RGB,JPEG,7ddbef2556e368dd15908ede6107c308faeb8088d987fe05c4b1b09577f361c7,d0161ff87a962d51,True,
Training,Training/notumor/Tr-no_0550.jpg,notumor,9845,200,252,RGB,JPEG,b15170faec1cda7cf01d47b472700acd098d7ea8702b6b33592d7f3a4bae7c9c,d0161ff87a962d51,True,
Testing,Testing/notumor/Te-no_0303.jpg,notumor,9808,200,252,RGB,JPEG,c3a65f6c4a3cb7ab91fc247a8cab49d12f7af231169fbf6f6cba107eeeaaf32d,d0161ffa7a962951,True,
Training,Training/notumor/Tr-no_0166.jpg,notumor,14699,200,252,RGB,JPEG,1760da4ac516c8564bf06bc349176a1463dbb49f4de7b6d0b986ff015b96bd62,d0161ffa7a962951,True,
Training,Training/notumor/Tr-no_1119.jpg,notumor,14699,200,252,RGB,JPEG,1760da4ac516c8564bf06bc349176a1463dbb49f4de7b6d0b986ff015b96bd62,d0161ffa7a962951,True,
Testing,Testing/notumor/Te-no_0338.jpg,notumor,8758,215,234,RGB,JPEG,56b5fd97f6dce850ce9c704527410dfac94dec28f85638516bc1cd97242c773d,d01b2ff43d42346d,True,
Training,Training/notumor/Tr-no_0416.jpg,notumor,8683,215,234,RGB,JPEG,06b29e3d2fae28dad1e139950a7cbe2a5a688568d89ca92c82d9fada127a9df3,d01b2ff43d42346d,True,
Training,Training/notumor/Tr-no_1558.jpg,notumor,8412,215,234,RGB,JPEG,d45422237960316e6944889b7796756e0b96def02be9749c2b79ae91956ea6cf,d01b2ff43d42346d,True,
Training,Training/notumor/Tr-no_1056.jpg,notumor,66814,630,630,RGB,JPEG,6296fc94ca1dba543a77ac0312ae4eda86053a44d81a9151e77e1e6b90bd91d3,d02f6f7434b234c3,True,
Training,Training/notumor/Tr-no_0015.jpg,notumor,66814,630,630,RGB,JPEG,6296fc94ca1dba543a77ac0312ae4eda86053a44d81a9151e77e1e6b90bd91d3,d02f6f7434b234c3,True,
Testing,Testing/notumor/Te-no_0104.jpg,notumor,13813,236,251,RGB,JPEG,82a16900fbf15df713cae2a5d2c941f846c62322cc04ed7d01c313aada509c0f,d0322f0d6ce0f2cf,True,
Training,Training/notumor/Tr-no_0040.jpg,notumor,10938,236,251,RGB,JPEG,9eb2f206cd2e88f015f4b08bd4a399ba5f8d97b263306205c1cf54385c7dd352,d0322f0d6ce0f2cf,True,
Training,Training/notumor/Tr-no_0279.jpg,notumor,11184,236,251,RGB,JPEG,733e77e4b6da2d851bddbf9cf2768c02db39d5fa0f7be61fdbcb9d1e044abb76,d03b2be92de43cc2,True,
Training,Training/notumor/Tr-no_0191.jpg,notumor,11184,236,251,RGB,JPEG,733e77e4b6da2d851bddbf9cf2768c02db39d5fa0f7be61fdbcb9d1e044abb76,d03b2be92de43cc2,True,
Testing,Testing/notumor/Te-no_0045.jpg,notumor,11184,236,251,RGB,JPEG,733e77e4b6da2d851bddbf9cf2768c02db39d5fa0f7be61fdbcb9d1e044abb76,d03b2be92de43cc2,True,
Testing,Testing/notumor/Te-no_0050.jpg,notumor,11184,236,251,RGB,JPEG,733e77e4b6da2d851bddbf9cf2768c02db39d5fa0f7be61fdbcb9d1e044abb76,d03b2be92de43cc2,True,
Training,Training/notumor/Tr-no_0235.jpg,notumor,11184,236,251,RGB,JPEG,733e77e4b6da2d851bddbf9cf2768c02db39d5fa0f7be61fdbcb9d1e044abb76,d03b2be92de43cc2,True,
Testing,Testing/notumor/Te-no_0054.jpg,notumor,11184,236,251,RGB,JPEG,733e77e4b6da2d851bddbf9cf2768c02db39d5fa0f7be61fdbcb9d1e044abb76,d03b2be92de43cc2,True,
Testing,Testing/notumor/Te-no_0350.jpg,notumor,9226,212,238,RGB,JPEG,fa9f674b6ffedd110c1f810224d96c9020190ceb5b4ae13de43d83a8dfc183b3,d03c0f503ba36cd7,True,
Training,Training/notumor/Tr-no_1436.jpg,notumor,17493,350,393,RGB,JPEG,9a858533a6d8ca133d2c6d83a8ae92115d1df82a57d88b8a57c77e3b145d38d7,d03c0f503ba36cd7,True,
Training,Training/notumor/Tr-no_0460.jpg,notumor,29714,428,417,RGB,JPEG,08e096f199049b3f1b99f6531e49b09898220f7aa37b7f8f45a55e34c8aed6e0,d03f0ef02fe03cc3,True,
Training,Training/notumor/Tr-no_1504.jpg,notumor,28078,428,417,RGB,JPEG,0e1eeb0a5c28d0b74aca27f1ec212932f73d57032592ef4f5038d40709ec77c4,d03f0ef02fe03cc3,True,
Testing,Testing/notumor/Te-no_0253.jpg,notumor,10789,227,222,RGB,JPEG,2257551885c49ea89de39796426612e72afc4b8dfbae41de3b48b7d6172d355c,d03f0ef02fe03cc3,True,
Training,Training/notumor/Tr-no_1503.jpg,notumor,10546,227,222,RGB,JPEG,9fd937ce596e6574b36755b6a30ff2d1f691345a39b1218b50fc8d0ec9a7785e,d03f0ef02fe03cc3,True,
Training,Training/notumor/Tr-no_1303.jpg,notumor,29220,428,417,RGB,JPEG,751d2b331faaa59454c4ee8b5e012ad1c495c1be7813057bec6f9cdfb77f71b7,d03f0ef02fe03cc3,True,
Training,Training/notumor/Tr-no_0625.jpg,notumor,28739,428,417,RGB,JPEG,ae6286c9c96c4ffdf341ea4225bad64f222fdce3992bcf82de500dda991273b9,d03f0ef02fe03cc3,True,
Training,Training/notumor/Tr-no_1301.jpg,notumor,11227,227,222,RGB,JPEG,ce6093596321b795e9c3eaeddba59cf700e766b11731592c4d9389383b5598ad,d03f0ef02fe03cc3,True,
Testing,Testing/notumor/Te-no_0147.jpg,notumor,11439,227,222,RGB,JPEG,baf4e05e1f3eb36f638e12fa5843537b361ba2a82f874c4c49c3c0f1020c010e,d03f0ef02fe03cc3,True,
Testing,Testing/notumor/Te-no_0126.jpg,notumor,22376,428,417,RGB,JPEG,529ab1461e2488a2edb72328502a693d9e049b5d9c0b520a4401c4ac35fc1561,d03f0ef02fe05cc3,True,
Testing,Testing/notumor/Te-no_0389.jpg,notumor,8328,227,222,RGB,JPEG,11d37b7c3a723327a2e7414f575e9de4d2b7a03fdbb1a0d42e37615e73a3e404,d03f0ef02fe05cc3,True,
Training,Training/notumor/Tr-no_1412.jpg,notumor,22278,428,417,RGB,JPEG,1244107d98c9a8b438a226dbed6e776517b9e2a38e1704c7dea6283f9d493758,d03f0ef02fe05cc3,True,
Testing,Testing/notumor/Te-no_0343.jpg,notumor,8622,227,222,RGB,JPEG,56ad54c38a86ce30a656f7ca7e8d471ac2c610bf18998a479ec24dcc642ea37d,d03f0ef02fe05cc3,True,
Training,Training/notumor/Tr-no_1571.jpg,notumor,21942,428,417,RGB,JPEG,033b1d33ec791d3888f4cf483521bb26c46a27b81a6cbb8384974d8239c5ca7c,d03f0ef02fe05cc3,True,
Testing,Testing/notumor/Te-no_0125.jpg,notumor,8551,227,222,RGB,JPEG,2b3d1ac43a7301b6c36c5c94fa07df37a2f31e5b90b476c8457b2406aabc4797,d03f0ef02fe05cc3,True,
Training,Training/notumor/Tr-no_0032.jpg,notumor,17096,224,286,RGB,JPEG,3e66ecd9f2d07394ea13b8f2ce9212677a14aea1066e13a1445b00cbc59b998e,d04e1bba3ee43b60,True,
Training,Training/notumor/Tr-no_1073.jpg,notumor,17096,224,286,RGB,JPEG,3e66ecd9f2d07394ea13b8f2ce9212677a14aea1066e13a1445b00cbc59b998e,d04e1bba3ee43b60,True,
Training,Training/pituitary/Tr-pi_0559.jpg,pituitary,34597,512,512,RGB,JPEG,c2eb40de407cccb68b425748f0fabae16ecd3745ff2f53b5f4b2367756b3fb49,d0610b6e2f3c3f31,True,
Training,Training/pituitary/Tr-pi_0560.jpg,pituitary,31311,512,512,RGB,JPEG,3062d3f70457960af8eda0728849b1747050d5fc4321feb7d87ad7ab6628fe7d,d0610b6e2f3c3f31,True,
Training,Training/pituitary/Tr-pi_0740.jpg,pituitary,32517,512,512,RGB,JPEG,08690b76457b2b44d58682cece62ec951ef6d30d935ce07df852e97d44434680,d0720f3c2c3d7933,True,
Testing,Testing/pituitary/Te-pi_0066.jpg,pituitary,32517,512,512,RGB,JPEG,08690b76457b2b44d58682cece62ec951ef6d30d935ce07df852e97d44434680,d0720f3c2c3d7933,True,
Training,Training/pituitary/Tr-pi_0169.jpg,pituitary,37026,512,512,RGB,JPEG,8a4a14e666a67b90bf01bac1b85170bacf41fda33c7a7394d5e82e83c6f6f324,d08557085e6f3ae9,True,
Training,Training/pituitary/Tr-pi_0170.jpg,pituitary,37026,512,512,RGB,JPEG,8a4a14e666a67b90bf01bac1b85170bacf41fda33c7a7394d5e82e83c6f6f324,d08557085e6f3ae9,True,
Training,Training/notumor/Tr-no_0633.jpg,notumor,29116,428,417,RGB,JPEG,86e086bc3b54fedf7ee6ee9a8d464b5fa68857083e71167674b6384b0c53a97b,d0c00f0f2f1f7c3c,True,
Testing,Testing/notumor/Te-no_0373.jpg,notumor,28148,428,417,RGB,JPEG,94fe51aa3ce858ac74db6af3d0e63cc2f6865616113ad1e93402d3807ed1fd4e,d0c00f0f2f1f7c3c,True,
Training,Training/notumor/Tr-no_1512.jpg,notumor,10890,227,222,RGB,JPEG,7b04a004841b4302bd06435e1aef24008fffcf2bfb097dab54766bd29f4a1ab4,d0c00f0f2f1f7c3c,True,
Training,Training/notumor/Tr-no_1278.jpg,notumor,11155,227,222,RGB,JPEG,02c2f0e942534a18965e8bf30f8d17df35b265d5587e8c920d8faed6032e537b,d0c00f0f2f1f7c3c,True,
Testing,Testing/notumor/Te-no_0259.jpg,notumor,11344,227,222,RGB,JPEG,fbc75558a261df5c9f6ed8567f89214691bff537afd5b273a9f9da424de53242,d0c00f0f2f1f7c3c,True,
Testing,Testing/notumor/Te-no_0142.jpg,notumor,11219,227,222,RGB,JPEG,0705d27363749ece8ac8ae0a550003ea1f0b94e8418c3ed54b8a4f3ad0664b33,d0c00f0f2f1f7c3c,True,
Testing,Testing/notumor/Te-no_0333.jpg,notumor,22002,428,417,RGB,JPEG,f19ab4de4fa5a22408dbf01a56ac6dcb8fe41642670f43f8aae478d35a6f7a57,d0c00f0f2f1f7c3c,True,
Training,Training/notumor/Tr-no_1376.jpg,notumor,8544,227,222,RGB,JPEG,7023c4dcf7120a2bd4dd9064ea400f14aa323af508bd805eadee4c928e021ff8,d0c00f0f2f1f7c3c,True,
Training,Training/notumor/Tr-no_0453.jpg,notumor,29026,428,417,RGB,JPEG,ba7002495f10faabd61751b0acda4545a4c7e95f2f2a09b002f4ee3a572a5031,d0c00f0f2f1f7c3c,True,
Training,Training/notumor/Tr-no_0401.jpg,notumor,22009,428,417,RGB,JPEG,e61f300036ee5e2db6a0e4df462189d41b39323efb6a7cffe2b454fffd2c18f0,d0c00f0f2f1f7c3c,True,
Training,Training/notumor/Tr-no_1279.jpg,notumor,28908,428,417,RGB,JPEG,b1baea653235312bb0772cce442121b75030b839ce123dd830e264af4f54f59c,d0c00f0f2f1f7c3c,True,
Training,Training/notumor/Tr-no_1415.jpg,notumor,17978,350,393,RGB,JPEG,e8a0c918da9bad8a26e2e5ac950a03dc2711eb7454741a89ddc4272fc22ea9e3,d0c30faf3b5c6c28,True,
Testing,Testing/notumor/Te-no_0344.jpg,notumor,9401,212,238,RGB,JPEG,2951bdc4c00830e1c7dde699b29f73d5ed6da25d5568015d717df71f618124bb,d0c30faf3b5c6c28,True,
Training,Training/notumor/Tr-no_0465.jpg,notumor,22354,350,393,RGB,JPEG,a060cabec183204f051f9c7d153b82d952b886fe2bb34efb8f812c50ce123287,d0c36fa7395c642c,True,
Training,Training/notumor/Tr-no_1306.jpg,notumor,11759,212,238,RGB,JPEG,e6b33fecf8045e0bc7abc70fc15eed83fa7e20cfd8af95ea96b02b46224f97c8,d0c36fa7395c642c,True,
Training,Training/meningioma/Tr-me_0207.jpg,meningioma,16767,315,341,RGB,JPEG,bdcb36433384ba17ee22c69a3e4f9149b20b69ecd85dd272a80dda704aff0aa8,d0d90ba16b676566,True,
Testing,Testing/meningioma/Te-me_0027.jpg,meningioma,18762,315,341,RGB,JPEG,49938c1a7f37ea232898c06615f57fef3e9a8a464c93a20206394a1aa2360e46,d0d90ba16b676566,True,
Training,Training/notumor/Tr-no_1358.jpg,notumor,8749,215,234,RGB,JPEG,208c35463539c6d8b138d2644234d1e0f790df935eb5214dd3849c7b35967f86,d0e42f0b3dbd3492,True,
Training,Training/notumor/Tr-no_1584.jpg,notumor,8688,215,234,RGB,JPEG,1851040638c4f0f6bb966c6c9eb0959e7b81ecacd50a8b6f7cc232294933963b,d0e42f0b3dbd3492,True,
Training,Training/notumor/Tr-no_0720.jpg,notumor,10157,200,252,RGB,JPEG,297b8b49c86eb127f38704062c6efb288ba28cc2a3209a267a9e57f6e0831546,d0e91f057a6929ae,True,
Training,Training/notumor/Tr-no_1554.jpg,notumor,10166,200,252,RGB,JPEG,5c12d946f493e7b0ca83a49840da335c51439207864eaa1bc03503dcfa7a6945,d0e91f057a6929ae,True,
Training,Training/notumor/Tr-no_0524.jpg,notumor,10345,200,252,RGB,JPEG,57aa3dae272093eb5efa407adf578957c666b056c2dad06c0f11ae2656c9eae8,d0e91f057a6929ae,True,
Testing,Testing/notumor/Te-no_0188.jpg,notumor,8350,235,214,RGB,JPEG,d0ae32e6dfc3b815f592d814528edbea515a0cfac7095928736a03446f6be1ee,d0f42f4a2ccf230f,True,
Training,Training/notumor/Tr-no_1535.jpg,notumor,8233,235,214,RGB,JPEG,864b804ff3c081862917b438344e07dab66f2e0748e4dc55951a5195fe7ea4de,d0f42f4a2ccf230f,True,
Training,Training/notumor/Tr-no_0718.jpg,notumor,8273,235,214,RGB,JPEG,fc36ad246bb583e2f4abd45c8fb215dab8f2c9bdd7e0cfce1b787b6bad777d20,d0f42f4a2ccf230f,True,
Training,Training/meningioma/Tr-me_0218.jpg,meningioma,17800,239,224,RGB,JPEG,4dee52eb749d6ef80648eb84b951b084a60543ad6e60e878bfb8c5d5dcfab4bd,d10b466c9a9fdab0,True,
Testing,Testing/meningioma/Te-me_0039.jpg,meningioma,19826,239,224,RGB,JPEG,49123208b118fc9fea58265c4033396e264cbcac373ee2878076baf38aaf412b,d10b466c9a9fdab0,True,
Training,Training/notumor/Tr-no_0018.jpg,notumor,27719,332,442,RGB,JPEG,3fcd47df13022dff9310847e66344a301655fc62a565598336433f9c098e5074,d11a1aa57f832d56,True,
Training,Training/notumor/Tr-no_1063.jpg,notumor,27719,332,442,RGB,JPEG,3fcd47df13022dff9310847e66344a301655fc62a565598336433f9c098e5074,d11a1aa57f832d56,True,
Testing,Testing/meningioma/Te-me_0054.jpg,meningioma,26971,367,395,RGB,JPEG,eadc6dd552a21452ea3a1f171e62f805c6f66927d6f8670961aac7e9495ded81,d11b136e646e6cb4,True,
Training,Training/meningioma/Tr-me_0221.jpg,meningioma,19476,366,395,RGB,JPEG,45938b1b529e1075b171d940aabb0388b4f863984ab96af7879025f0b31a668c,d11b136e646e6cb4,True,
Training,Training/meningioma/Tr-me_0233.jpg,meningioma,19460,367,395,RGB,JPEG,ad80fb721b5d5ee5b77ff2e29e3473a54db92a5004c7de810fe1353e89a65d33,d11b136e646e6cb4,True,
Testing,Testing/meningioma/Te-me_0042.jpg,meningioma,26991,366,395,RGB,JPEG,5c6da12069abad1ea0d958b7cbeec5b4ebed459dc9b1f2177246cc4e597b0b4b,d11b136e646e6cb4,True,
Training,Training/notumor/Tr-no_0122.jpg,notumor,20463,236,236,RGB,JPEG,413708f4f5a9e003997c5c966035431a1bd741b16cde99a42ca6155cccf8f17d,d11b2e7839e63199,True,
Training,Training/notumor/Tr-no_0119.jpg,notumor,20463,236,236,RGB,JPEG,413708f4f5a9e003997c5c966035431a1bd741b16cde99a42ca6155cccf8f17d,d11b2e7839e63199,True,
Training,Training/notumor/Tr-no_1135.jpg,notumor,136631,785,848,RGB,JPEG,2779f5d9e97ff8a2283e34ab88a7e6de22c561367944758e2796f427fd2dddd9,d14a0fbd6e256964,True,
Training,Training/notumor/Tr-no_0234.jpg,notumor,136631,785,848,RGB,JPEG,2779f5d9e97ff8a2283e34ab88a7e6de22c561367944758e2796f427fd2dddd9,d14a0fbd6e256964,True,
Training,Training/notumor/Tr-no_0239.jpg,notumor,136631,785,848,RGB,JPEG,2779f5d9e97ff8a2283e34ab88a7e6de22c561367944758e2796f427fd2dddd9,d14a0fbd6e256964,True,
Testing,Testing/meningioma/Te-me_0052.jpg,meningioma,33110,442,442,RGB,JPEG,0d788a5156cb295ffdd9eefb5ca7f88a68d6e5e93fbee087d879d37a088c460a,d14b3f6c24646ef0,True,
Training,Training/meningioma/Tr-me_0231.jpg,meningioma,24945,442,442,RGB,JPEG,e43e01934b68943651419d25cae4ccea04db2678db91b0e6a257c54732f920f8,d14b3f6c24646ef0,True,
Training,Training/notumor/Tr-no_0962.jpg,notumor,29392,364,418,RGB,JPEG,682871b3c7250e0c56b28688840ac15101ec847a891e0b2d2cb72f0436ff8073,d14e0aad6f304f65,True,
Training,Training/notumor/Tr-no_0190.jpg,notumor,29392,364,418,RGB,JPEG,682871b3c7250e0c56b28688840ac15101ec847a891e0b2d2cb72f0436ff8073,d14e0aad6f304f65,True,
Training,Training/pituitary/Tr-pi_0518.jpg,pituitary,34172,512,512,RGB,JPEG,3e802dd22f483ce4d442fe2c7f1890c1c810ec8c1131b364fd4e4593bf0f268a,d14e1aed3c697c24,True,
Training,Training/pituitary/Tr-pi_0517.jpg,pituitary,34172,512,512,RGB,JPEG,3e802dd22f483ce4d442fe2c7f1890c1c810ec8c1131b364fd4e4593bf0f268a,d14e1aed3c697c24,True,
Training,Training/pituitary/Tr-pi_0516.jpg,pituitary,34172,512,512,RGB,JPEG,3e802dd22f483ce4d442fe2c7f1890c1c810ec8c1131b364fd4e4593bf0f268a,d14e1aed3c697c24,True,
Testing,Testing/pituitary/Te-piTr_0001.jpg,pituitary,34172,512,512,RGB,JPEG,3e802dd22f483ce4d442fe2c7f1890c1c810ec8c1131b364fd4e4593bf0f268a,d14e1aed3c697c24,True,
Training,Training/notumor/Tr-no_0424.jpg,notumor,19042,380,530,RGB,JPEG,0a832deee2b11878df626c5873e48ec32f206016d3d5e0492d6b32fc929e6c2c,d14e6b95255b3433,True,
Testing,Testing/notumor/Te-no_0342.jpg,notumor,19081,380,530,RGB,JPEG,0d5a11f8145fbaf4a93a817b52f97bb07632b3e594641ccd9bed80b0f2d8e6c7,d14e6b95255b3433,True,
Testing,Testing/notumor/Te-no_0305.jpg,notumor,9447,200,252,RGB,JPEG,dc8a25950f072b9830140f60f08958ea8bea1716b96d5f8c7b09017bd4ad67e7,d15a48ed4ea56ea4,True,
Testing,Testing/notumor/Te-no_0208.jpg,notumor,9572,200,252,RGB,JPEG,42f959715b9af7d2a9d14016c89e3175d574c10b7e2f510d1025ac588657069a,d15a48ed4ea56ea4,True,
Training,Training/notumor/Tr-no_0894.jpg,notumor,29004,380,530,RGB,JPEG,2ced89e5989f75f70abe892181d5fb9ce00d06b8af4849ad145ec5590ceaef36,d1b16b6a25e634cc,True,
Testing,Testing/notumor/Te-no_0332.jpg,notumor,18972,380,530,RGB,JPEG,9ed3de03c7379a7fd28e058a35174113ad8770fc99ea7d7bddbb71941e2bda0b,d1b16b6a25e634cc,True,
Testing,Testing/notumor/Te-no_0106.jpg,notumor,18833,380,530,RGB,JPEG,b2f171a3f939e132a777872248fd47094a537f02def7a15c6bf6c4e59cd8dc37,d1b16b6a25e634cc,True,
Training,Training/notumor/Tr-no_1289.jpg,notumor,11287,215,234,RGB,JPEG,2da4892ae42747cfdda846378af2e16282996d376d758a5700e8a2c297080a33,d21b2ff43d43340d,True,
Testing,Testing/notumor/Te-no_0251.jpg,notumor,10421,215,234,RGB,JPEG,a7d97f4ad633141046b70df1616a484bff3897a666adb14a6fa5ba80219e05a0,d21b2ff43d43340d,True,
Training,Training/notumor/Tr-noTr_0007.jpg,notumor,9387,220,212,RGB,JPEG,88aba8f5a882187bc3df678f2b3a88c6c59cec1c01fb732e5671a5ffb6a494d7,d21f6e603c646765,True,
Training,Training/notumor/Tr-no_1052.jpg,notumor,9387,220,212,RGB,JPEG,88aba8f5a882187bc3df678f2b3a88c6c59cec1c01fb732e5671a5ffb6a494d7,d21f6e603c646765,True,
Training,Training/notumor/Tr-no_0443.jpg,notumor,33502,550,664,RGB,JPEG,29ed9a897d633c24f388e753b6f81b9fa91ade7ba97b351f106b3fe954c0c036,d2272ff03d893c0d,True,
Training,Training/notumor/Tr-no_0950.jpg,notumor,57039,550,664,RGB,JPEG,114cf48b072d2e1983f7354e1a8505c56cfa64e9a4134ba4775aabe16a061e86,d2272ff03d893c0d,True,
Training,Training/notumor/Tr-no_0471.jpg,notumor,46290,550,664,RGB,JPEG,06ea0c3b099ba4048faddf7220a226347dc69df955571500a46151b10b4ffb8d,d2272ff03d893c1c,True,
Training,Training/notumor/Tr-no_1325.jpg,notumor,42842,550,664,RGB,JPEG,d8239cea80725a8ab8c5e66dda7a6cd08f7834806edbd40efbdbc552f5cd446d,d2272ff03d893c1c,True,
Training,Training/notumor/Tr-no_1373.jpg,notumor,8818,225,225,RGB,JPEG,1e497ddc88e70fb61070941f96497f06778d4919c2ef53075861d6d6013c5856,d2346c5a2de1349f,True,
Training,Training/notumor/Tr-no_0854.jpg,notumor,9274,225,225,RGB,JPEG,ec0ec5fefeaa88f1ccee4e0b117c21e422a575a8b4f1e03a54a36ec2edeb4340,d2346c5a2de1349f,True,
Training,Training/notumor/Tr-no_1096.jpg,notumor,12598,236,236,RGB,JPEG,6e643c3263775b4637ad4e11620277c6ac65dcf63996826f76cac2dac5d8afdc,d2364f686c7134b3,True,
Training,Training/notumor/Tr-no_0257.jpg,notumor,12598,236,236,RGB,JPEG,6e643c3263775b4637ad4e11620277c6ac65dcf63996826f76cac2dac5d8afdc,d2364f686c7134b3,True,
Testing,Testing/notumor/Te-no_0052.jpg,notumor,12598,236,236,RGB,JPEG,6e643c3263775b4637ad4e11620277c6ac65dcf63996826f76cac2dac5d8afdc,d2364f686c7134b3,True,
Testing,Testing/notumor/Te-no_0040.jpg,notumor,12598,236,236,RGB,JPEG,6e643c3263775b4637ad4e11620277c6ac65dcf63996826f76cac2dac5d8afdc,d2364f686c7134b3,True,
Training,Training/notumor/Tr-no_0135.jpg,notumor,12598,236,236,RGB,JPEG,6e643c3263775b4637ad4e11620277c6ac65dcf63996826f76cac2dac5d8afdc,d2364f686c7134b3,True,
Testing,Testing/notumor/Te-no_0082.jpg,notumor,10991,234,224,RGB,JPEG,eaf5b3298bb7bd6f729b87c54e69eea87626d55f5853cba81ce2b7a537c4b344,d2386de53687309b,True,
Training,Training/notumor/Tr-no_0048.jpg,notumor,9609,234,224,RGB,JPEG,5974b1c4f3ed366ad867c794efc2ff3e2d7d47df283d5b25818f7b20d02f1081,d2386de53687309b,True,
Training,Training/meningioma/Tr-me_0325.jpg,meningioma,20701,512,512,RGB,JPEG,e28edeb147e6e9347814198c4d3d87a4db27fbb3e6288829cea52effab51b445,d23c2de065c7368e,True,
Training,Training/meningioma/Tr-me_0326.jpg,meningioma,20292,512,512,RGB,JPEG,632b2be4fb34f336291dd7603e43ab5cffb2bb53de702938fda180bc6a250601,d23c2de065c7368e,True,
Training,Training/notumor/Tr-no_1565.jpg,notumor,7464,225,225,RGB,JPEG,1d72c942ca546e56143c9fe62da4c0b80b44d5a3452aa47c0b19ea6890243032,d23f2b642dc03d93,True,
Testing,Testing/notumor/Te-no_0341.jpg,notumor,7625,225,225,RGB,JPEG,2aae70b027900227e8231bcbe96add1b1db0e5cb133921b7c6f2843772883ddb,d23f2b642dc03d93,True,
Testing,Testing/notumor/Te-no_0122.jpg,notumor,7606,225,225,RGB,JPEG,c6f1c9f0e2c2a8a3ed29c39abb6ae1a138b60a8ef362c2822176fca1ee7a2361,d23f2b642dc03d93,True,
Testing,Testing/meningioma/Te-me_0069.jpg,meningioma,25945,315,315,RGB,JPEG,664c8e8cd61fc28844149e95bf4c7b75bc9012d92869446f94d4dc8f8c7bece9,d24d2f60747ca476,True,
Training,Training/meningioma/Tr-me_0247.jpg,meningioma,23516,315,315,RGB,JPEG,fcfe7634ac373c6839916f9cce74ce6369249bd96bd55aa3ae3d0050d2119410,d24d2f60747ca476,True,
Training,Training/notumor/Tr-no_1047.jpg,notumor,41446,400,442,RGB,JPEG,37d13e11e66c736b2174792a44b897777f212e935d5c74141ced8dc58d610672,d26f2fb13092669c,True,
Training,Training/notumor/Tr-noTr_0006.jpg,notumor,41446,400,442,RGB,JPEG,37d13e11e66c736b2174792a44b897777f212e935d5c74141ced8dc58d610672,d26f2fb13092669c,True,
Training,Training/meningioma/Tr-me_0184.jpg,meningioma,16515,338,345,RGB,JPEG,c4d0ad53156cd1b77ce696394ebcf92492e1b19990e350438eac561f282a7405,d27b6fe53c922888,True,
Testing,Testing/meningioma/Te-me_0114.jpg,meningioma,18999,338,345,RGB,JPEG,096fe04df8baf322fa3033d1c8dcc769ce2c759d8872fba5f3b88646fa88b064,d27b6fe53c922888,True,
Training,Training/notumor/Tr-no_0258.jpg,notumor,20868,314,260,RGB,JPEG,d8ea17fdb98908199591b41310c56ae6a2b90408287403a45333653e079944b1,d2b34f782cc3340f,True,
Testing,Testing/notumor/Te-noTr_0005.jpg,notumor,20868,314,260,RGB,JPEG,d8ea17fdb98908199591b41310c56ae6a2b90408287403a45333653e079944b1,d2b34f782cc3340f,True,
Training,Training/notumor/Tr-no_1370.jpg,notumor,7629,225,225,RGB,JPEG,9ec249b45f842e1e6d5b4f5d12684174f890135bb82393cbeda04557e7ac693c,d2c02b8b2d3f3d4c,True,
Training,Training/notumor/Tr-no_1592.jpg,notumor,7592,225,225,RGB,JPEG,88948e4fe187de80e7f60913f1aaf8c6d3f3580a0347ae801f0661c52e571dbf,d2c02b8b2d3f3d4c,True,
Training,Training/notumor/Tr-no_0645.jpg,notumor,46275,550,664,RGB,JPEG,27c9acaa0b75f4e86a4dfd8a1bdc1063e867598257e3b36365561a4c06ec37d7,d2c82f0f3d3638e2,True,
Training,Training/notumor/Tr-no_1522.jpg,notumor,42852,550,664,RGB,JPEG,8826a18f0354d2522083e6195bf793452bcf89fd63fe638167607322a6bc5735,d2c82f0f3d3638e2,True,
Training,Training/notumor/Tr-no_0629.jpg,notumor,10974,215,234,RGB,JPEG,d0520b80772f2d18bc26de82d80bee9c6bf1513d518e6e5feb008fe44db4a65c,d2e42f0b3d9c34b2,True,
Training,Training/notumor/Tr-no_1268.jpg,notumor,11268,215,234,RGB,JPEG,7eea0661786fe6467878af7385145e28c36462c18a4bf4388c99aebe85248792,d2e42f0b3d9c34b2,True,
Testing,Testing/notumor/Te-no_0336.jpg,notumor,9810,207,243,RGB,JPEG,c53310fed44fcf3403391bbc879c780dcdd0235c82c815b355e1ffa7b4e6d5c2,d30b0edd3f332c18,True,
Training,Training/notumor/Tr-no_1550.jpg,notumor,9675,207,243,RGB,JPEG,e74d396c05403aa3c9b6bb4d18c7efc66ac7ce338162218958a506521e16f9fb,d30b0edd3f332c18,True,
Training,Training/notumor/Tr-no_0410.jpg,notumor,9774,207,243,RGB,JPEG,490f753826a6343e78d82eb39d7f08ae43ed1a87fa10212d5592678b1dd76943,d30b0edd3f332c18,True,
Training,Training/notumor/Tr-no_0146.jpg,notumor,10976,234,218,RGB,JPEG,6df56cc8a677bbc089ccb7f85e5f40b665a551aa28c7f2fffffcaddf521ed503,d3386de536c63093,True,
Testing,Testing/notumor/Te-no_0041.jpg,notumor,10976,234,218,RGB,JPEG,6df56cc8a677bbc089ccb7f85e5f40b665a551aa28c7f2fffffcaddf521ed503,d3386de536c63093,True,
Testing,Testing/meningioma/Te-me_0112.jpg,meningioma,14370,213,236,RGB,JPEG,c5ec0715901e8f65020aeb24537aa586c2b89574687d446b6cac805cfe2f85ab,d34b2ea438e56593,True,
Training,Training/meningioma/Tr-me_0346.jpg,meningioma,10811,213,236,RGB,JPEG,6340faba2fff3a8e99b8a8a08805383f95adf276c2468136af37199cdbd87f33,d34b2ea438e56593,True,
Training,Training/notumor/Tr-no_0619.jpg,notumor,9548,218,231,RGB,JPEG,f51b11bbf066cdb7d4841474e4c4cced014228f6e64586066c35658fd807ab8f,d36b2e253f942cb0,True,
Training,Training/notumor/Tr-no_0825.jpg,notumor,15269,218,231,RGB,JPEG,a8009ea052d58b75559e9e5d5c99cc183e8b92ec80d7597d569c678ca33efd0b,d36b2e253f942cb0,True,
Testing,Testing/notumor/Te-no_0117.jpg,notumor,7680,218,231,RGB,JPEG,32e7f860a1978259902ffda3bbd657bcb315a5adae61a8c47e2eb86c424990d8,d36b2f253b943c30,True,
Training,Training/notumor/Tr-no_1392.jpg,notumor,7708,218,231,RGB,JPEG,4e64b29b7ca606c525409384c4b947ebf415bcd065bd739f1f95c2e74b261046,d36b2f253b943c30,True,
Testing,Testing/notumor/Te-no_0385.jpg,notumor,7558,218,231,RGB,JPEG,d57e5bdb3139c3226b6ffce5dd86a81afe7ff5ef06f461a56e9cb9ac228777f1,d36b2f253b943c30,True,
Testing,Testing/notumor/Te-no_0171.jpg,notumor,29104,400,442,RGB,JPEG,a370af95c105fcf3927e7e79c51f34984bc3a858f158cde39fb683c6607dd975,d36f2fb130926698,True,
Training,Training/notumor/Tr-no_0748.jpg,notumor,35843,400,442,RGB,JPEG,5da649b1d62a1b0bf29d93a6ecf9d28b0706e6c2e8c360c04f3a0f8b8ef01257,d36f2fb130926698,True,
Training,Training/notumor/Tr-no_1054.jpg,notumor,21145,400,442,RGB,JPEG,b0e9017dfd12e7f886c4e202b2a5fb6b07c889c427d0ddc541b1b3ca214e859d,d36f2fb130926698,True,
Training,Training/notumor/Tr-no_0692.jpg,notumor,27933,400,442,RGB,JPEG,02dc5494993363f9910138ba37f237ad978fb78fc85b371222b2b6867477c743,d36f2fb130926698,True,
Training,Training/notumor/Tr-no_1191.jpg,notumor,21153,400,442,RGB,JPEG,1e9a68698f333ad8cf041620d3b9ecdfccc60154aa5adf215dc047b1ce16a8ef,d36f2fb130926698,True,
Training,Training/notumor/Tr-no_1035.jpg,notumor,24761,356,474,RGB,JPEG,1baef946656a32a680aea48c0b6536e74e5f9cc5bb69ceeb549b7247dea39184,d37a3ae22c69a594,True,
Training,Training/notumor/Tr-no_0707.jpg,notumor,24920,356,474,RGB,JPEG,0104aa775534f5dab977014bb0256368f96f262f3c377bcd14a103b65679f73f,d37a3ae22c69a594,True,
Training,Training/notumor/Tr-no_0951.jpg,notumor,24850,356,474,RGB,JPEG,7e308c9faa01baad5dc88c06fb783a950f400d15cca5b1e38457e88ee86f8d70,d37a3ae22c69a594,True,
Testing,Testing/notumor/Te-no_0321.jpg,notumor,25151,356,474,RGB,JPEG,6802e005b6a69a8d9b5445afa0af0653dd2f1ebfe64be0164d8e57b7ade82b40,d3853b193c92b569,True,
Training,Training/notumor/Tr-no_0538.jpg,notumor,25418,356,474,RGB,JPEG,a95b8b97b1987417234f09cf286460225e2f7b6b5ed1b9de00435a16e4947b93,d3853b193c92b569,True,
Testing,Testing/notumor/Te-no_0182.jpg,notumor,29116,400,442,RGB,JPEG,f1089fa5398e9ac8e2ae5363338b79e9a52097f2d97db901cc1392b8e2181acd,d3902f4e306d6667,True,
Training,Training/notumor/Tr-no_1469.jpg,notumor,21051,400,442,RGB,JPEG,6ba1c1f8fd72214b603ab1b654d8a01b36c4e903226b58190da2f614eb348077,d3902f4e306d6667,True,
Training,Training/notumor/Tr-no_0595.jpg,notumor,21155,400,442,RGB,JPEG,1b4a6568da8580f8bb597211cb2edc505efae4cfc9cabcd78eeea2a081fe6724,d3902f4e306d6667,True,
Testing,Testing/notumor/Te-no_0327.jpg,notumor,7750,218,231,RGB,JPEG,5a270fa464a65a28efa387eded79c7f88f53cd1e6d317cb93c58a0487b92fc10,d3942eda3b632c0b,True,
Testing,Testing/notumor/Te-no_0398.jpg,notumor,7705,218,231,RGB,JPEG,d92598dc2f94e16665374dff404f086feaf0c9a9f0078c213bfdf9784d0abf19,d3942eda3b632c0b,True,
Training,Training/notumor/Tr-no_1352.jpg,notumor,9741,207,243,RGB,JPEG,d5e2a3c0f54875c7f3291a7c651b091db54d4aa1a6a7bc39a00b97cf3b3e3494,d3d40e223fcc2cc7,True,
Testing,Testing/notumor/Te-no_0395.jpg,notumor,9725,207,243,RGB,JPEG,b3f1f58a76c665d55957444023f3e70524846123b940a918e24014092e104fbd,d3d40e223fcc2cc7,True,
Training,Training/pituitary/Tr-pi_0529.jpg,pituitary,32090,512,512,RGB,JPEG,7d0738e4f6493b449e20a147b80f674c589dc478dd6b5ccd4fb6ea1c329f0cfe,d40b523e2bf57826,True,
Training,Training/pituitary/Tr-pi_0527.jpg,pituitary,32090,512,512,RGB,JPEG,7d0738e4f6493b449e20a147b80f674c589dc478dd6b5ccd4fb6ea1c329f0cfe,d40b523e2bf57826,True,
Training,Training/pituitary/Tr-pi_0526.jpg,pituitary,32090,512,512,RGB,JPEG,7d0738e4f6493b449e20a147b80f674c589dc478dd6b5ccd4fb6ea1c329f0cfe,d40b523e2bf57826,True,
Testing,Testing/notumor/Te-no_0143.jpg,notumor,12621,201,251,RGB,JPEG,a3d34725edf1377a6226461a80b3b07247c13e96d709793e0a327a3600839606,d42d4b722f8e2cd2,True,
Training,Training/notumor/Tr-no_1517.jpg,notumor,12381,201,251,RGB,JPEG,4afc550b85d145cdff8a9b9f734aa7fe76268082ea2663a62f61fe2dc80e9bcd,d42d4b722f8e2cd2,True,
Training,Training/notumor/Tr-no_1416.jpg,notumor,8913,230,282,RGB,JPEG,1a5c86bf6d8cc8e34ba31a382066684192e7924ec2d547598c782457dbf034c3,d43a6ae539c46593,True,
Training,Training/notumor/Tr-no_0430.jpg,notumor,8939,230,282,RGB,JPEG,813168d582c5f47c0207f97718ae4f75819aafd75bbc996f22b2f2bb0a269508,d43a6ae539c46593,True,
Training,Training/notumor/Tr-no_1109.jpg,notumor,8732,230,282,RGB,JPEG,6a4b29fe5a2a1f98fc7e9f7c0a0f4af0b2f44ba0937e81a87d18a666d167ae91,d43a6ae539c46593,True,
Testing,Testing/notumor/Te-no_0329.jpg,notumor,14786,201,251,RGB,JPEG,2d6fd7e710675c126f904a4571dd81f38b3f0827b3d7e92097b91abd89a7c8d6,d43d4b722b8e2cd2,True,
Testing,Testing/notumor/Te-no_0285.jpg,notumor,15398,201,251,RGB,JPEG,01d6f79df4e89be572226df536662fda01cdf6bc559cdb670b7988150c95baa3,d43d4b722b8e2cd2,True,
Testing,Testing/notumor/Te-no_0340.jpg,notumor,28647,359,449,RGB,JPEG,2f3e22d5c6671d75b83c19a914da7912380d2c7d6d8133aabf43fbabdedcabaa,d43d4b722b8e2cd2,True,
Training,Training/notumor/Tr-no_1245.jpg,notumor,14907,276,326,RGB,JPEG,ced1f6dc23395c225b054892148e05199b79c670894f000606f1a6ffe32f5a8b,d4484bb71d493f34,True,
Training,Training/notumor/Tr-no_0490.jpg,notumor,15602,276,326,RGB,JPEG,309d4f241a4264a088af432645bbe8913dfc84e6cdd6b94fcf999beeb9a03c49,d4484bb71d493f34,True,
Training,Training/notumor/Tr-no_0227.jpg,notumor,18154,276,326,RGB,JPEG,b7217d07fe4b60f472aaeee4b36e8429d4a1685bbb9fd13c1d471835326e801d,d44863b71d493735,True,
Training,Training/notumor/Tr-no_1128.jpg,notumor,18154,276,326,RGB,JPEG,b7217d07fe4b60f472aaeee4b36e8429d4a1685bbb9fd13c1d471835326e801d,d44863b71d493735,True,
Training,Training/notumor/Tr-no_0898.jpg,notumor,11646,276,326,RGB,JPEG,763527a6a5d96c7c7777f109a2910dd11c3d9b8b94f1e59b21bc2a52226f756c,d44863b71d493735,True,
Training,Training/notumor/Tr-no_1124.jpg,notumor,11695,276,326,RGB,JPEG,ef8c79a52597147b71ba5d0e448c12f65b359f71a3222ba2f255c3205ab2abd4,d44863b71d493735,True,
Training,Training/pituitary/Tr-pi_0159.jpg,pituitary,34353,512,512,RGB,JPEG,6c374ab41105e5927d08e15103c8c27416f8e7d03c15c03d104ace5b310bd0ed,d44a0f6d2c3d2d74,True,
Training,Training/pituitary/Tr-pi_0160.jpg,pituitary,34353,512,512,RGB,JPEG,6c374ab41105e5927d08e15103c8c27416f8e7d03c15c03d104ace5b310bd0ed,d44a0f6d2c3d2d74,True,
Training,Training/notumor/Tr-no_0170.jpg,notumor,42451,336,380,RGB,JPEG,7adb02dafa127d16b635a76df10314f68ded12fa7a20457e4d666d2873a2130f,d44a2b656fb42d92,True,
Training,Training/notumor/Tr-no_1125.jpg,notumor,42451,336,380,RGB,JPEG,7adb02dafa127d16b635a76df10314f68ded12fa7a20457e4d666d2873a2130f,d44a2b656fb42d92,True,
Training,Training/notumor/Tr-no_1171.jpg,notumor,16654,222,252,RGB,JPEG,affc1b4d529e3c1f06052e6fe5d27ef659071f0c1b14b4197c6d2c4f30ae93bb,d44e0b6b7c343a71,True,
Training,Training/notumor/Tr-no_0319.jpg,notumor,16654,222,252,RGB,JPEG,affc1b4d529e3c1f06052e6fe5d27ef659071f0c1b14b4197c6d2c4f30ae93bb,d44e0b6b7c343a71,True,
Testing,Testing/notumor/Te-no_0103.jpg,notumor,16654,222,252,RGB,JPEG,affc1b4d529e3c1f06052e6fe5d27ef659071f0c1b14b4197c6d2c4f30ae93bb,d44e0b6b7c343a71,True,
Training,Training/notumor/Tr-no_0031.jpg,notumor,32715,411,501,RGB,JPEG,23a839738271bed355a592894783aaec5b225a7ea883e26b116b63a6edb819a1,d4580aab2f052f3f,True,
Training,Training/notumor/Tr-no_1072.jpg,notumor,32715,411,501,RGB,JPEG,23a839738271bed355a592894783aaec5b225a7ea883e26b116b63a6edb819a1,d4580aab2f052f3f,True,
Testing,Testing/meningioma/Te-me_0092.jpg,meningioma,38271,491,624,RGB,JPEG,52f5ab2cd9062f8345c03115db0773650ebae255d3f2c8561a9f2336cabbb5a8,d4690a1e6ff43361,True,
Training,Training/meningioma/Tr-me_0193.jpg,meningioma,26509,491,624,RGB,JPEG,37f56b108bf51b46843a02ee76d310daebdf2d9fcbbd0d8554514689203b7d90,d4690a1e6ff43361,True,
Testing,Testing/notumor/Te-no_0287.jpg,notumor,15185,276,326,RGB,JPEG,e8ff2f90f986eb46e5a02e44eb7ebccee745351e39e2dea56f5f5478b2846bf4,d4b54b480db633cb,True,
Testing,Testing/notumor/Te-no_0177.jpg,notumor,15423,276,326,RGB,JPEG,5ca4859201a4a4ed3dcfe4814440e9678f3ced1837ca2daf5677ae8eb6372e86,d4b54b480db633cb,True,
Testing,Testing/notumor/Te-no_0237.jpg,notumor,8775,230,282,RGB,JPEG,8b38243b308cd7d7b955c9a5956f975013b6a1ec0ace0649baad609cd3e5efef,d4c16e1a393b656c,True,
Training,Training/notumor/Tr-no_1438.jpg,notumor,8790,230,282,RGB,JPEG,4eee49e2f60ad31735106ffcdce241a02c08303bf8fd4dbc4641c4dd48133a27,d4c16e1a393b656c,True,
Training,Training/notumor/Tr-no_0959.jpg,notumor,30280,359,449,RGB,JPEG,7586d1abc51137bd6659b59e83a38e9561fbe09cf300944459f4f08ccb56cae1,d4c24b8d2f713c1d,True,
Training,Training/notumor/Tr-no_1413.jpg,notumor,9861,201,251,RGB,JPEG,e58e2b84af6654a25cac176c521a4f754de589736dc950314b45d88cca37e03c,d4c24b8d2f713c1d,True,
Training,Training/notumor/Tr-no_0709.jpg,notumor,15456,201,251,RGB,JPEG,3b4ba913a58ec57d88f8988f3c034d02ab99b065fd203f0ac602f5b47e72c73e,d4c24b8d3b713c2d,True,
Training,Training/notumor/Tr-no_0732.jpg,notumor,30445,359,449,RGB,JPEG,d19b7c8b81bab21afb8e136346bdc5b3eb8d91739a5375a7cdce730176b2173c,d4c24b8d3b713c2d,True,
Training,Training/meningioma/Tr-me_0244.jpg,meningioma,102858,1149,1019,RGB,JPEG,0fb56074c33854864a2e00a4ffff662efcff4cbdd2970cbcb29963d05a1c1ad7,d4cc4a3b333919e9,True,
Testing,Testing/meningioma/Te-me_0066.jpg,meningioma,121564,1149,1019,RGB,JPEG,125530a0b5968fe663f809962787246d3a5576167d38f493bcf82a97f4454779,d4cc4a3b333919e9,True,
Training,Training/notumor/Tr-no_0626.jpg,notumor,12082,201,251,RGB,JPEG,14c87d2077e57a62532215c91e53e34ed51f6a784f5750a917ef91852d2ce9dc,d4d24b8d2f713c29,True,
Training,Training/notumor/Tr-no_1534.jpg,notumor,13722,220,275,L,JPEG,03489779af4617033a1c8136c1fa838b590907eeab1d8a705ee69442427678b6,d4d24b8d2f713c29,True,
Training,Training/notumor/Tr-no_0461.jpg,notumor,12914,201,251,RGB,JPEG,aab9ec9463f3e8f60063d37cad6b04ed800571f074ae8e4dbab728e935bc98b5,d4d24b8d2f713c29,True,
Training,Training/notumor/Tr-no_1304.jpg,notumor,12924,201,251,RGB,JPEG,bc802bac8ff69922680339822c1e173b9c28ad6979a1a648a314a4592ae828af,d4d24b8d2f713c29,True,
Training,Training/notumor/Tr-no_1457.jpg,notumor,11586,276,326,RGB,JPEG,2efebb3666e534338df87352b667c5a31ce913fe877960f9daf662bf0ff2f935,d4f743480cb633cb,True,
Training,Training/notumor/Tr-no_0587.jpg,notumor,11721,276,326,RGB,JPEG,180e4ca84cdbde8a2edf05e45633eda74567cedb678dd49dfd3ceb65a1b58d7a,d4f743480cb633cb,True,
Training,Training/notumor/Tr-no_1343.jpg,notumor,11748,276,326,RGB,JPEG,35152f4387b20cf97412b154dc31133f1dab1f9c8b046a49f72e44cf63bf2234,d4f743480cb633cb,True,
Training,Training/meningioma/Tr-me_0258.jpg,meningioma,13287,221,228,RGB,JPEG,18f69cb88362d858b70ef6e119ad2676bb82a0e5e4103352949fc6ee8a2d9b8d,d50b1b9b2ae46ce4,True,
Testing,Testing/meningioma/Te-me_0080.jpg,meningioma,17464,221,228,RGB,JPEG,36f571bbd7db967e68e0e0bddba8f81ee825221e166dad668c8323c557129f9b,d50b1b9b2ae46ce4,True,
Training,Training/pituitary/Tr-pi_0677.jpg,pituitary,34335,512,512,RGB,JPEG,690ed9d73b96706b833cfbb95e40543fe022c7579ab74693873e2c26766c5efb,d50b3e782ab16d34,True,
Training,Training/pituitary/Tr-pi_0676.jpg,pituitary,34335,512,512,RGB,JPEG,690ed9d73b96706b833cfbb95e40543fe022c7579ab74693873e2c26766c5efb,d50b3e782ab16d34,True,
Training,Training/notumor/Tr-no_1083.jpg,notumor,51267,494,600,RGB,JPEG,537e7ad0a496f23042626741b362e936fc711da2aa25d4c5ce628d03bf4109cb,d50d0afe6af06b60,True,
Training,Training/notumor/Tr-no_0220.jpg,notumor,51267,494,600,RGB,JPEG,537e7ad0a496f23042626741b362e936fc711da2aa25d4c5ce628d03bf4109cb,d50d0afe6af06b60,True,
Training,Training/notumor/Tr-no_1154.jpg,notumor,8633,201,250,RGB,JPEG,e130cfc24e95713dda3b1d5df0143d1a50a63e68c0e915f64d2a83a65a8e7524,d50e4aed2fc43d90,True,
Training,Training/notumor/Tr-no_0466.jpg,notumor,11559,201,250,RGB,JPEG,8ecda324dfa8c3f67097bc3d520ae91b1ef587796bcab7ae3bd03f44c7ad539b,d50e4aed2fc43d90,True,
Training,Training/notumor/Tr-no_1310.jpg,notumor,11592,201,250,RGB,JPEG,a28f2397c962d7e4207c9239404af0ae174a5e5ef4045ad85e929ad58f721bf8,d50e4aed2fc43d90,True,
Testing,Testing/notumor/Te-no_0345.jpg,notumor,9005,201,250,RGB,JPEG,b7e2936db41a242ad87eb24730819014becebb2185ad89d87bb1200e6afa4dd8,d50e4aed2fc43d90,True,
Training,Training/notumor/Tr-no_1464.jpg,notumor,10470,214,236,RGB,JPEG,f4950bd9cb329adc2478c9bed9f3bf9e041f3f845e39b209f79d052d07114119,d5370a1e6f722cc8,True,
Training,Training/notumor/Tr-no_0592.jpg,notumor,10961,214,236,RGB,JPEG,a3911d3779563b7e4a1750fd41041f2507924dd0fcd4a54d7feb2d9c7076cc01,d5370a1e6f722cc8,True,
Training,Training/notumor/Tr-no_1166.jpg,notumor,16334,200,248,RGB,JPEG,1d489fd63322dff8146dfb442c512362d2d42d5f4e44b90414202ac0abe5f97e,d552026a9fe11ee5,True,
Testing,Testing/notumor/Te-no_0057.jpg,notumor,16334,200,248,RGB,JPEG,1d489fd63322dff8146dfb442c512362d2d42d5f4e44b90414202ac0abe5f97e,d552026a9fe11ee5,True,
Training,Training/notumor/Tr-no_0313.jpg,notumor,16334,200,248,RGB,JPEG,1d489fd63322dff8146dfb442c512362d2d42d5f4e44b90414202ac0abe5f97e,d552026a9fe11ee5,True,
Testing,Testing/notumor/Te-no_0034.jpg,notumor,16191,201,249,RGB,JPEG,08c04f3659f54e170fe84f98a8ed10a235809251d6ba7c5372f08c90421ce51e,d552026b9f691e65,True,
Training,Training/notumor/Tr-no_0080.jpg,notumor,16191,201,249,RGB,JPEG,08c04f3659f54e170fe84f98a8ed10a235809251d6ba7c5372f08c90421ce51e,d552026b9f691e65,True,
Training,Training/notumor/Tr-no_0326.jpg,notumor,16244,200,243,RGB,JPEG,a8155f8b8f640f8464b58a380026d01471800d15e76cbfd9678848d669c7e3a7,d55202ea9fe11ae5,True,
Training,Training/notumor/Tr-no_1174.jpg,notumor,16244,200,243,RGB,JPEG,a8155f8b8f640f8464b58a380026d01471800d15e76cbfd9678848d669c7e3a7,d55202ea9fe11ae5,True,
Testing,Testing/notumor/Te-no_0063.jpg,notumor,16244,200,243,RGB,JPEG,a8155f8b8f640f8464b58a380026d01471800d15e76cbfd9678848d669c7e3a7,d55202ea9fe11ae5,True,
Training,Training/notumor/Tr-no_1122.jpg,notumor,14533,205,214,RGB,JPEG,9251febacd510bc6ab8fdebb28ac58c8db217df4d5e8af285a99547b2d3b8584,d56b1f3c1a647825,True,
Training,Training/notumor/Tr-no_0168.jpg,notumor,14533,205,214,RGB,JPEG,9251febacd510bc6ab8fdebb28ac58c8db217df4d5e8af285a99547b2d3b8584,d56b1f3c1a647825,True,
Testing,Testing/notumor/Te-no_0043.jpg,notumor,14533,205,214,RGB,JPEG,9251febacd510bc6ab8fdebb28ac58c8db217df4d5e8af285a99547b2d3b8584,d56b1f3c1a647825,True,
Training,Training/meningioma/Tr-me_0262.jpg,meningioma,8445,238,212,RGB,JPEG,2f8546e485b635df17caf0595ffc29c1db3d87aaddc2681b8d6b6caa85ffd515,d57b404730cbc38f,True,
Testing,Testing/meningioma/Te-me_0085.jpg,meningioma,12137,238,212,RGB,JPEG,cf13d1ba3994cea11a9c3ff8df2934c324f15b393c6aadc20235c2eaa784ac9a,d57b404730cbc38f,True,
Training,Training/notumor/Tr-no_0356.jpg,notumor,22444,236,300,RGB,JPEG,f0f59157eff868aa8dc74d5a6b5d384421c8587b5f15d90ca8414f4650276436,d57e52e14b850d47,True,
Testing,Testing/notumor/Te-no_0092.jpg,notumor,22444,236,300,RGB,JPEG,f0f59157eff868aa8dc74d5a6b5d384421c8587b5f15d90ca8414f4650276436,d57e52e14b850d47,True,
Training,Training/notumor/Tr-no_0284.jpg,notumor,15287,214,236,RGB,JPEG,4984bb79a4b6f8bbe65f017c74fd7c1dce3f24d94cc9d33f92e22b441a0866ca,d5c80ae16f8d2c37,True,
Training,Training/notumor/Tr-no_1186.jpg,notumor,10192,214,236,RGB,JPEG,86f1acd7e6ff5e5f800ac718af1deee21ed2029aa3759cf5d931c3957d21d547,d5c80ae16f8d2c37,True,
Training,Training/notumor/Tr-no_1161.jpg,notumor,15287,214,236,RGB,JPEG,4984bb79a4b6f8bbe65f017c74fd7c1dce3f24d94cc9d33f92e22b441a0866ca,d5c80ae16f8d2c37,True,
Training,Training/notumor/Tr-no_1002.jpg,notumor,7952,214,236,RGB,JPEG,f215d878500f122adf52a6e15d62144cd3d433208061903edfffa64fc6cd71bc,d5c80ae16f8d2c37,True,
Training,Training/notumor/Tr-no_0998.jpg,notumor,10284,214,236,RGB,JPEG,6db84b3ec7514e85527b4c4b9adb91731a031edf8eb5950b927ee9e8628b78bc,d5c80ae16f8d2c37,True,
Training,Training/pituitary/Tr-pi_1315.jpg,pituitary,29596,512,512,L,JPEG,2fb22a4f507b8ef4c33902be264d3483aa4c42abc96333851ba81dadbcb6ff33,d5db02a84f834f87,True,
Testing,Testing/pituitary/Te-pi_0253.jpg,pituitary,29521,512,512,L,JPEG,8c539b274e3c798d1bb1d14f1dfdc57305ff8a6fe26ac29f78fae8f654ca46f3,d5db02a84f834f87,True,
Training,Training/notumor/Tr-no_0600.jpg,notumor,8988,201,250,RGB,JPEG,cbf2da8c6f0e9324fdcd07218a82848dee6acf0a6c317ff20bec7dcb1d30f340,d5f14a122b3b3d62,True,
Training,Training/notumor/Tr-no_1441.jpg,notumor,9013,201,250,RGB,JPEG,ff1f0ec772796998808d4b171e4842e0995da59c23ba54f803c3508f14c73a1e,d5f14a122b3b3d62,True,
Training,Training/notumor/Tr-no_0981.jpg,notumor,12461,235,229,RGB,JPEG,c6d35e130bc719af5e19824979ce640e835635fc495a7383435df8b9aa16b023,d61e2ce1693334cb,True,
Training,Training/notumor/Tr-no_0339.jpg,notumor,12461,235,229,RGB,JPEG,c6d35e130bc719af5e19824979ce640e835635fc495a7383435df8b9aa16b023,d61e2ce1693334cb,True,
Testing,Testing/notumor/Te-no_0076.jpg,notumor,12461,235,229,RGB,JPEG,c6d35e130bc719af5e19824979ce640e835635fc495a7383435df8b9aa16b023,d61e2ce1693334cb,True,
Training,Training/notumor/Tr-no_1085.jpg,notumor,6113,201,251,RGB,JPEG,912cec46265a5793dd381105a63596ed462bb13e92cd61b8dc51c942a5f063fe,d70a20bf12edc33c,True,
Testing,Testing/notumor/Te-no_0206.jpg,notumor,8704,201,251,RGB,JPEG,d94e5f939314fab5e4fd8cc04d86778129771bb2caa093fe7ca307a366449d89,d70a20bf12edc33c,True,
Training,Training/notumor/Tr-no_0169.jpg,notumor,12392,201,251,RGB,JPEG,a3d86920c0bc02e0c062091ab21078a4387ed519b881c89568ab969d3dc37d33,d70a20bf12edc33c,True,
Training,Training/notumor/Tr-no_1123.jpg,notumor,12392,201,251,RGB,JPEG,a3d86920c0bc02e0c062091ab21078a4387ed519b881c89568ab969d3dc37d33,d70a20bf12edc33c,True,
Training,Training/notumor/Tr-no_0701.jpg,notumor,8309,201,251,RGB,JPEG,c2f84e30b7b642dfeb812ec6fdd5d4e6117893bc6ed0234373233171ea45e199,d70a20bf12edc33c,True,
Training,Training/notumor/Tr-no_0791.jpg,notumor,8307,201,251,RGB,JPEG,d8723069d6425a30345f16d9aba46c4205ba21532cc55ef038bf947264550903,d70a20bf12edc33c,True,
Training,Training/notumor/Tr-no_1496.jpg,notumor,10556,194,259,RGB,JPEG,e12273b5c76a05a2a14ca1147c3bb48f3bb66413b956eb9a5d27d672a87854c9,d7332e187ae6284e,True,
Testing,Testing/notumor/Te-no_0186.jpg,notumor,10811,194,259,RGB,JPEG,a42f5e66a6bd4eaaa2a7aef299c44b03f96f9a4ca6a61df6b03032791064861f,d7332e187ae6284e,True,
Training,Training/notumor/Tr-no_0721.jpg,notumor,10148,200,252,RGB,JPEG,53440686dc5d33a9b5f0d3a63e70b3e6310766078ed4693bca3ad3fa1e444b86,d7a548024f1a7f1b,True,
Training,Training/notumor/Tr-no_0528.jpg,notumor,10179,200,252,RGB,JPEG,6647a2404d60ef431ca20e7e204d085de00c6c2eb12e7594d681ba045b640aee,d7a548024f1a7f1b,True,
Testing,Testing/notumor/Te-no_0110.jpg,notumor,10131,200,252,RGB,JPEG,490f034b5bb47314f99788d0e3f4921376ed76826da8e15c0bf8692bbe8e47f6,d7a548024f1a7f1b,True,
Training,Training/notumor/Tr-no_1195.jpg,notumor,15484,339,340,RGB,JPEG,71e009bf2b7388807dc1a7ea4543c59669e6e051b4f704c9fb7ad64e25ec2d4e,db287cb030d621df,True,
Training,Training/notumor/Tr-no_1018.jpg,notumor,15257,339,340,RGB,JPEG,d7c5a293e3a869733e2f0ed4ec4e1afe1426444e61303c17e07141b7c5932f21,db287cb030d621df,True,
Training,Training/meningioma/Tr-me_0202.jpg,meningioma,13439,201,207,RGB,JPEG,8014da7bd1038ca29824ab595a45f36d1bf1316872250c8c3110a05c74ac0d3b,e740309b63c61f67,True,
Testing,Testing/meningioma/Te-me_0022.jpg,meningioma,14807,201,207,RGB,JPEG,790486755f0d3a02e2de284d3b28d5c238080836afad61cfbd60b8b8bf9820d8,e740309b63c61f67,True,
