filepath,label,sha256
Training/glioma/Tr-glTr_0000.jpg,glioma,18a7abdb3b9aaa94fa5b869c3c5f607e374209812c759b255fe3c0c8d2ba6981
Training/glioma/Tr-glTr_0002.jpg,glioma,928b812bba938a8ca461e85fd231accd917e195b6f482114e3f57103285847c2
Training/glioma/Tr-glTr_0003.jpg,glioma,444bae1e124b294c0d77c7bcf7270d61c8cdc0ea61e97d3a58fba3ac7c21d15a
Training/glioma/Tr-glTr_0004.jpg,glioma,2d4bfd63e364c817381a73f6354572213a1a1b1665c85e10ce977ee92bc6a17e
Training/glioma/Tr-glTr_0005.jpg,glioma,a2d02c26384bc3481f47aeff777a9003bf7a7cc242a30d326cf4a5717f6e597c
Training/glioma/Tr-glTr_0006.jpg,glioma,cc72bdbe5b14b0ec86d1b240a5c02a2ad437c4ef27f9463448c101caa845352f
Training/glioma/Tr-glTr_0007.jpg,glioma,dcb05cd082c7b8932218766ef3bfb67e94e26f801a20647f5dc838b59a67ac4c
Training/glioma/Tr-glTr_0009.jpg,glioma,043a2e8857ac164f6228500db9060a24c3b5ac99ffddcbc15c7342b09f35fbc9
Training/glioma/Tr-gl_0010.jpg,glioma,81e9fe962fd5d9d395e58136c220c68e3a184559ac4e72227e23a5c9ec80dc48
Training/glioma/Tr-gl_0011.jpg,glioma,6afa32ba6a1ef582cc869d8cae9a582ec8ccdde307ce923a7bee83f705a9d235
Training/glioma/Tr-gl_0012.jpg,glioma,5c6227da4a215de8e9e292d38bef18ea26feef4ee9d168aa9221c7d5c69563ae
Training/glioma/Tr-gl_0015.jpg,glioma,56405c10517d5ff97ded43ff3d2b07e0b5a7a62cb7bc4c8b148e4dd9e662c2cd
Training/glioma/Tr-gl_0017.jpg,glioma,849d55bbe3f1dc7dd1b0c65a051152b493dee5784225c0ddf164dda00ede02dc
Training/glioma/Tr-gl_0018.jpg,glioma,3833c403ef39aa58acf74ad5ec5425a2bf2a2b6e6ee0823b8913d68a21e316bf
Training/glioma/Tr-gl_0019.jpg,glioma,50f5fb7d7114a9405ec48fd0efc10362d3a6807555446d69aaeb60b5909a0666
Training/glioma/Tr-gl_0022.jpg,glioma,6466c2a0f15916e089926fbeb1dc1e09bcd990bd5f0651c819d3039c6a0636b3
Training/glioma/Tr-gl_0023.jpg,glioma,6a3769a0d08cce970c56d5a03f747f7fd70bbcc73e660a2adfd7a10bcde805a8
Training/glioma/Tr-gl_0024.jpg,glioma,680c8606812ed6d9926962a09f7e9f3f59aa8277cbee47e80d81726163e68a27
Training/glioma/Tr-gl_0025.jpg,glioma,bbc691f03626ac90dd82a9836987b3f26a55216ca7cb8f52fe0d28fa41f9dd79
Training/glioma/Tr-gl_0027.jpg,glioma,814414da945218f00c78d0e52bdb811718e77c227d90b75a69e0b0612d6a87e2
Training/glioma/Tr-gl_0028.jpg,glioma,b48cc5df93f076cb424504219faa5683ecb7538f0e8af0b331f0aa2e04f24ac0
Training/glioma/Tr-gl_0029.jpg,glioma,dadc4aedcb77f727246d10b8efb0956ea720d15451c9eaf2446ee345c4da7095
Training/glioma/Tr-gl_0030.jpg,glioma,60248a00bd87d82df7ccda699011f025fb89c9eada4f7ed9378025748dcdb602
Training/glioma/Tr-gl_0031.jpg,glioma,1d081063864f82c9515c403104648bf397067d325ea1b4549bed8c81281bc075
Training/glioma/Tr-gl_0032.jpg,glioma,27c1d275c113ab549b096ae567f53009f3378d8531382d68c2b331145428041f
Training/glioma/Tr-gl_0033.jpg,glioma,02a08fcf2dd0174628542caf95a31182cd15519ca4140a5b4ee938207dc8da02
Training/glioma/Tr-gl_0035.jpg,glioma,948a7cf1ebd51f71b4c9abd44c499e6f1e2a74757c8a18a2c498cbcb5d0b8687
Training/glioma/Tr-gl_0036.jpg,glioma,9f4ed340f6a7445bae80428fd41e2276da59003adeec229ae2496737b8ec2575
Training/glioma/Tr-gl_0038.jpg,glioma,57aaaf1c82e82c9e3c0ba5c1190de5edfe67307c2474324f49cbd3f34c092b06
Training/glioma/Tr-gl_0039.jpg,glioma,360cd017354f0568dfcd5d242b92a502a1bd7a68b8afb3798f550dcf9abf770f
Training/glioma/Tr-gl_0041.jpg,glioma,e803a3e10f73f993deb46672b973ef17c17b9535964bc0b1e18cd6bbf531442c
Training/glioma/Tr-gl_0042.jpg,glioma,45f2241b30fd00f31ac348b51c494a3eb371a288cc3e61060cb55192ba3d9b26
Training/glioma/Tr-gl_0043.jpg,glioma,598cc0afe5393e23bd2088621622ade0ba7561a309aeb24167bf888dbe41b87e
Training/glioma/Tr-gl_0044.jpg,glioma,f3ce51c275ec36fd22285c12cb6475b6411eeb4394ca83e4c0efcfaa296a207a
Training/glioma/Tr-gl_0045.jpg,glioma,6654e7230d913bb300124594c2373b0267cd274e1ce56a0466dbf9a40d9efa46
Training/glioma/Tr-gl_0046.jpg,glioma,5e1feb19eb0b8a892669129944731891f76417802e86aef7600c5455b77e7302
Training/glioma/Tr-gl_0047.jpg,glioma,d6d9089266cc3cbc859358c7311a5f524696693399e8f5810598e9c476fe337c
Training/glioma/Tr-gl_0048.jpg,glioma,94e7b57894aafe66ee3997d4dcf1fdedc629270173bce7ece9c4a0414acaeb9a
Training/glioma/Tr-gl_0049.jpg,glioma,5612ca1394295d32f83c70074346efcc623117a276277049bdb17392069be286
Training/glioma/Tr-gl_0050.jpg,glioma,c456ec1984d3094468962ce2ed5359de0a40bfca809c36ed6b78911664a93eea
Training/glioma/Tr-gl_0051.jpg,glioma,3033d7eefcf473a85c5e9392790cdfe047cc3538726156b7144dd486947bd808
Training/glioma/Tr-gl_0052.jpg,glioma,bd05dccad67cc85ab25fdef6ff9dd6a8af521d8bb89a0a47261957a29e4fcab8
Training/glioma/Tr-gl_0054.jpg,glioma,db97040f6fe73fde4a7953a76fb1ba1d59debfe73e53c63c9763e36d2c0abf39
Training/glioma/Tr-gl_0055.jpg,glioma,79f97095d65881c61646194067fee5251af85f552c5f8cc1e0925e3e28745b99
Training/glioma/Tr-gl_0056.jpg,glioma,c384b3a255b5ada9f8e45c230745f26058ac0b3ce397876d09579797af6ccef4
Training/glioma/Tr-gl_0057.jpg,glioma,911d3626b8a05a725fa6978fe84a020a04115e848bcf3cb3e6a267a85467298b
Training/glioma/Tr-gl_0058.jpg,glioma,b3e060d18e8df599cb6edb786f45ea79b27e1d581c4dfce3a442e22972f59b2a
Training/glioma/Tr-gl_0059.jpg,glioma,04c2311c9584390845a23eb5a9340a8fe8f42dea2c88050490e6396a5aaae324
Training/glioma/Tr-gl_0060.jpg,glioma,32355eefbba178b5a956ad2ab924db27dda11039e158169ae003ad26f7bb756e
Training/glioma/Tr-gl_0061.jpg,glioma,957d9d48865d42714bfb1ffdf7e1e3667cfabf4687f42bc62331e3e3ef246df4
Training/glioma/Tr-gl_0062.jpg,glioma,945b62e6bde83c9487d13299a3efab643303204f074cb69a8f496a7cbff46bbe
Training/glioma/Tr-gl_0063.jpg,glioma,14511cd5b963d3a3a667f449e938cadee3f00e4e7b53be1591f02297010bf42b
Training/glioma/Tr-gl_0065.jpg,glioma,dfc61077eb8b84e7b3ea1f0cfdc867accfab142958d4075e5ba6a653015cfbee
Training/glioma/Tr-gl_0066.jpg,glioma,dc6c70e6a7e90756a4713d96dbef0df572abc011ee958aafb1703c265a7df16c
Training/glioma/Tr-gl_0067.jpg,glioma,4a85b14a7dab3bd793ac7b975fedf9cdaa51f77561673aa1699778cba44b70dc
Training/glioma/Tr-gl_0068.jpg,glioma,fc4eb2e160feadca9e7b0cd2acbd38592226cb66c24bcdc59e4b5ded010f49b0
Training/glioma/Tr-gl_0069.jpg,glioma,48331ba7fe64a0b7325b9da0a391ffcedc5da399b8a7aff69f892bd4862fcb7e
Training/glioma/Tr-gl_0070.jpg,glioma,b6e2fb25f4b7058909e2c31d14e7841f584477409c5ed7f6e6f38a6b6cb8343a
Training/glioma/Tr-gl_0071.jpg,glioma,20f46ebad3677a5e46259cf20c68cfb795678db165ac28af110ba6e4edeec82b
Training/glioma/Tr-gl_0072.jpg,glioma,f6808485e27d10ed374a1cdc4f66309cda055097e3bf7bede9a1666604f5b03d
Training/glioma/Tr-gl_0073.jpg,glioma,fba421993b1b308f158ce88bfe09d3321f9f4e711ccab12d2b9e945a1cf3b1a9
Training/glioma/Tr-gl_0074.jpg,glioma,29bcc1bb24dd430463715cda9efdd30a8f9b3c9bebee300d22c447ff34cc7220
Training/glioma/Tr-gl_0075.jpg,glioma,0423469c6b0d771688530aa2670050b206dacb0a567ed453eb0f5c5b581997e7
Training/glioma/Tr-gl_0076.jpg,glioma,f63d90f5ee644776dd4c418aefd72f26b263c5dcfe1fbc92f291814ddd167aa9
Training/glioma/Tr-gl_0077.jpg,glioma,897cfd157984160cef5735daa9a0446f4dd8761123ee0c3818c909cba1073e75
Training/glioma/Tr-gl_0078.jpg,glioma,7c7553a848fc1e05bcff0a0ba24f33a4375619bbabf79c083fafe0c2c6bc2f10
Training/glioma/Tr-gl_0079.jpg,glioma,d36f758e8b183c52e3b9b1ee3db10b26db5462402c9454c816adb9985750ca80
Training/glioma/Tr-gl_0080.jpg,glioma,dc7ad845c85b5645c3482077a16615cac98a858e878f59217baef886f063bca6
Training/glioma/Tr-gl_0081.jpg,glioma,e585a8d89882af649da0f3f66f05163342e4290977c43e572c2fc988b6769969
Training/glioma/Tr-gl_0082.jpg,glioma,8a35f58b66499a0568658e4473f61389ffde9fff55acabb273e3e6c09391b817
Training/glioma/Tr-gl_0083.jpg,glioma,146c695c2c24d20753fd232b93018b5b43fffadcedb35deaf5c7392e260fa846
Training/glioma/Tr-gl_0084.jpg,glioma,ed7a64d0dcda41a70825510279c8676c488c73923c741e0c15c34e7957b277e2
Training/glioma/Tr-gl_0085.jpg,glioma,fb624f892c3c2882668fb019f0b91897dc7c7b685f03767e3faed42d32a32b0c
Training/glioma/Tr-gl_0086.jpg,glioma,2bef45e6cdda30b99a184cc4c70cab3af7f3bdcd76d41c7517f67e5515a7da3f
Training/glioma/Tr-gl_0088.jpg,glioma,901ed39e067e4bcc3f209e7f8cc65212630f2c1da1f8df25e8104ea89f7c9dd2
Training/glioma/Tr-gl_0089.jpg,glioma,9458e2108f58e699fa18cb6bee590f4801f6c23b52bc923a8236571ddeb11989
Training/glioma/Tr-gl_0090.jpg,glioma,ab9ece3b7c65e26636ab7cc52aa793cd1c61612eb78295a9e21948ed5811ec51
Training/glioma/Tr-gl_0092.jpg,glioma,f18608438118e39d661c5f82242ace781a24cc8c61bf9d44aaf10aff1399df13
Training/glioma/Tr-gl_0093.jpg,glioma,6bbc48a7bee5611af0ef9ce919f54eb618a9cc46740ca55e0570a064b74c484c
Training/glioma/Tr-gl_0094.jpg,glioma,86c886be811d610b2e9d9ff2fee6ba367bc89587606f8bef71c51f466bdd4c4c
Training/glioma/Tr-gl_0096.jpg,glioma,fc995e13b75f7a73ebce395e7bba9ea485bc180661083c62cce261d734fc6b9b
Training/glioma/Tr-gl_0097.jpg,glioma,729bb5e5a12a8ae5bc067ee85716eb7aa81d1a25d92ab33890b0a22f6a9b17d7
Training/glioma/Tr-gl_0099.jpg,glioma,6bcea9d04e7d40cd00b1102d3196666e351abb772e4a49ad15c2efe9af0a0102
Training/glioma/Tr-gl_0100.jpg,glioma,56ed55321fe63c4fda75b53c0c2cd4be26ffdad3734040e2d25a37de30c9b31e
Training/glioma/Tr-gl_0101.jpg,glioma,7f5c2b3e60ea76c5fd35ce9a2ec57f3d9b16fe1d34be300fec44ffa23c2185be
Training/glioma/Tr-gl_0102.jpg,glioma,0aae6a419911e500d4a12257546a022b8aee1e4cf46bdf4acdfcb69e351c6837
Training/glioma/Tr-gl_0104.jpg,glioma,ab20f2d55b645d2e207356a7d60474142dde7002ce4497d1de09fcd8bef90e39
Training/glioma/Tr-gl_0105.jpg,glioma,7e5ffb95e6785b3976ea590374de2be588c5578cc2ea2bfa7487eb34d75d9d19
Training/glioma/Tr-gl_0106.jpg,glioma,3306a930faabe607950226a55c6364e96562af7d407ae2d031cca687e91124c4
Training/glioma/Tr-gl_0107.jpg,glioma,53018cfd4bc27a33b3cf5575f2c4189590058389fd41449cfc0c8d427125f3ff
Training/glioma/Tr-gl_0108.jpg,glioma,d26ec4b155344b81697a2e3c09abb61d565af48304a866a7f5f70eaf3a3928ad
Training/glioma/Tr-gl_0109.jpg,glioma,e6ba18e01130b322141d8c26282fdb59edd206a5ba72c96176791710c67c11bf
Training/glioma/Tr-gl_0110.jpg,glioma,dcb8d6cb4496603b7d8757bef29fa39cf1d84a4e5d953b3135d19dbd788b7dff
Training/glioma/Tr-gl_0111.jpg,glioma,7ba05d4c12d45dd2075150556b31ae695923af203dee102db060f9d33c1559a1
Training/glioma/Tr-gl_0113.jpg,glioma,a7eb14f5ead7eabcce28fd3553c636dd36602e7783a8a0ebece67dfe31c8b4d9
Training/glioma/Tr-gl_0114.jpg,glioma,cf90b0bf60072335ccd09ca4010f5f5e5eca70001b864c36af2cf6723e0bfc5b
Training/glioma/Tr-gl_0115.jpg,glioma,ed635d0e53a8b9f12c291cc7a4da5d15c75acc5970653a752dbc364cc69a9fce
Training/glioma/Tr-gl_0116.jpg,glioma,bf416c724c2f6de1aef758d25d5b5062490b3c05563de10f3fa268516607f6f4
Training/glioma/Tr-gl_0117.jpg,glioma,8ca09bcc0ce38c544bc5f555e7efd5c4db6ddd9688bd7ff0ca32df90152eb58d
Training/glioma/Tr-gl_0118.jpg,glioma,497b80712bf14d78c793d122527ac5dcbd7a451a0b52c4555b70e375d33b3598
Training/glioma/Tr-gl_0119.jpg,glioma,57d4e24d04f8e9adf5ffbb28a2dcdb782d4bc21eb0c138a491177db8996bb4bd
Training/glioma/Tr-gl_0120.jpg,glioma,e31b77a60b2337c5c53ed8fe0866e52109e720384c5ee49ddbfe4a34cba76b49
Training/glioma/Tr-gl_0123.jpg,glioma,3611cc4774544851300dfb359fbb0d0aefbefee3624e8b6000009bca854ae197
Training/glioma/Tr-gl_0124.jpg,glioma,0bc0be8871f372f283b693bcc3063a78edc8a1a8860ffbb65dea7f1c201ac22d
Training/glioma/Tr-gl_0125.jpg,glioma,b2dd3826363764467eaf32a49acd39d802f01e519ff24d0cfb8ed3bc1085780c
Training/glioma/Tr-gl_0126.jpg,glioma,a8b31d464bd1efc9fb1aa17d15bb119363e5e85e71f738a7e9ad446e73440608
Training/glioma/Tr-gl_0127.jpg,glioma,88462cfdd72c0a289d3152fcf6b15b0eefdda24534847165a7220114208d6e9e
Training/glioma/Tr-gl_0128.jpg,glioma,c0b48ab6a61a481c686d4652c95cabf74be8d1d495e7f8d8968adccb49286d1d
Training/glioma/Tr-gl_0129.jpg,glioma,e5d66a5171060df3abe0bc0cfb91d29e627d2214d85d9edbff9052a50aa4e6e8
Training/glioma/Tr-gl_0131.jpg,glioma,f79e1e7778b20b366ab1811a071ed08cabca558bf8f98a33d7df87c1cc5d0f2b
Training/glioma/Tr-gl_0132.jpg,glioma,4e0410647eddad94fdb5cc9f24cf03833f4031f71ed0da3679e00f219f0480c6
Training/glioma/Tr-gl_0133.jpg,glioma,74bc45f1e1e08c9ecc7c4604918d4ffad8431d59bdd930edd7fcb279e73997ff
Training/glioma/Tr-gl_0135.jpg,glioma,d58cdf17314a094da866df2f63739ea31b549cb3daf7ac9e7c84fae9f3b4bb1c
Training/glioma/Tr-gl_0136.jpg,glioma,b3e23a07ea2fe7eb605c6b788bcfe709e586b7923abcacf910a74d8f1b15badd
Training/glioma/Tr-gl_0137.jpg,glioma,a3841aa70a2bdab533746b7e6cc89d2c1432758b027079b0d92378241c18ab44
Training/glioma/Tr-gl_0138.jpg,glioma,dd2b85dcc22e042b17b1e4b1978292deb65c4cbb00dc74f38920dda603bd7dcb
Training/glioma/Tr-gl_0139.jpg,glioma,ae85d24aa7f79cd5a521ff5e3e9a58feed4e7df42a9cc469e5cacf25c5d1784f
Training/glioma/Tr-gl_0140.jpg,glioma,6f566c487c93c1aaa57b8aad117eaca8dca0ca8a6303a3e529c0b27b1ef898e3
Training/glioma/Tr-gl_0141.jpg,glioma,b3b2f5dea1eb6a353af444bffa820a688a8e401a91ab94cb696c47d8c7156781
Training/glioma/Tr-gl_0142.jpg,glioma,e2b835d75860e3b9ba30540246852fb83ec3e455c5915ff90e3de303f0f9bf75
Training/glioma/Tr-gl_0144.jpg,glioma,80fd3e27df1d9f8ff58dbc60cd3638560d5e2900ef62a94dedbe31fe0e13e080
Training/glioma/Tr-gl_0145.jpg,glioma,95718913e8b5983108e7dec294719fb376704de36b620f19515f392dc9c1ad7a
Training/glioma/Tr-gl_0147.jpg,glioma,2805de4c00039356de8a0386aec28ce7488c17adf4afdec087a938ca85ecdd67
Training/glioma/Tr-gl_0148.jpg,glioma,23929261c95c77154e6f95e4d5eb1f588e49f157c3651646180b22da1314187e
Training/glioma/Tr-gl_0149.jpg,glioma,6867d98872346fb442cff19f2e1326970dc190182ba263d25bf2625fc005b8d7
Training/glioma/Tr-gl_0153.jpg,glioma,0caa6656a59e4cdc10f7f8154438407597936eee3c18273bd2793089947d58c4
Training/glioma/Tr-gl_0154.jpg,glioma,c96b76377cfd0f956a2200be5067b44ec2aea4b077dee87d3ea86123ad5aad26
Training/glioma/Tr-gl_0155.jpg,glioma,dcf7a36f199d984a5e6a217c2a61a562f4da52354b34045a5ff64aa34eebff65
Training/glioma/Tr-gl_0156.jpg,glioma,09657b08e2f7520e3b043dee5bb900d0e5ac2e01198888c98c9811b60c466cc6
Training/glioma/Tr-gl_0158.jpg,glioma,eeccaec80782f4c52dfed9b16ac78875f80f57d1868e95e38e44f1175b94ccc4
Training/glioma/Tr-gl_0159.jpg,glioma,90b1641471f57b0568f6141950eb7dbf6d1199da2d5cdd70e2c5b9ec61bdd290
Training/glioma/Tr-gl_0162.jpg,glioma,791b84e8a55dd25ff12b0da9a68bc40c7cb80e596bf5f638032b65609444bfba
Training/glioma/Tr-gl_0163.jpg,glioma,0ecd430b6445f0a0f1fef6381a9087109ddef284169c40ad87021c1b3ce0b8e8
Training/glioma/Tr-gl_0164.jpg,glioma,bb782b8598de2e0ff2997d0b49ea258d97e88899f61dcf111176f6b677e9a1f0
Training/glioma/Tr-gl_0165.jpg,glioma,502f4172153ced4d17a4555353047ebb5ac34c92a6ad7702cb9b4b99560f5ed1
Training/glioma/Tr-gl_0167.jpg,glioma,42dd1bf7baaf1feefc003044fb8bc792392bb53a3a4a8e66ef0e482868c318ca
Training/glioma/Tr-gl_0168.jpg,glioma,1047ad2f928f305be5a6db28ea3120d2574656c4325fa6a291ae05378cde62c1
Training/glioma/Tr-gl_0169.jpg,glioma,794fc2af7e7140234801054d9c867464701ea7f9d9cb7a4e74a0788981a7c15b
Training/glioma/Tr-gl_0170.jpg,glioma,af8d9f673e52265236b321162eaa8d884e775aeaafe438d6e8d6d5a6c2580a14
Training/glioma/Tr-gl_0171.jpg,glioma,8cc82c38191d3273c39831ccd77b95dcf72e762c29877d38ea3cba408fe1fb5a
Training/glioma/Tr-gl_0172.jpg,glioma,7c75246de6b733cfbd35156db0175e789ddd8d8e5890b01827b686f273eac96f
Training/glioma/Tr-gl_0173.jpg,glioma,e0c964d5ad77c3f75eb8819e798bddcf6b39e3179696f8042f26a299e35fecc5
Training/glioma/Tr-gl_0174.jpg,glioma,9fd087f86829b63b251e868568a13e466757b4dd5a274b9d99fa3e959fd7dace
Training/glioma/Tr-gl_0175.jpg,glioma,f54205647aa37f0362d44e0eeec99589ae01037820c1ff9af4ff958e7b6e7057
Training/glioma/Tr-gl_0176.jpg,glioma,d488033d88fe4406a3a8a014e1b09b24432745a789a980f21935dd17860d27f3
Training/glioma/Tr-gl_0177.jpg,glioma,4e012dc82b157dd09f06c546dafa8f5962eb0074ed1e9e38eafd9f4163460b14
Training/glioma/Tr-gl_0178.jpg,glioma,c33db1413ff24739eac7fc705b90b65952a3829238e480b96270575739b1806f
Training/glioma/Tr-gl_0179.jpg,glioma,0348a950531d7a8f9b59744f07e5cc89275a64040e0c380b828c548dcd2653fe
Training/glioma/Tr-gl_0180.jpg,glioma,c9f5f041c5e333ef43f1bfb3669a3c3adbf1fe957862a46ea3365789d168e55b
Training/glioma/Tr-gl_0181.jpg,glioma,91c077d20b2a5ed36762a3993a709688ff46730a9e8b364e05e9a1160a3fb5f7
Training/glioma/Tr-gl_0182.jpg,glioma,5904695ae0d4dc800de8b3b1876ab463c2736079a56a2b026329d47b9fdb0eea
Training/glioma/Tr-gl_0183.jpg,glioma,8e89f1ebf123360b76c3c9ab6c9293960879f5a05aff2e5dd8d0c07ef2b95e24
Training/glioma/Tr-gl_0184.jpg,glioma,48a0ad607d04b380ae7c8a40558677f63351ea6696b706cf6d117a515ad18785
Training/glioma/Tr-gl_0185.jpg,glioma,d93691c7255397bf5e06570fc8567c186fdc840d02ec092eeffa791281eace17
Training/glioma/Tr-gl_0188.jpg,glioma,037e7617008a6624dc72a43f1b7985f32406f5d9d765f4e132c188396ebdc847
Training/glioma/Tr-gl_0190.jpg,glioma,b5dba58b59db3bbfc1669a2a24d0985c9b76284ea6e2187407c0349cd882b750
Training/glioma/Tr-gl_0191.jpg,glioma,514857693c362115302a847634040b7ac42b2e8998c00a4b99c5481871a4126b
Training/glioma/Tr-gl_0192.jpg,glioma,f77a1f7b0fa9726efa9075490528196786784c86e4e3e546dcd0042e29176048
Training/glioma/Tr-gl_0193.jpg,glioma,e24d78983aa1fac2079d3b75c860dccdd5027ea1ae9363af4e3f1fc00412f4be
Training/glioma/Tr-gl_0194.jpg,glioma,ca4d075ed24244c5d744db8088593383a73be89eddba2e25de847bb22c70489a
Training/glioma/Tr-gl_0195.jpg,glioma,1726ea48b61b20e9a6300515db5b630fb538594f60d1082deca9828409459fc5
Training/glioma/Tr-gl_0196.jpg,glioma,c4bbd68a13038dd5d8281cb34aa9312afae496b210ec4fc73fd267b597594a4d
Training/glioma/Tr-gl_0198.jpg,glioma,3f092422a581888fc028c43ee346f415304dacd5f02f8c651b31e7e8974e61a2
Training/glioma/Tr-gl_0199.jpg,glioma,ba403b5a8fb25a6f23c310c6d0ac861a7b4f424da4ea89528e2ad9b04c271acb
Training/glioma/Tr-gl_0203.jpg,glioma,ed9340488698e501fea7b059693a722d67372dc90d07e6e456ea96b70975182b
Training/glioma/Tr-gl_0204.jpg,glioma,517928538bbd67a6119715e047ef1d883273d4dc4d9589bb32e838f91942edfb
Training/glioma/Tr-gl_0208.jpg,glioma,fe8083930a0b74edd46bf77d7d9cdb6fcf4f4fe61a2c3bfc4ae8ea9476a9e157
Training/glioma/Tr-gl_0209.jpg,glioma,e2cf5756f3e0fdde82dfde591ebe5bf06dff163e77a6abdd89be7a1a828ad466
Training/glioma/Tr-gl_0210.jpg,glioma,75e01feaaa0cad06729098926a25ab4398d62a292f1dce5de62e363c7b7f428d
Training/glioma/Tr-gl_0211.jpg,glioma,ee39977c09526e98d190ecfeec9ef4df59b7fc0c12eb31b088e521479679f266
Training/glioma/Tr-gl_0212.jpg,glioma,653f82e0d9aa0e0bcd8438f78c61387de4f3e65ca26dbd396d1793e82b291844
Training/glioma/Tr-gl_0213.jpg,glioma,0f3737dc50b98d9b39b43d8a222bfde2b42cdef595bbc80dca817b450f2a5ca8
Training/glioma/Tr-gl_0214.jpg,glioma,3a5ee71b5d21befecbba842ecc8140fbc9d592d8fe8654d4ce533789d564ed32
Training/glioma/Tr-gl_0215.jpg,glioma,5c14e8851aafe430aa95f57dad831a021a928f085985b7f48531e7ccb8b44470
Training/glioma/Tr-gl_0217.jpg,glioma,3a0e14b20b51093bd9a9c44cc397baec5ce467b01a29c3d69b166ebfab8cdb89
Training/glioma/Tr-gl_0218.jpg,glioma,eedae8d3a5445292fe51d2f4a166c93a40ae43c907ba3a97b3c32b0afb511c17
Training/glioma/Tr-gl_0220.jpg,glioma,7aa0bb3469fbd5acc5cfd1976e797e7787ae13fc4a86461f94f7e126055f56e0
Training/glioma/Tr-gl_0221.jpg,glioma,0f6c943e8dc0d5f06ed41c49380786f1bb18a26551bdcf29e23d55af41eb870c
Training/glioma/Tr-gl_0222.jpg,glioma,be25fd4116c4e6799dac2a75d5cb8c57a872fbdc55a03411490d54d0133dcf2b
Training/glioma/Tr-gl_0223.jpg,glioma,d0c2ff85a97206d2c459c6381a8c70d8bf82b0af99ec78a22d8ee55186a72921
Training/glioma/Tr-gl_0224.jpg,glioma,a9e786da1394fb76996b32fbbc4275471d5803e5edb446b6186dcc22cfc4aed1
Training/glioma/Tr-gl_0226.jpg,glioma,1f59aa1661beb9b8d8feebc2f2c155425fd414239bf4aa96995b3755f1b97427
Training/glioma/Tr-gl_0227.jpg,glioma,5a4c0f57d02df06ad20c53dbddef23853d3c469e85511737c2dcd2a33a266f88
Training/glioma/Tr-gl_0228.jpg,glioma,64c576383e0de9f4a278e9e80e19a4429270d631d9ae74fbde11775696b11509
Training/glioma/Tr-gl_0231.jpg,glioma,2fa10c2ffc8e0cc26883ea3ecab186269601b878eb227a5e448250f6a8e14039
Training/glioma/Tr-gl_0232.jpg,glioma,4743b7c2296bc67268e833de947f57cb29f40ff081f44fb3f55d8a329e20158a
Training/glioma/Tr-gl_0233.jpg,glioma,b03ad833a77b107b620822bd93dfc13720feb8fd1394db2b5b64cf8de07c298e
Training/glioma/Tr-gl_0234.jpg,glioma,2b8b29293d8d35cc57a4f9a755061d06a813fcdd2c57c8da2fb0d629c080289c
Training/glioma/Tr-gl_0235.jpg,glioma,08527c8ec2f1990f550ec9b2b91e4f8ca80f386cbab0511249461d47bd7277d0
Training/glioma/Tr-gl_0236.jpg,glioma,b877880b7702ead56ba91b4e9cd966c5bd9ee16bc8866d6a5746da6f36dbb785
Training/glioma/Tr-gl_0237.jpg,glioma,56a1651adee3f419612feda300596a3fac9ed6a2c7e0bdd015421fe1fcd9114e
Training/glioma/Tr-gl_0238.jpg,glioma,56997c66cdf2fe85e3162afdef80a0eb30dc5c6976f790af2158d007d5b485af
Training/glioma/Tr-gl_0239.jpg,glioma,07776587c4e9aa90b0bc8ddcf66dc58432cc9b7642f3a92bbe2c65d9c327cd6c
Training/glioma/Tr-gl_0240.jpg,glioma,bc34e9a5fa14d6c40e16183ee694138cd907400ef00c16df26ce9974fe6e0fa6
Training/glioma/Tr-gl_0242.jpg,glioma,438eed9a34468badd4c2ff2b54090b0630ae344c4f8a11ed762b437858474a95
Training/glioma/Tr-gl_0243.jpg,glioma,80882336cbcee87273f0092823a3f38023ec7264ea986c0dcef324fd39ba4c0f
Training/glioma/Tr-gl_0244.jpg,glioma,1d127bfe899af629fa92e41459c602e7b2cdbe7e8fa13d2b3459adef4880e8fb
Training/glioma/Tr-gl_0245.jpg,glioma,3fa3411bfc8b21af70c75f3799790429bc7c6909e7d015c5449357123008b10d
Training/glioma/Tr-gl_0247.jpg,glioma,d3a1c0c8018db03ae8040595cfdf59a2e79e2297870e478029ebc014c36a833d
Training/glioma/Tr-gl_0248.jpg,glioma,9bfef55df733a84ee21e4a2a5003f3c52e6a20ae60512a9298233f6ae6adbb4d
Training/glioma/Tr-gl_0249.jpg,glioma,91fe51694ca8e6293772699f39fbdf863acac9c756db70392b0102af0faf976a
Training/glioma/Tr-gl_0250.jpg,glioma,1a3dbb6472fc310654fbfceb2b1484da6f62d5ae28fe0ab0497ffcfbfa024d44
Training/glioma/Tr-gl_0251.jpg,glioma,e4349780789fefd67ee069c48ed9746f0a11a2498ae67fe4f7db22eb04bade06
Training/glioma/Tr-gl_0254.jpg,glioma,5d8c25d44f9476a09de42f493af0bcdfcdffe2dac7a49bfa07252815a2416c38
Training/glioma/Tr-gl_0255.jpg,glioma,579c5c89088c2fbbdc741288262b38e546f7ed0cada1bb4f3b000ab3eb58cf9c
Training/glioma/Tr-gl_0256.jpg,glioma,25242fd109da06067b0b77006ee39b18dc7962b8168bf3c36a3f49d4ed8edabc
Training/glioma/Tr-gl_0257.jpg,glioma,00447a5e4dba64bb0e3e97c8c943131b85bd5c27aec22ca12cc3b824f20f53c6
Training/glioma/Tr-gl_0258.jpg,glioma,0e0f0e489e46b0b98199f84a3c5de5e2de5d59bc3e1a1c65e0b6c91a423cbf62
Training/glioma/Tr-gl_0259.jpg,glioma,3d9618b232c695e3023ff62ae1230ba287fd2fe3dea69453a43cb6a658193ff0
Training/glioma/Tr-gl_0260.jpg,glioma,62f29d07607b6c8221bbf9fd17d5fec83aee75cb78862a81d0f5f2a046900a7d
Training/glioma/Tr-gl_0261.jpg,glioma,e3280c6aef393740afe61732105399d6990e2ee03184b17dc4c16132a1021bca
Training/glioma/Tr-gl_0263.jpg,glioma,0aba7464082abbeca6677266ac8feed2c3c242dde6a833a6f456174a29330400
Training/glioma/Tr-gl_0264.jpg,glioma,1cb383948a156aa10dcc284876493c034421e25109837d4fb56dcf12eead96db
Training/glioma/Tr-gl_0265.jpg,glioma,1a06ff004a92ce02084bad455d8ae160a11a12a23be33725fa829d15b760f981
Training/glioma/Tr-gl_0266.jpg,glioma,dd3dc95d2f0ba81351c09bd413a72bc5a83610107a88240503cd9f9a55847da8
Training/glioma/Tr-gl_0267.jpg,glioma,5049ff9bb12c90021c188302a492b7e25de691d711d6cb1edad16f3fac3a15bc
Training/glioma/Tr-gl_0268.jpg,glioma,34afadc89aac69e012a37d032cbe12e7c5e4b896352d85583ee90feba8c23a4a
Training/glioma/Tr-gl_0270.jpg,glioma,dd00d89233f404ed4f8b4787b151a68befd2cc3efe5da630c130d28cdb991d3a
Training/glioma/Tr-gl_0271.jpg,glioma,5ad800457e7500890f28bc883be7f50ba277d53b32227281c873618119c60de4
Training/glioma/Tr-gl_0272.jpg,glioma,090d04d4db8edde47a1c90163d00105e8316ffcae807e05a8a43fa8966f8bdde
Training/glioma/Tr-gl_0273.jpg,glioma,824816b041c2771ca444a742d7ef17caa4dba41246398e1353b0f615f6d9acb2
Training/glioma/Tr-gl_0274.jpg,glioma,ba431199f1aedd94c171d5e0cedddc067825283fd0618a6fa3cecc958fb9395d
Training/glioma/Tr-gl_0275.jpg,glioma,aace60e9ff85e29d0cd635d8d0ccb2bbdcfa5eab6297d50ad86572ffe8bdcd28
Training/glioma/Tr-gl_0277.jpg,glioma,32bd0b5965578eb36333190937f5c10c749a0a12ea0dd6d990d2f8d28e069024
Training/glioma/Tr-gl_0278.jpg,glioma,504737ea95f3b3603fd201fff99a71849d96abbd9986799ca21cae8cb07f163c
Training/glioma/Tr-gl_0280.jpg,glioma,cbe96b10b83ebe09bbb1c7629c03b299a30b3113274a83196829276414384b2c
Training/glioma/Tr-gl_0281.jpg,glioma,c94ea7a6c46e62bcd4200c47aa4b9f90542cafb888e2f65a875b9e52651b67b0
Training/glioma/Tr-gl_0282.jpg,glioma,f2a91f004b9f4803042348d4cc09d3a2507b0c375e034e179d63f31d840b4fb4
Training/glioma/Tr-gl_0284.jpg,glioma,519cf3d164b71a4e86978141c2982ac4d99dbe42f1bbcc67be3941a0d04f9563
Training/glioma/Tr-gl_0285.jpg,glioma,0398b2d2c1909034bec55482ce1b4049458e4a1d6bc552eab97294a5549030a6
Training/glioma/Tr-gl_0286.jpg,glioma,0245aa59caf25e505635046f4235f485ae09f47829900c4f39e837ab5dd3cd01
Training/glioma/Tr-gl_0287.jpg,glioma,70e0d05ddcc25c5d083269466bb05f598d248f1052e310a1c4398a850e36fffd
Training/glioma/Tr-gl_0289.jpg,glioma,50907d8eee47ac2f9f190970319b72958ca818fb061e75eb9f5665fd81395911
Training/glioma/Tr-gl_0290.jpg,glioma,504144c0caee74787c0695a649aa9d3aa6f20d094a4a6a2a2961ed59c7b76bb7
Training/glioma/Tr-gl_0291.jpg,glioma,f0f9d00bc5959cf28788512d3033a9ceec6acdf85d98de913ea5713366752c87
Training/glioma/Tr-gl_0292.jpg,glioma,ac3b3560e26fad13cd07739dd8c875584f9a68901f7340710818275420f05334
Training/glioma/Tr-gl_0294.jpg,glioma,9b3cfdbcf1f12464792c53d3814bc07eb3f082ca13c343b28ef1a84c49faeb77
Training/glioma/Tr-gl_0296.jpg,glioma,d8ed005ff7b80c1dc76681677fa22df91f75432f114b7f84f2080a58c7053652
Training/glioma/Tr-gl_0297.jpg,glioma,e8b2bdd8423a91c4b99c63f5603c29673bc384db8635a74b601e2dc0ae908fdb
Training/glioma/Tr-gl_0298.jpg,glioma,b01c39342f02566329c7bf4cfba8be3c9c7c5f4f91ffbc6153aca6e6b3fe27e1
Training/glioma/Tr-gl_0299.jpg,glioma,f5c1c9408efd66fbd39958b82f5ccc9793a49ac4c7f4c9eedbbe467c11d96e0c
Training/glioma/Tr-gl_0300.jpg,glioma,8baa5a5f3db8045c5780261a61f932cfe7933871b8f62b0df2292fc3cd06d7cf
Training/glioma/Tr-gl_0301.jpg,glioma,d632933d2a4fdf304c4fd056db8f5b97023f324cba30814ac67fc1634d3aa448
Training/glioma/Tr-gl_0302.jpg,glioma,4799d90aaaec1646c336abefa81d339952438aae3a9312b58fc1ed7fbb6bbd85
Training/glioma/Tr-gl_0303.jpg,glioma,ae817a77352a3aaf943004cb7d80f453c1b7b89f0113557ff58d662cc59733ae
Training/glioma/Tr-gl_0304.jpg,glioma,684a20ec59ebb6e76e9e0a256b0d5c4a8467f8787e2d0266841c6ced871e9d48
Training/glioma/Tr-gl_0305.jpg,glioma,d22dd30fe5ca3b40e8c816cbe060fe1178eddaeed5d72640eb2bcd8e05152a5a
Training/glioma/Tr-gl_0306.jpg,glioma,025f23d258f09b625cffd1a37ebfd7e7510547ed57f6e021de27f9272512938e
Training/glioma/Tr-gl_0307.jpg,glioma,9c99455e209b32a72a512bd8f1d2ab96956a99a25f591bce70acae1e940a8d7f
Training/glioma/Tr-gl_0308.jpg,glioma,6ea0335ff4facceed2d8493142f0b9a569aae6609e9b424e40b6467f1d4cd3d3
Training/glioma/Tr-gl_0309.jpg,glioma,d2104afbac4c24475bf3067fdebc0cde603960e30a7e5ae617306185d576eb16
Training/glioma/Tr-gl_0310.jpg,glioma,bba06019a74d8f68aafb08a0fdc1da2cf47be914e17ae00d542ec60fb4b93221
Training/glioma/Tr-gl_0311.jpg,glioma,bcc347d587d2a67392ef727d25f285f69d3b959bf619767fde0e80c42c70c1b2
Training/glioma/Tr-gl_0312.jpg,glioma,2f9c792a3592c87c01a282a2eb0dd33bfb146566b4500752248a2035208e4c15
Training/glioma/Tr-gl_0313.jpg,glioma,b834120e18dcd2faffc6a2b045801161a8a6bc1c985fdbddf7618e252ccb5602
Training/glioma/Tr-gl_0314.jpg,glioma,5ccac8c5e3d461309b4c238a2cf18c9e1e4c7dcab3ed24b5214520cfa4a5bc96
Training/glioma/Tr-gl_0316.jpg,glioma,0fe28cc4315011f45f0190cb6af42ae2e7312cc91a43c0cd2442403abd429e02
Training/glioma/Tr-gl_0318.jpg,glioma,d03321e5058663d692ed3fb79430490ede4858d7f5e4e1878bc047fe6a85a31b
Training/glioma/Tr-gl_0319.jpg,glioma,e8567c00e5884fb7dc20ed423ad6e870ac09983aca27deb1086555633e2b9714
Training/glioma/Tr-gl_0320.jpg,glioma,5794bf363988a2a24d118db901dcce06667cd38edaa1aeb6fb528871f1b221ef
Training/glioma/Tr-gl_0321.jpg,glioma,92af07887439957669f921b30366873c639e543e7c565db2b53abce15ae23a4a
Training/glioma/Tr-gl_0322.jpg,glioma,ea1aeb385b71f0ab30d72801ee351a7d575b24077c75f25277cdd7e1484b568b
Training/glioma/Tr-gl_0323.jpg,glioma,c3b3d0cac8b16892db83d9cacf965b5d601531942a43d53fc8016b4c94c81b29
Training/glioma/Tr-gl_0324.jpg,glioma,7fdd27ab1cbb4c1c44b5cecea8cc86d4dc6105d1ffc332418a26409a6ed85426
Training/glioma/Tr-gl_0325.jpg,glioma,8beaee7bf2d9b76a4a4f05a2445c3dcf07fc3efe93dda88eb2ee626728b8baec
Training/glioma/Tr-gl_0326.jpg,glioma,2bed9402d1831954c53ec65c6c2b97871ab1d4b7ec620f5aea4d62e44961922d
Training/glioma/Tr-gl_0327.jpg,glioma,16348f244eeb5b220ba0a7c8333d01b66cd2b87ce4708775b41488706a40d794
Training/glioma/Tr-gl_0328.jpg,glioma,9c18e887bc1b3c694a461fa6310f68bdd6f469e4c69bc6e6ccddc59a2318e0de
Training/glioma/Tr-gl_0329.jpg,glioma,3f31167607d9842205d9f0577d727616185586866bd42b97e3eba120277737dc
Training/glioma/Tr-gl_0331.jpg,glioma,49cd84bafe80bf707189460eea23b43881591aaafa2c364c991ffac5721517b7
Training/glioma/Tr-gl_0332.jpg,glioma,1d4c8f5c339c0f2026683e1fe4c908826b8598d6aba479bbc6e8b857706b23f7
Training/glioma/Tr-gl_0333.jpg,glioma,ac351c84fb6bd5058eebe90141c50bf043c4b327b51f4e434de9ef9284c3ded9
Training/glioma/Tr-gl_0334.jpg,glioma,066312ac02e6c0e7c81ca05110fce5bccea9ceb8d9a079af4d9c771cc70852a3
Training/glioma/Tr-gl_0335.jpg,glioma,6384ad4c5b46750bf5c869d97b4e73fa1f2a5cf79ace95de7fea1e427269e68c
Training/glioma/Tr-gl_0336.jpg,glioma,e0b88a0eddb0ab53e49ba38342cdc83364ed057c9553b6999261bc089eb65275
Training/glioma/Tr-gl_0338.jpg,glioma,5f719b8ac95a840dbff8526aa47e7c748ef18b9ff2a54f60d435558dbb999e9a
Training/glioma/Tr-gl_0339.jpg,glioma,a197c82eb90d9303361f61e26621f5f387c1cc53f3ca67bb5fe19d21c2913779
Training/glioma/Tr-gl_0340.jpg,glioma,fe5f833f8a3793c98090fc01fdd853cabefcbe5884124a51d6ef2238b8557acd
Training/glioma/Tr-gl_0341.jpg,glioma,55e3241ead513e576d1096c1011063d0ac11c7e9191d41dc84650bd5903910e1
Training/glioma/Tr-gl_0342.jpg,glioma,287308f497e39bd3d645c7ce31fdea81c1a66336e1048d5334cd2d68164b21ea
Training/glioma/Tr-gl_0344.jpg,glioma,31fb088da52ec17c019a9ab80dc166d9a6d13fce84294856261e0ef123fac324
Training/glioma/Tr-gl_0346.jpg,glioma,2fc2fea88b060836ea65fd11fc88d3bc0211b6dea12ba358a12b3420bf5601bc
Training/glioma/Tr-gl_0347.jpg,glioma,85d59fc3d0101e5fb737eef4cd85c8219bb99ae9b1b27d0e93b24e0ab2c0626f
Training/glioma/Tr-gl_0348.jpg,glioma,62b1ecb44192dcc51421441d8dd18495725194100219b183917f2dd0d44ead4b
Training/glioma/Tr-gl_0349.jpg,glioma,2ae070d86015c3a215be58059ec2d815b48770f2242e2a91623b702557fc19b3
Training/glioma/Tr-gl_0350.jpg,glioma,c991d162e311b262ccdd72da03e74591d2895000f95a4d63e399620106656b68
Training/glioma/Tr-gl_0351.jpg,glioma,84a49cec0823a1a36e750f8ec807097fe23ddae43be6815c66c83ed92d73a1bd
Training/glioma/Tr-gl_0352.jpg,glioma,eea8cf5b5c61b88faf6d90b7ce773f3d5ed347abfedb3a8ef07e3a2f8147f71b
Training/glioma/Tr-gl_0353.jpg,glioma,b72caaa0d0630659e6a76956033b1fc58eea931819726c3c57b8c531b9b4ccc2
Training/glioma/Tr-gl_0354.jpg,glioma,511df8bfd3bc31e312ef801321f14bbab0fe33ad12b62be5d56ab3f654bba223
Training/glioma/Tr-gl_0355.jpg,glioma,3e3a5b9fab0b32b1fd01310140c27bc077722a87d941e336620ab87cab67ec62
Training/glioma/Tr-gl_0356.jpg,glioma,29d1be475119e1f492b27d70ea22917e4f5bee4e0f37a087ebf1cd6a408dd6fb
Training/glioma/Tr-gl_0357.jpg,glioma,560bb7f85ada9922e263cd604466500c16b7d1d92ca5b4b4615546e78c8c60a0
Training/glioma/Tr-gl_0358.jpg,glioma,adab6eacc6092ae6e9927843da69fdc6ae3189fbb9f8ef00e7d1b42147af7191
Training/glioma/Tr-gl_0359.jpg,glioma,f2070cb819053694fe111794ae7701aa21f9d0e40dfbbf8ea5fbd654cfdf03be
Training/glioma/Tr-gl_0360.jpg,glioma,e56c899bee7db956bcf23da3742f12a1b575b2954b7b411e441d7a53f5a71cb9
Training/glioma/Tr-gl_0361.jpg,glioma,f5e9850d35f77ac7924b2445dfab90ec2ad6bf749c9c96fd0a2973cd62ffd05b
Training/glioma/Tr-gl_0362.jpg,glioma,116a8096eaffd839cc9443d55b0fe140cce3067a7e7cda3ed6188b3d54fc57fd
Training/glioma/Tr-gl_0363.jpg,glioma,67309217514ff63bad0a7c7a2c7ef0afe64c43b0d01ee87634299ebea8db4ff1
Training/glioma/Tr-gl_0364.jpg,glioma,0ba3b936a7bbd7f21902c88aac3102fc017c874689260b3abfa8dbc264b9230e
Training/glioma/Tr-gl_0365.jpg,glioma,a607ce2f9e06b77e7674fd064d1cfd1649f99c02d97715027b875923c6e6376d
Training/glioma/Tr-gl_0366.jpg,glioma,77294e4b28ef2d2346aa08178d22d869f6aa9992e2b65fe84a4253d3b6425034
Training/glioma/Tr-gl_0367.jpg,glioma,2446d342eecbe1ba3c5e109f2a559ffe91eb708065a317d34c257bbe959f9597
Training/glioma/Tr-gl_0368.jpg,glioma,ac5a25521668bf49b5411893cb6538287e1d511a01c40c21372e5583688696cb
Training/glioma/Tr-gl_0369.jpg,glioma,7e03bee87d7f710422c36233a9775195412bfdc7bc6979f71ce40eac236af9f9
Training/glioma/Tr-gl_0370.jpg,glioma,2dcdd4b1766dc422b0ba2ba2da18bdb2ab04edebcfa5dd5be854f66af47458ab
Training/glioma/Tr-gl_0371.jpg,glioma,89dd1db3f7cb3ab42022286ba5040e0fdcc142cf9712dd4b4ecc05c266416335
Training/glioma/Tr-gl_0372.jpg,glioma,640e175810b5d2d09c57ec9f51eb25cb1b7a53cab96bd43183bfec2269cd2b47
Training/glioma/Tr-gl_0373.jpg,glioma,002f4403eb07288c2ebdffcd4a3247543f5fd976767223c3843e249ebfe45d49
Training/glioma/Tr-gl_0374.jpg,glioma,0c69d73a6fd01d8f4838266fbdc6f667b0b8cf6a1c8aaba13b481a0c9fa91311
Training/glioma/Tr-gl_0375.jpg,glioma,ef10a835a47cb071d43bc473b1941ebcfeed3b3782e325013cb1dbeb20edb187
Training/glioma/Tr-gl_0376.jpg,glioma,a874422003b0970623de1585f24c41741873e80578209c6b3a07c63961c1530d
Training/glioma/Tr-gl_0377.jpg,glioma,1c315ae264171666a9693f33794d3766f5dd4cba3d2a157d14db024a43901432
Training/glioma/Tr-gl_0380.jpg,glioma,0031a6f69f5c0eaf538e696764d68923dc1d4514d8fe374ea7dbef85d9d739ca
Training/glioma/Tr-gl_0381.jpg,glioma,b4f34c13ddba75954871e7f26dad67c3593306528779c792ea2a0c0d79bdcc3a
Training/glioma/Tr-gl_0382.jpg,glioma,567a6734a79f0d61c5380befc6bc2269f86ec8ab0fd5b476f84e264571c99096
Training/glioma/Tr-gl_0383.jpg,glioma,c5ce17ea8b69731b474d01baf1f400468810038e1a3ff25c33e87bf96e332c65
Training/glioma/Tr-gl_0386.jpg,glioma,289124b95aa5ab61709e6625927ac810abd9b6a4253b66ce8577684b5dae4327
Training/glioma/Tr-gl_0388.jpg,glioma,6df21beef336a623fed4018d6a4684a12b8fe51bb3244035ac3b4f665794face
Training/glioma/Tr-gl_0389.jpg,glioma,d20cb5446f49480f7471797374a9f2651714497dc965d782597be7639b130823
Training/glioma/Tr-gl_0390.jpg,glioma,a7b34ba88ef8b47db096336683550988bbf8cb30042b37acaacb597d53a51b87
Training/glioma/Tr-gl_0393.jpg,glioma,e4754fc4e52890e57172305d942307c1fb194293cc0ca3402e7d88cd87711324
Training/glioma/Tr-gl_0394.jpg,glioma,342061dd04cefd8747d973c94392930539e7f018683a6cbf5ce6bd1c9bc1e198
Training/glioma/Tr-gl_0395.jpg,glioma,65bb5f273ac1249c554e2e423c1f7035180839fcc9d4ef9ea1f2307fee3f4f10
Training/glioma/Tr-gl_0396.jpg,glioma,4826ccab68fb5a6bd25ae807e908085781af403bd93415a537c32df9ac584ac2
Training/glioma/Tr-gl_0398.jpg,glioma,ffccb350b1c9ddcc6ad393e1fa999ce672803d3f0d4e2014412a6fe339cef517
Training/glioma/Tr-gl_0399.jpg,glioma,83c361e9948bbedb1bf400ec9e2a605eafdc50c987b3ad159dcccf7713458072
Training/glioma/Tr-gl_0404.jpg,glioma,69220183b3c0b29ca43c5a64b2e633917c6153e42d3373da6f03fde91c8fd8d3
Training/glioma/Tr-gl_0405.jpg,glioma,60e2ff678167ca39e22adeb74e43956c8ac9fe87fa954b537a8baa432a13de73
Training/glioma/Tr-gl_0407.jpg,glioma,fc11fe5044b645565504c699edc72dca5bde8cd3ec3982bb1232515635c23b7b
Training/glioma/Tr-gl_0408.jpg,glioma,0c6246144e99f01a85d9bd26cae11ac1f419d2005e1d36ce758f144813402b8c
Training/glioma/Tr-gl_0409.jpg,glioma,c0a130927817967432e1704dcbde40e407338bfa4b8535e129b5845104640734
Training/glioma/Tr-gl_0410.jpg,glioma,94d17d5ce771146fd499abd4527da69aff3b055e5efd552e72acd29e6dcf6a0b
Training/glioma/Tr-gl_0411.jpg,glioma,eeeddd472c2118773083dbb57db808c24bb0e2243357a98bfd0b09c4a62c85ee
Training/glioma/Tr-gl_0412.jpg,glioma,a3c4a47932645acdba83772b225a43dd232f92bddac3525e0d5c5ba9b83416ae
Training/glioma/Tr-gl_0413.jpg,glioma,3f22601c95aa22110a62c16e598261d202ca81c2439755f9f2a6c15781c754ba
Training/glioma/Tr-gl_0414.jpg,glioma,b0ce980808ccd0998dcd201dcc847e89396256d023ba6948b2de712b5bb94e75
Training/glioma/Tr-gl_0415.jpg,glioma,cc0250d1cc59fb33e3ef9fe3aa6f4d46a0b4a96c0dc4bf62b84ac9add9a682a9
Training/glioma/Tr-gl_0416.jpg,glioma,a7cede9f7fc9eb3716b461e693adfecbb908236f4fa12c5337bcf6a3c67641f1
Training/glioma/Tr-gl_0417.jpg,glioma,c7d0c5e5289054744408b3e17dc76ce6dabb09dbf35685344224ef4b25bcd42f
Training/glioma/Tr-gl_0419.jpg,glioma,cd2afdb18582efcd0cc17d6da6e99c35b367d2e958f8aa15f89eead9abfc0e98
Training/glioma/Tr-gl_0420.jpg,glioma,e1d8ceef05cc907ef83b3848ae7197a7c745ea6e7d07a0b26066489d4781060d
Training/glioma/Tr-gl_0421.jpg,glioma,b4cc19608adc2fb982b34912d3ffdeef07e40bae2015d3321c331a1f59a7ad4c
Training/glioma/Tr-gl_0422.jpg,glioma,920b37038b11bb3938c895ad7cc7a61181d3292cff8382781cab1adc6da3e5c4
Training/glioma/Tr-gl_0423.jpg,glioma,de4c5f93106783db2f6cd5d40cbebde39fd265ba5c09981d3eb736c7f216216a
Training/glioma/Tr-gl_0424.jpg,glioma,9d174b78bf7f5adedac15699c15096b89458499961b9e289704b6a7afe4b0108
Training/glioma/Tr-gl_0425.jpg,glioma,cb04bcafdf1caeb793d868b86012d94c07b3c10598f95e322d20a96b4cba9009
Training/glioma/Tr-gl_0426.jpg,glioma,d3bce98c65a941987f2537179bad151340668069f674620dacebc37a997883d0
Training/glioma/Tr-gl_0427.jpg,glioma,655cf392d8158f6c696383d77604bd9a099c1be745d692a523a01bb276bb16d9
Training/glioma/Tr-gl_0428.jpg,glioma,ae5b8683c5535050ec189daf7884c244f87029d81ef4566cd383c4055c21d818
Training/glioma/Tr-gl_0429.jpg,glioma,52c302bff4fe15cb933edc0c005b8059851d7ef223ff0454c6c8a7130998cdfa
Training/glioma/Tr-gl_0430.jpg,glioma,2884437a7c66127c27d8621b4f715b3bcc5ee708a4c9b262b91776ce3a26bc50
Training/glioma/Tr-gl_0431.jpg,glioma,46ef43038899b7baff3211d155e491c13c9cc38869e6ecd3dce5663cfae65078
Training/glioma/Tr-gl_0432.jpg,glioma,581c0febff3f0fce53e03e23898370362761e8dea9a19891c1a3b8310062e9d9
Training/glioma/Tr-gl_0433.jpg,glioma,df89ff0f2ee56c5d299c461a8ec150ae06fb09dae8ec99322056099a7807d89d
Training/glioma/Tr-gl_0434.jpg,glioma,292cfdbd74c8bf8ac410d5a84d521ddc179c67a4001df1c21c29af485eb09a38
Training/glioma/Tr-gl_0435.jpg,glioma,f1579211cdba6486bae9afb4a6643221742f8a2fc3efedf6f5c202ac6d194195
Training/glioma/Tr-gl_0436.jpg,glioma,bc00f5fd2e837431ce5ea7f83f9de6e277caa9d1749280d0d58a7c1988b169ec
Training/glioma/Tr-gl_0438.jpg,glioma,b7acb409409cd85f0194ab7834c4a4f8226195b11b991f1effed9fc9cf45aa14
Training/glioma/Tr-gl_0439.jpg,glioma,5af5b36450175af1b0747965c05861a7d06296cbe7ed51eacaba0e7222c6082c
Training/glioma/Tr-gl_0440.jpg,glioma,f0316d06f2256284b4915250cce84f1dcf53bce6a6be70b19e2a0c432320ce8f
Training/glioma/Tr-gl_0442.jpg,glioma,10702a477105e38c80cd69df298da270b5f38add859530b3b5c99e64f95268cc
Training/glioma/Tr-gl_0443.jpg,glioma,31e39def5fb8e30373871ff5d081b43c7369c48e9826dff749f0dccf7b08f52d
Training/glioma/Tr-gl_0444.jpg,glioma,68c55c961c7e953c3a45d9e24ea74bd8d673285a428f5ee13ea69785f89e4cdc
Training/glioma/Tr-gl_0445.jpg,glioma,d7f3337ad798b840bb8626b03187caa5fc68fd5bb6a9af4ae1209c5b6dc5f705
Training/glioma/Tr-gl_0446.jpg,glioma,da24dff47b5ef02aeca627997aaf492f931aef9773d84d7aeefd2d0c19a33065
Training/glioma/Tr-gl_0447.jpg,glioma,3495441cbbb6f3846fe7fff6913e62eaac64f9b8f7a715525b9a6ba940ee7acd
Training/glioma/Tr-gl_0448.jpg,glioma,aa2ba7af155f3a94fe7265d7319b4607dbbc6bab4da9474c79097f18f285b64e
Training/glioma/Tr-gl_0449.jpg,glioma,d859972381050936d458534ceda505f5bb40b2562008f77fdcf3330112c39925
Training/glioma/Tr-gl_0450.jpg,glioma,fb479e7359c1d53273a80c2d924e6b356f541deb6f014496322baec0e026c805
Training/glioma/Tr-gl_0451.jpg,glioma,65fc5676e495ffb5eec241cbf85a75bc5952a6e4a7a1073fabfaa3b0d0470bed
Training/glioma/Tr-gl_0453.jpg,glioma,0ab4cc1980d59476e5914ea4b1c5cd2f8000f3a33ecfefc03e637f984f8701fa
Training/glioma/Tr-gl_0454.jpg,glioma,1a39ec1a5447ef315af75ffa33d7761a1546558bc732bdaf96bb35b0ef36bc43
Training/glioma/Tr-gl_0456.jpg,glioma,163187ea5f32c97f96cbd45008186e5acd84271366263dfc62964dc82a1e343f
Training/glioma/Tr-gl_0457.jpg,glioma,e1b904deb80e44aad6e93b74d83a4579ff4d53869b08accd6cf2dd5011a768ca
Training/glioma/Tr-gl_0458.jpg,glioma,3063e7d8fe33a31035935f048c64dd6988596c504af0432238bb84413add44ba
Training/glioma/Tr-gl_0460.jpg,glioma,b2cfb8fff17a084eb5f5ab8e812e1cced7558ec49816eb882b168384dd0180ee
Training/glioma/Tr-gl_0461.jpg,glioma,ff3a613af787b2919777363b37e4709828bf07605dd5b2687b2f82a4c895d5fc
Training/glioma/Tr-gl_0462.jpg,glioma,a405aa6b25e47ebd64a1ec1346ec42dc140aa20f6f640107ae8f2885f28a52cf
Training/glioma/Tr-gl_0464.jpg,glioma,885038352a0fb1fd67bcd001232edeb176bf3337ff9c2809fb92d4669d87c6c1
Training/glioma/Tr-gl_0465.jpg,glioma,1527cdd6445dc2e577e8739e5317f5ccebc675b23c16d93e396b41c9a40f3ab5
Training/glioma/Tr-gl_0467.jpg,glioma,98f70610474ea6e2811665d026e8998df9e2ccf8a732e6a0a0b6ed75d870468f
Training/glioma/Tr-gl_0468.jpg,glioma,4d0465ebddb2130b6f274e4b95d89d767f7d1e8d2aa30168bce177dd968f7f82
Training/glioma/Tr-gl_0470.jpg,glioma,3a5282b3f1157d6f2ebb7b4a1d1f864bd260432040f5f82f52e9395002429b35
Training/glioma/Tr-gl_0471.jpg,glioma,8b8b90c17296fe1e34cd48e89ed5e286fea8303cb642b5dba9cf3ea0b57e4717
Training/glioma/Tr-gl_0473.jpg,glioma,10725e50f1bcd1fc5777668d876a4d6ec0ace5ab5fa15e956d9201a7049b1a2c
Training/glioma/Tr-gl_0475.jpg,glioma,4d0fc86b7c2d1c5f208243760b6b346452fa3f0364e221a298e64ac342848fe1
Training/glioma/Tr-gl_0477.jpg,glioma,7735d17a4d5f88e79a26d296dd7417c90d9c0b81cee212cf0df855aeb63fb44d
Training/glioma/Tr-gl_0478.jpg,glioma,8788d2cecc794306d48647a8fca54dc470418e1bbb0bee635ff07f1cb9b0185c
Training/glioma/Tr-gl_0479.jpg,glioma,9f5821761e99d0a7b65a9592ff41efc69b07a6702c16c2f9f4c0b3a3ae5ab2b4
Training/glioma/Tr-gl_0480.jpg,glioma,d0fb8e0628582d0ab828edfd12b62abb47c5b443aa5112582a6f5b3203bdfad7
Training/glioma/Tr-gl_0481.jpg,glioma,525e5d1956e461e2d030fe3ce60bfc22ea9444ec9a37702183329b6fafca1271
Training/glioma/Tr-gl_0482.jpg,glioma,97aa95074633165251aad0add42c8c7138919cc5c45b918828f16e3fd5856458
Training/glioma/Tr-gl_0483.jpg,glioma,4000e5a5397c156cf04aeebaf41f4aa41c5cfe4f09db9e79ec054ccf1d7b64fb
Training/glioma/Tr-gl_0485.jpg,glioma,7920b628a57cf2cd7d628125c07a5539ad66073a483fd2e1726336ab23e27314
Training/glioma/Tr-gl_0486.jpg,glioma,786e139f91a3e06b6d0575a8fa28266d15dbbdddf1ff2c4c658941221042e98b
Training/glioma/Tr-gl_0487.jpg,glioma,67f00a255eee7527742f68f6f76e8b4ba70de9370acec5b07194326ebbde6ec0
Training/glioma/Tr-gl_0489.jpg,glioma,9d1ae8723191788b7c6c947da53d06541ec5c41fee9523ddeec67b04252384b6
Training/glioma/Tr-gl_0490.jpg,glioma,55d57d67623663339f96085b99d1a3b9494d881227874e4abfab0fc157b10488
Training/glioma/Tr-gl_0491.jpg,glioma,2e0952d17e7a97cfc28891a0fe24a3d1854680cbe0846d39d70b92f9037de7dc
Training/glioma/Tr-gl_0493.jpg,glioma,f74633b806c7b1ea21c0760dd955e3ae5e6a58fdeb72ad0d14723bbaa45c2f08
Training/glioma/Tr-gl_0494.jpg,glioma,26240cb8fb9aa727a6a77aa162d6323a8c292835f9a05cc6006b191606d229eb
Training/glioma/Tr-gl_0495.jpg,glioma,22e90c3dbdb61992cf8447bb04857cae0cecbb0b481e172702740cbef6a79b2d
Training/glioma/Tr-gl_0496.jpg,glioma,540c15acdcace165826da1fbc37a51ba8626d43ec3bdca585f095e00bec0ff44
Training/glioma/Tr-gl_0497.jpg,glioma,52213b640338654c3ab433eb4768745b56e91f2c00c4455910ab1b11d4c96b85
Training/glioma/Tr-gl_0498.jpg,glioma,993b656d3fbe67ad19924908fedd4daa21aa2e97319b8931a10cee8f3d8fdee5
Training/glioma/Tr-gl_0499.jpg,glioma,a5ca10c85461cc7a98eb087eb614a0064585e72a412d38bf7fc3c140b4ac6c55
Training/glioma/Tr-gl_0500.jpg,glioma,a5a3db92d9f0655c063ab56177e368695537a6e919d3ffb2ce375fc3e31cead0
Training/glioma/Tr-gl_0501.jpg,glioma,c5198b1d3709d567f807a76d236a55a1e9073f6ea37b8edb26c45f5894d7dcff
Training/glioma/Tr-gl_0503.jpg,glioma,61f0c9740571f6a37655f33169abc08951cc2eae20b23731c4aefdd50c1b379d
Training/glioma/Tr-gl_0504.jpg,glioma,64e58f14f328c06595cfb61178b9af3f401192b4c2dd230d768711b4ea302191
Training/glioma/Tr-gl_0505.jpg,glioma,f8bd9d8fbb84cfa2eaa00d08bdbc9c3f3f3980123b2e5833f041682a552ad196
Training/glioma/Tr-gl_0506.jpg,glioma,ca3951635e8dc4e44fe9dfff5d92f20966b6c46497a83e6410c376736cd9fae6
Training/glioma/Tr-gl_0507.jpg,glioma,6b21291e1de097d2faac1d77b3987e8aa77b517d75a6b66a842279503a9a29c4
Training/glioma/Tr-gl_0511.jpg,glioma,10892fbb038f7abe88f1baa52dfe33dde9c37f4e3b39bb68bc896963cc901350
Training/glioma/Tr-gl_0512.jpg,glioma,66502a931e76ee5b13a3b2f94e26785f3699a1d6126d2fc52037b21f8bc187d1
Training/glioma/Tr-gl_0513.jpg,glioma,46ef29a1f78801d5383a11d279f9afafaed03dd7718a572f631654e32b644711
Training/glioma/Tr-gl_0514.jpg,glioma,3e9632b9840776b1ffd81cd56b838d9e77313ac0ae0946edfe485d61b2178520
Training/glioma/Tr-gl_0515.jpg,glioma,63835ecfd236e68492c6f4d56653895939a43f74d0e0916b3d1e9968b7a3f869
Training/glioma/Tr-gl_0516.jpg,glioma,4bcf5a5d3935e7a29932985e101d6f79aade5c9e6cd5b06a55ec5c3aa602a64b
Training/glioma/Tr-gl_0518.jpg,glioma,a3f61b7298bbd6c7644d84e1542a55a12f03cd37b74a55c12314cc4ff4465882
Training/glioma/Tr-gl_0519.jpg,glioma,6153c0fa57b709ce929162ce1d40e99076f389a522240c815ac3cdeb413d5f9c
Training/glioma/Tr-gl_0521.jpg,glioma,11904dc65d8bcb3a36d8730878ab346972259a16419d320bae3a3cf8a2183e30
Training/glioma/Tr-gl_0522.jpg,glioma,770663e653ee48f4ac6ab197cf68c0e581b6f69980b751a0d231eee00c1c0988
Training/glioma/Tr-gl_0523.jpg,glioma,ddc78b7d45b94213b94810f19f92b1d0f650b900d0d2e660f28a730d749af004
Training/glioma/Tr-gl_0525.jpg,glioma,8de570d30b2e64113d7dbca54a144ab274d883ba1f1fb9b4757b70d9700c08f8
Training/glioma/Tr-gl_0526.jpg,glioma,f32a84cffb6520007744f647248bd5e6c51054ff7534eaf1ea1652a43a0f2154
Training/glioma/Tr-gl_0527.jpg,glioma,c8ac1686b30a537ace0dbb3d1e6368ac59733bdb478d2b88731afd3ab208a355
Training/glioma/Tr-gl_0528.jpg,glioma,53d1ea1067f2de417b9d1b3e968ccd67216660306878b9c90ac82d48e679731d
Training/glioma/Tr-gl_0529.jpg,glioma,e5053db6cb8383c58f2cd3717a6d92417b7b2d70acaa121a4e3b8fb79375f79c
Training/glioma/Tr-gl_0530.jpg,glioma,9b45628085ddfa7cba49525ed585f11b4ae87cf5e5b76437adc9afa47edbbd99
Training/glioma/Tr-gl_0531.jpg,glioma,a3e5500ec4b7d760a36cd20beb6272649d5ed75f54e561fb066ddf42f804b72a
Training/glioma/Tr-gl_0532.jpg,glioma,062c036dee812782a059f3d61742e5dfa332e113aef02556715e97c9b54f4a9a
Training/glioma/Tr-gl_0533.jpg,glioma,368138b86b67d9f003e33608154fb60d2db180e09d94857e709698da3a157826
Training/glioma/Tr-gl_0534.jpg,glioma,1839d53c5b824565477b6358523bf603ede575b35744e86dae87e31a4ff20530
Training/glioma/Tr-gl_0535.jpg,glioma,bcdc28dabb2574a4372551c1cd1ff51ae5ec74718213cb9de78ce919eaf532ec
Training/glioma/Tr-gl_0536.jpg,glioma,b10186ba9aa9508544b9ecb7a1821e6b4a25ccdd738aeb493ffd20904dca3a12
Training/glioma/Tr-gl_0537.jpg,glioma,c741de31e76d48ce0ee56a9c62ce192e9dbe1a3b04f6082ac9a0089be908104f
Training/glioma/Tr-gl_0538.jpg,glioma,6021a0b30e34064685a268e86acc176cbe50c7125ee9d499fad9de638b3fb633
Training/glioma/Tr-gl_0539.jpg,glioma,07539af553ad680aa427f0b8a7c3b27c09386b4f913d25cdb6e1fa6dfb715e14
Training/glioma/Tr-gl_0541.jpg,glioma,fef5e504b65317ce5fa04a8c71602eff87096a726c9f2b43ac226afbb65caae1
Training/glioma/Tr-gl_0542.jpg,glioma,2d2c23ff5febd0b9fe61efdd5f9c52231629b44d2aa3bd4c287954edf89c8d7b
Training/glioma/Tr-gl_0543.jpg,glioma,235463e769f5f62b1b4d7c1b7afb55688e0ed480cdc3020b3a8e27443212e617
Training/glioma/Tr-gl_0544.jpg,glioma,88eca485cd844c31363201136b0afaac7250c9ded387aaf6c0b6451b57f294fa
Training/glioma/Tr-gl_0545.jpg,glioma,fa64de048b26184a3c04f8a3d0f287b0f2a8c26ec74ccfa8a30a44ee7f330072
Training/glioma/Tr-gl_0547.jpg,glioma,f4608cb23bf7da81c0e4919232f843272a04a4e3ec1e33f2fc9b97a2671ab647
Training/glioma/Tr-gl_0548.jpg,glioma,75de6db8a6e76e8d33fa13bf756462f54f755e682cac55a0673f4ebbc4de4887
Training/glioma/Tr-gl_0549.jpg,glioma,d5559692807cbe9da28eb147207e9f367200945861b45dfec24145e499424a8b
Training/glioma/Tr-gl_0551.jpg,glioma,59d694deefc0beb5d26d52f8f37b8c3147a25408105ea5e2dda06b3fb85563b4
Training/glioma/Tr-gl_0552.jpg,glioma,23216b2f833e37b37909a9928b3aa263e837672301c8f7b10fd21362a697cb3e
Training/glioma/Tr-gl_0553.jpg,glioma,590bd63b745bcd14ad8d924ffd5fd7e82a6e0f94e1e95eafc6248d0e2f00dc44
Training/glioma/Tr-gl_0554.jpg,glioma,b8ba68d293e8ac29a36a7c4c44152e78d0864f717c30a32244469570f50131c6
Training/glioma/Tr-gl_0555.jpg,glioma,6fdd22dbd5850ecd2506c6c6dc868d18a94cb2cdf54d8454de5998388580c82d
Training/glioma/Tr-gl_0557.jpg,glioma,be85cc66ab65f9e9aeec5961455356fe6150e06f172239cf61274fd9ff13f468
Training/glioma/Tr-gl_0558.jpg,glioma,461c278e65baeba1a53e3a733677567ea389d81353f6ad9ec74d70018e3d1aef
Training/glioma/Tr-gl_0559.jpg,glioma,75b867a885b9bb9bb3b6e2d74038ff8dcde49857a22c8b0619bf1b56b20078f9
Training/glioma/Tr-gl_0560.jpg,glioma,3b500f02ad835c10898c77cbbe15078088b4ecc7623886aeb3c89ce2bd3340f4
Training/glioma/Tr-gl_0561.jpg,glioma,5669a1c10d78ba810edb4589312dc54f28f7c12ffeacda798f757ec2c787da66
Training/glioma/Tr-gl_0566.jpg,glioma,f3bb311e7c4bb45381d5aa9b826c9fb02f004599daba97e96b751dba854685f7
Training/glioma/Tr-gl_0567.jpg,glioma,23ce79c21b2560f36c2c5d571c55371211a4fb185cbf1ace627eb62927e54abd
Training/glioma/Tr-gl_0568.jpg,glioma,ff142df06aa2a075220b046053dd43cbe86d7bb016ad3c270879f2f46afcd685
Training/glioma/Tr-gl_0569.jpg,glioma,8bf3f5b8a9dbc61f0244a794db389d7d14e028e06d0e9cf97c74131a2c973c0e
Training/glioma/Tr-gl_0570.jpg,glioma,1ae07beac9ffff485a8d22e9609e16e8d4ccceaf5183003875cdab4ca609dd2a
Training/glioma/Tr-gl_0571.jpg,glioma,b9395b55527e88fbaa70fee7c0f504fffa3d8db8acf26e68b4f840f67267a499
Training/glioma/Tr-gl_0572.jpg,glioma,3e1eae7932e29e7730c5aaf88beae2ff3e59bb833dd82276290ba6d20d0a69d4
Training/glioma/Tr-gl_0573.jpg,glioma,010c57403f89a5c449e1a970875f435b9f2106cf8e8bcef3118849daa4b92cf3
Training/glioma/Tr-gl_0574.jpg,glioma,6c3bacbfab25c58337b110d89ec3a1fe1a85b59becb638b8788766ee9eda9326
Training/glioma/Tr-gl_0575.jpg,glioma,6b08c5b6614e0dfb1ef8e9205a84111f7bbc2d98f98b8a4795fc0cd4882743a9
Training/glioma/Tr-gl_0576.jpg,glioma,a249cbbfb08ed55032ee6ed9f63e82c9c564ca36659c60c5c29f5035d88ebc88
Training/glioma/Tr-gl_0578.jpg,glioma,0b9d79a5c69962bd8d0cc4ba3f36cf3c8d0561ae2ee51e33348ceae49a31610e
Training/glioma/Tr-gl_0579.jpg,glioma,23f6f5b24aa993918bdf9fdaea8a3fd815fb156d68498620802696848d405e2f
Training/glioma/Tr-gl_0580.jpg,glioma,6a3ed69b6a3ead5445d8fab81c81bf11a956773f470cd06dad7b29b890374a9d
Training/glioma/Tr-gl_0581.jpg,glioma,8f3e05adbe2b23299deccdcc522295b34f9b27cfe51bdb5b500ea2fc6da5438d
Training/glioma/Tr-gl_0582.jpg,glioma,72414ce262702588788eae69b41e592a142ef836303d00946e54c63b3e6e84ef
Training/glioma/Tr-gl_0583.jpg,glioma,976976f9a461d5ecfcbbeff9ad15a933bd9c5b77693415f1fb1bf8b81de756a4
Training/glioma/Tr-gl_0584.jpg,glioma,5771cd04eafc3c1b747b05c913d0ce828fe6f84282ce3c746493671182481094
Training/glioma/Tr-gl_0585.jpg,glioma,ad4875edbea142bbc8f58b3ec23a7e59e94b8bb883878d554b0e3a7162de7cb0
Training/glioma/Tr-gl_0587.jpg,glioma,de983d38c9bad6fd2c4dfa77ee654fa68481c54cc04083a2faef62d09772fceb
Training/glioma/Tr-gl_0588.jpg,glioma,e23803da6248c47874d9bb407d990d6414315456c34aa9c4ec382d898a8e2db9
Training/glioma/Tr-gl_0589.jpg,glioma,1873f55bf6f9659e89f19128c356ea328dac0394bb04f597f1f21e6a4795a407
Training/glioma/Tr-gl_0590.jpg,glioma,d5faa245547eceaff832fca9a4ae4e4f6da24ad61441b60d5d5792ed4630a84d
Training/glioma/Tr-gl_0591.jpg,glioma,8ec634304c1f6756353eb7d9d73d0de98dbb99ea747a53345971885b9aeda96e
Training/glioma/Tr-gl_0593.jpg,glioma,f512e58a017928f89e22d335c5ff4a18287d64df980f10ade341b26cbabdd487
Training/glioma/Tr-gl_0594.jpg,glioma,ef19755f716211c164a3975a5d2d8a16258773840b468a3ea6471fec6117661b
Training/glioma/Tr-gl_0595.jpg,glioma,8b94327c90fa2eadfa3e547379338d8df00bba4a6bd2f14f8c18e8a3dcafd20d
Training/glioma/Tr-gl_0596.jpg,glioma,3f6ee6cfe1fcb884cfefac6c7e02ea653abc6d1687eadad3fbc757fa7b40d5fb
Training/glioma/Tr-gl_0597.jpg,glioma,a0f027d8bc0b6c05e8e1d339cbb310fc69d79378b8f79d3fb38aa594f63afebf
Training/glioma/Tr-gl_0598.jpg,glioma,3cab74dba7ee28bc5f1569c50b25b37420d8fa4fdfe3cccba37edcd22ec35587
Training/glioma/Tr-gl_0599.jpg,glioma,5dae534b547f6de3f01606c1fcb192006e1705db0d920d8614382a625fc14e7f
Training/glioma/Tr-gl_0601.jpg,glioma,9d6abf48f4e72bafc9fac7fcf8deff8d24fd933781d9efd23b472688a83d1d41
Training/glioma/Tr-gl_0602.jpg,glioma,5dcec96ca17981a95541c7b59c80176b4955f634fa23bd43457f04672480285c
Training/glioma/Tr-gl_0603.jpg,glioma,6c92df545be3100048dc470ed373a2666be3a7bebd7a77a9e8be77e43b7ee8e6
Training/glioma/Tr-gl_0604.jpg,glioma,01dec92345187c9787be63c2e315e16faf75fc826c5d85e50d419e0037a70820
Training/glioma/Tr-gl_0605.jpg,glioma,2dc774b46da1e8419c8c46c0f74b5f7d3a9ce8e695066aa3112fdf8285472bf6
Training/glioma/Tr-gl_0606.jpg,glioma,bb29bc10c47c025697ceab474ee0e6483756652c3eaa111c53c67fa1fd888a12
Training/glioma/Tr-gl_0607.jpg,glioma,8a5051a89ee412cda0cf711cb2c251c16cf24b49a353f5c273080ae497a8c287
Training/glioma/Tr-gl_0609.jpg,glioma,272f2bdb7e437606cd32b618d9a9756244d38d51208d0976b390cfed3ce4334d
Training/glioma/Tr-gl_0610.jpg,glioma,31059d2d478c0b3e3f769757f983bc0cf90e0935d96abf4bf9b992fb38c6f935
Training/glioma/Tr-gl_0611.jpg,glioma,339c684bf539d66abb62bd5fc2de9ed3dc386dd9b96ffb9816d569ca195e7af4
Training/glioma/Tr-gl_0613.jpg,glioma,bbed35264d4e7020dc0245db45bd76b20a80784edcd243f28a32698712353db4
Training/glioma/Tr-gl_0614.jpg,glioma,77a6eb33bce57cf0b57fde3f2efdb0fc91e15aaaa6e5286c130ec8cd80d6b2a3
Training/glioma/Tr-gl_0615.jpg,glioma,77c9782512c567749dd6e05f89315ececd53aa2b619143b63ebe75ade6d9d503
Training/glioma/Tr-gl_0616.jpg,glioma,4de051103eeb30528b1a0d7c505d0b29bddb42b0c1743d0d168f871084e6c4a8
Training/glioma/Tr-gl_0617.jpg,glioma,7796f36e5252a617f68569d35433d9de48829bc58a28a53aca0fe3bbd3516180
Training/glioma/Tr-gl_0618.jpg,glioma,0c0a5a5adef4b837157f2343449dba15fc4ac204d71d55b98ffdfd9e77209a85
Training/glioma/Tr-gl_0619.jpg,glioma,bea567b2fe260ee9fc3450806b2a433eb875849181a47be97f6fd85fbcd163af
Training/glioma/Tr-gl_0620.jpg,glioma,3b7f23d8ba4ea92c5a26612f8220f3b8d76589a7f631d83b0df7ea749222df9b
Training/glioma/Tr-gl_0621.jpg,glioma,f3d9ae4a36bdb770093e018ee74eef5b2c53ed788fe2e8864e687f7f6d28abed
Training/glioma/Tr-gl_0622.jpg,glioma,3d877290f076dddc30e34995414ff9924538c83ee831f94bf5fd8d3736839319
Training/glioma/Tr-gl_0624.jpg,glioma,7a27ebe1f6992227f82772ced4cb95f6cfeddd59b0d755764d008796d6c54792
Training/glioma/Tr-gl_0625.jpg,glioma,42f68e51aa6304064431da33b71356dfd91171ad37262396bfb95e457e142da2
Training/glioma/Tr-gl_0626.jpg,glioma,efecfbddc2e72c7503c7b5e158f00743cea0f629a02d6eda3c79a6543666997f
Training/glioma/Tr-gl_0628.jpg,glioma,f5d87e5ce8e609b08979b9820fb8718ff92fb53f9c1b48f195b62c93cea2d41c
Training/glioma/Tr-gl_0629.jpg,glioma,a90d62387eaf78133f4b758b56feff5ed1ba72e1ccdb3e6b4fac1f97a0e4d89b
Training/glioma/Tr-gl_0630.jpg,glioma,5cb4aee2f9545283d8351b50c4367df5415344c38d825fb46b00cd3fdbf8f945
Training/glioma/Tr-gl_0631.jpg,glioma,942f498ea8291be9605dc4831bc7e60e6d7ca0be3ee911840d89101b93ac0e19
Training/glioma/Tr-gl_0633.jpg,glioma,58084d7d42fa016bce10aac8e63fb2cc9f02f74bf445f6e20b43e624ec0f47b2
Training/glioma/Tr-gl_0634.jpg,glioma,3172659b68ceef5a762bc5f6b97f8d584d529d95e4193e837248f2cd34c6435f
Training/glioma/Tr-gl_0635.jpg,glioma,b836d8ef866057d6cf17adfeb1cab7b779735614007013b42bfa18382a6d1e49
Training/glioma/Tr-gl_0636.jpg,glioma,c8ddf657964cc7ad45a25a18166d74ca4f7efbe33a400830a964897e7c81f54d
Training/glioma/Tr-gl_0637.jpg,glioma,8df6bfe23f6d54b2c4ab9f7e6b3cd1ec7782d1ea2c95e43535376cedb4a7ee31
Training/glioma/Tr-gl_0638.jpg,glioma,50491db95a5f010b9e10e616ea893c2e91720bc66f4b9d28dd191956529e7db0
Training/glioma/Tr-gl_0643.jpg,glioma,81c24cc912537c15222c56cf4f002436413146651e609e1ef8540c39cb1f7cec
Training/glioma/Tr-gl_0644.jpg,glioma,ed16958b5057a4fde31b6c0202848f7fcfaacb5222735f920b6e815298f136f3
Training/glioma/Tr-gl_0649.jpg,glioma,8b245de1481e2ecd6eaa16614bbd6c969b235b04703d10731f713d04e7b61116
Training/glioma/Tr-gl_0650.jpg,glioma,f3739fa03f29a2ea19c450359bb78d69cd45110b55128b1cc6d1f4a4c350d4e7
Training/glioma/Tr-gl_0651.jpg,glioma,a4b4a69e7d0885811e99b7ec0aa9aee7b73e217ad33dbcb19270fbc258bf38a9
Training/glioma/Tr-gl_0652.jpg,glioma,d37c648eafe20f6bcb55d2260b5f576d065c462db2ad23ae485a8cfb5309b053
Training/glioma/Tr-gl_0653.jpg,glioma,e120394769c9624cbe47f25d09cbb771e75d7e00390c4a62040e9f569ce242f8
Training/glioma/Tr-gl_0654.jpg,glioma,857ecf7ff7b093ad64e5b52ad5991c2ba4d54b06834d3f9f0819646ca67b2366
Training/glioma/Tr-gl_0655.jpg,glioma,cbc67fc0d6a7384e2bc36332a5ba6d559fa487200684d2db6f3720004be9a76b
Training/glioma/Tr-gl_0656.jpg,glioma,faa72e39ed56650610dc306376c3ba1d256359e2d31c0e8865a6e04f4741d190
Training/glioma/Tr-gl_0657.jpg,glioma,bcd63a5ef0ac7d076efcf228ad2367c8a818e71ccf94e29bd22ccec457c0e1ec
Training/glioma/Tr-gl_0660.jpg,glioma,d009577bb5909d6c3de292c221e9aa028b8fc5e354ca75407e8e48875367c5de
Training/glioma/Tr-gl_0661.jpg,glioma,1ae55718ad17a4f432982953733cd584a9af2c0641d34bc9873ac0b92e60c4be
Training/glioma/Tr-gl_0662.jpg,glioma,5ab39a7d0b5e205d6f707a1d26d1bd252c57800454d74095b6e05f814fcbff5d
Training/glioma/Tr-gl_0664.jpg,glioma,ba88bb1909c9a98c4e3b74fe014ae989c065276f8c3f6abbaa0986ba993f8f9e
Training/glioma/Tr-gl_0665.jpg,glioma,b4664b8d90022794e4db954e8a9a991f503a686e9634af62073dff4665f96fca
Training/glioma/Tr-gl_0666.jpg,glioma,4897525488395a2e110c7802c7e980acaf9e1530be1aadd38c7abd4b62093800
Training/glioma/Tr-gl_0667.jpg,glioma,e1b81e62ceb1b2dec67af52f601b5d8b68dcdc73cf995cd1e66880ead026793f
Training/glioma/Tr-gl_0668.jpg,glioma,f13f0f0e1738bf114dcfb9237a5847c826660de43b4ae35f06bee755610d3359
Training/glioma/Tr-gl_0669.jpg,glioma,4afab5c129d0763a852a2a692f08ae921ce0d1f56c1b0810e3f64553b49c711e
Training/glioma/Tr-gl_0670.jpg,glioma,6423207439a4043ccb32cc51e2142c0000254cf789be24a5eaeecbfb5a95e71a
Training/glioma/Tr-gl_0671.jpg,glioma,621eeadbd47c5541b81abc63a147e0ea468cd41a07e1974c6041a615622ad16b
Training/glioma/Tr-gl_0672.jpg,glioma,a0cffd0d32301bfeb769a24a5d9d1a1e76ed9ac4b1f40365a0928097446c69ee
Training/glioma/Tr-gl_0673.jpg,glioma,5538b7b91e27211d550c0baff9ca24f9d0a5912403314d6cee2d217c640754b7
Training/glioma/Tr-gl_0674.jpg,glioma,a4d8c8c0dffc1462a13d8490306b242a0d30b17b8e777cf41f4aaa2c1759f240
Training/glioma/Tr-gl_0675.jpg,glioma,a45d47d3297ff75dc9838a2fd7782022e7adeb1fdd5020ea18fd0c80559b8899
Training/glioma/Tr-gl_0676.jpg,glioma,f913107f0dae60b2d4c2fddb4a3521e82535e294a8d8b1c723ef7bf95d91bc88
Training/glioma/Tr-gl_0677.jpg,glioma,935725a604ff6ceb3547804403932afd6d69672de8a22da46ee122867389d976
Training/glioma/Tr-gl_0678.jpg,glioma,173d8a41a664af5e4999736730e4268342487f6a61d06d66a6444d1678a93afa
Training/glioma/Tr-gl_0679.jpg,glioma,095812e701d5aa1adfd1f679c6702b00ec00c9dd75522e9eb8be37f5fb9caf64
Training/glioma/Tr-gl_0680.jpg,glioma,7ffad3fdaaa80e72f1970a225756180b14146a0e53d0cf6a8c308f562501e737
Training/glioma/Tr-gl_0682.jpg,glioma,594616f87b2fadbffe0e154bbc408a8f3d32767029d5785438b6a961a2efa19a
Training/glioma/Tr-gl_0684.jpg,glioma,f06ca8638a927dcac447fcb997d0b3c3eaa83346c5773513a08d87eb6b1b68a0
Training/glioma/Tr-gl_0685.jpg,glioma,c720b9646ef07baf1aa53af76e20607b129bf61a310e836cc6508541deda32a6
Training/glioma/Tr-gl_0688.jpg,glioma,3bcd10d5e1340fa7e0eba7be43fe8235da6845e82c9b0877b41bfe87ab0998de
Training/glioma/Tr-gl_0689.jpg,glioma,d58f244d757dbb95ed4150676d5d0b6582d546fa08553c833d06df11e0d0d819
Training/glioma/Tr-gl_0690.jpg,glioma,362da07f9aa2d8acb31768bc1d90ef013317bba10cec416476c4e1fc806cc56c
Training/glioma/Tr-gl_0691.jpg,glioma,ea5b3c38211e7421846de399f6906d190f5f4de5b70db494ef6ec2242c7ef5b9
Training/glioma/Tr-gl_0692.jpg,glioma,0f5a2a1ed40455791a5f54dac0df3bdf8cdf1dcfa314120407f1b6e635c7b108
Training/glioma/Tr-gl_0693.jpg,glioma,dac0960fdce9b26e03e6c679c7335053b356a8b0191811797b0788c0f164cc02
Training/glioma/Tr-gl_0694.jpg,glioma,a91b2884cf242230dd0ef5de2e64f8021c404060532d10f498a184f51fe095ea
Training/glioma/Tr-gl_0695.jpg,glioma,f35cd05279c4fa37b8efd728923b162a35be45eefd0b47e2b8f76cf69a55580f
Training/glioma/Tr-gl_0696.jpg,glioma,ee9036fddb23258b41587f7eb99d87761d0570f2a776b83795148f3a4fabcd7e
Training/glioma/Tr-gl_0697.jpg,glioma,099256a97d4847567de58e018cd692cf1472d3097be48a9811c48b73a2c89c5f
Training/glioma/Tr-gl_0700.jpg,glioma,4a712076f2450c26a628f2c6dc9745a76205cbea10aa36288771a6b335a5b036
Training/glioma/Tr-gl_0701.jpg,glioma,79385ee2ae54ad7ccd33b0904bcfad8f60717b575a9042cb718dafe957db9a25
Training/glioma/Tr-gl_0703.jpg,glioma,622c7c90259426ee6082d8b2201376ef12d8d7906d4eef0a657b5d6c3a5224ab
Training/glioma/Tr-gl_0704.jpg,glioma,49c20e434d16b0f9ca7cfbd700c8d00153693c4eeee8067688049d22281ece65
Training/glioma/Tr-gl_0705.jpg,glioma,ec64e15f841eb6f3830790ddcc2cea63f83bf275d0f539be83d45f56947beea4
Training/glioma/Tr-gl_0706.jpg,glioma,4bc25a7234335be8b1a632180e621bb5fbbfc2b104bd4ed7f9e58d74e489ce62
Training/glioma/Tr-gl_0707.jpg,glioma,374d068b66103a3013217de61f444db11afe1cfb14171331b81305ad0faff36d
Training/glioma/Tr-gl_0708.jpg,glioma,c5faaff1c2b3301c7f56705d0addec3831e35a49522542f03625bbd59b0ed9d7
Training/glioma/Tr-gl_0710.jpg,glioma,3ad1a0fd794fb9fb022bbf55ac75eb3912d8292a4e91772f2c3f779b76f1cae8
Training/glioma/Tr-gl_0711.jpg,glioma,4d4b0731c47ddd4584b3bbfc6832c62572376293f2ef7ce0ef26c019cdc474bc
Training/glioma/Tr-gl_0712.jpg,glioma,eae328cb5abb0d7fe2f7b070171147d998865b5c8291aafa772c8ff7dd4ad5e2
Training/glioma/Tr-gl_0713.jpg,glioma,7dc81d821334afd848a2fd1754cb8fb1d479a15d80dc126b5d66c4b8013cb3d9
Training/glioma/Tr-gl_0714.jpg,glioma,1c9cbac16fdfee295e2110d5bb877d96e6c7351a4621e7e421fc1eea4159d414
Training/glioma/Tr-gl_0715.jpg,glioma,aec130cbaa7c60d52c4e637f85fcaac235e6e4de23f40b73432b97f8dd27f779
Training/glioma/Tr-gl_0716.jpg,glioma,66357bf2face3cdebe352201639160e8beae2c595844d26267986ff313c8bcd5
Training/glioma/Tr-gl_0717.jpg,glioma,6e30bfda6207bc415399d606737f7199bd2b8ffe8271a8de3affa4910e31fc86
Training/glioma/Tr-gl_0718.jpg,glioma,12fb8f2c6a8cc7cf14a168f9d7511e183ea07686b8e597cf7cda6a4de0c8163d
Training/glioma/Tr-gl_0720.jpg,glioma,e44e455d0ccbc9af6feaae5e0f44d2f45cb480a5174d66a13f491464fdd3b3d8
Training/glioma/Tr-gl_0721.jpg,glioma,8352602a8da56d20399496122302aa61410446fa02ee759ab485b89b5531fe1c
Training/glioma/Tr-gl_0722.jpg,glioma,6047e748651887e472a49b1d88466834342c5ef37dbfe6b468bab7c43dc78627
Training/glioma/Tr-gl_0723.jpg,glioma,acc3cbb4af767cd31abe47ab7fde559c6260947f7e67ba1dbfb4c773581a591f
Training/glioma/Tr-gl_0724.jpg,glioma,b444716305314ae067cf2221fac928c830735fc2b3a3247468864252b2f410d7
Training/glioma/Tr-gl_0726.jpg,glioma,547212ee69eefa34d51951f465517ead1a2d56e4fbbe9f5c1f687c9bd2ee21f3
Training/glioma/Tr-gl_0727.jpg,glioma,786d0b07d39f09675e9f18df8b1d7d113de6f8f2e8adc4028f61e364b96060df
Training/glioma/Tr-gl_0728.jpg,glioma,82f40def618ad530ceb715478291d65e0ad0b86b843acd4d5bba4414c375b523
Training/glioma/Tr-gl_0730.jpg,glioma,5ca71aa88abd89721f64e3107ebe5e047553ebf2bc3f06f0de1b7ec09c5f8602
Training/glioma/Tr-gl_0731.jpg,glioma,f7023a245bf0285e63f5f89fb56c8167d105ee5a3b3f38d56d475955d4e2b323
Training/glioma/Tr-gl_0732.jpg,glioma,648e3d7215a5e2fde7ec2c6e6259bc278ef099c224132f1e79299f6cf55e8054
Training/glioma/Tr-gl_0733.jpg,glioma,7f74e6e8d3ffdf1f8c9817dc03cf704002c6828ff0f9cb7004177500549df98c
Training/glioma/Tr-gl_0734.jpg,glioma,aeae1e79c821ef737b24f288bf125e8112ae2b6eabcf85e8be58085f6b2c0718
Training/glioma/Tr-gl_0735.jpg,glioma,2afc9c088f3480c8706693fce83937948aed2d1b7f9ac2d3905a67463707e74c
Training/glioma/Tr-gl_0736.jpg,glioma,f6b2110e2dedc4fad30bb3c81540cb8f6f4a91ed52349c4259a943a045b6c19c
Training/glioma/Tr-gl_0737.jpg,glioma,8fe180f7cbf41345de48460e24ea4aa4eda16d4ea1f72117b734ceda7d3a0b3a
Training/glioma/Tr-gl_0738.jpg,glioma,0962be3499ab3e6658facade679ec1aab5565260dce9c9b5e600b52b64577afd
Training/glioma/Tr-gl_0739.jpg,glioma,e0f41ba8781792d5929faa044f05bb00f744a1a457030c7ed39bd1c882d6efa9
Training/glioma/Tr-gl_0740.jpg,glioma,4a595f937a3283899151addfd7b471801ca796c1f34ba14ecc184e3904a3adfe
Training/glioma/Tr-gl_0741.jpg,glioma,c2e17c9b89fb6600a973e24e8ccecefa8ee1376053efb05cde5450d73e3f116a
Training/glioma/Tr-gl_0743.jpg,glioma,a4c5bb886c3cfa9c19100e963c3df3db233a809e2705b39892b0a13b59b01a04
Training/glioma/Tr-gl_0744.jpg,glioma,2ff19bef16c94130949de43ee8dacba0a960bd3591412a54b6211de82132b0ce
Training/glioma/Tr-gl_0745.jpg,glioma,7c9b503d8a43cc4b745a15be205d279289f74b4951da690cf9a138e627e98bb4
Training/glioma/Tr-gl_0746.jpg,glioma,5030a81e946453f7763797bfa5fc0f748f40cb6c245a25d25e0fe13608e71567
Training/glioma/Tr-gl_0750.jpg,glioma,e192b9108ccaf68b8bdeef25be623ecd6dd5ad120ec6416544e4fb7cb25ce0e8
Training/glioma/Tr-gl_0752.jpg,glioma,ddec9f38857d04a82be39f61a91eba32d99e1c3b9081787158673dd0b03dfa80
Training/glioma/Tr-gl_0753.jpg,glioma,48cd44beeb8d1047ecf8d8378df20b2e98016b3df24f47531ce37e093a3157a5
Training/glioma/Tr-gl_0754.jpg,glioma,01efcabecfbd8b570cde2bb44f8ea7d5f6beea33e81348d6022ca4618c6e6541
Training/glioma/Tr-gl_0755.jpg,glioma,764d1295159f74760c4695f31e384489822e72b946df70bb3c1dd13e0e0095a9
Training/glioma/Tr-gl_0756.jpg,glioma,8dfab7ca1bc3729df9e500424fa51d9e44d527d2179ec10f56d6c3c8d5c6c34f
Training/glioma/Tr-gl_0757.jpg,glioma,8835d88b5fc5f78a7f090b86e46bb6e78cd4d73d8c079e57b2d7a49e838ad62a
Training/glioma/Tr-gl_0758.jpg,glioma,1308b2078ae8de0fc265d08c0e704109245fbc9e4dc2ea80ea960c1cf65386dc
Training/glioma/Tr-gl_0759.jpg,glioma,2e5ff28bf1776b9da0e91843d2d41c1cabbe8572eb0ad2e8981e6243e25464c9
Training/glioma/Tr-gl_0760.jpg,glioma,5f9fbf001db65a473d3047e5e0228f4a4009b4f421b2fe9ca7b6fe386621b88c
Training/glioma/Tr-gl_0761.jpg,glioma,c0e3c88b598c6603999eca375744bb80982a8790ebcd8f75180c3bd245e2608e
Training/glioma/Tr-gl_0762.jpg,glioma,5ac3fbd85891bf49b4c337ea49d7f382698f960c046a3db1de408a9b2998621a
Training/glioma/Tr-gl_0764.jpg,glioma,6277d7b752bef17a567565d0078e07111ade8b3365c1f2d4ba3839b04e91a6e3
Training/glioma/Tr-gl_0765.jpg,glioma,353f099dadf83677f2f583aed2f499484dcecc9c352107cd4ef3190c83f861ff
Training/glioma/Tr-gl_0767.jpg,glioma,59bd1f9c9b39d6914450e652be61572aa67e3e52f9b565ea1d584be9ae487124
Training/glioma/Tr-gl_0768.jpg,glioma,1c32fb2f7e134c0c8ad3350d7880a1932e38b4930b52db6cb6806ce303ed2df9
Training/glioma/Tr-gl_0770.jpg,glioma,efa6cb8d93961598deb3931568d2a946cd18e8240218032eaea0dd1343c016a4
Training/glioma/Tr-gl_0771.jpg,glioma,bc6c65d0d2a8b6abaf2b0dbab2f06d338bafea4743fb38181c28c41974e17e54
Training/glioma/Tr-gl_0772.jpg,glioma,6b7f500b517288e45f4701d154161ab48f570068974b92752ab8709447950703
Training/glioma/Tr-gl_0773.jpg,glioma,3b7b3ee8c1b828b249ec8362b9163258552263f98c9e817f928a0c7203864e54
Training/glioma/Tr-gl_0774.jpg,glioma,5b2e0e519c455318143f5ef7dace7287eed2ba0d5e434d99999fcb79b3b8b8be
Training/glioma/Tr-gl_0777.jpg,glioma,9095cee93716b9f1190e47ec076bb6edb28ae1e0dabac0408577a810ea782fe1
Training/glioma/Tr-gl_0778.jpg,glioma,d68402b87b9ec58d8a2c0cbd2beb7dcdccb50ae47e6dd6fe61d04fb51d7d68cf
Training/glioma/Tr-gl_0780.jpg,glioma,6d4ca73d883aeedbb66b18e8a3a9244a2bc777abae38eb45def1cac49be2e53f
Training/glioma/Tr-gl_0781.jpg,glioma,82d7cd331a0f76ec76c8bc2cba417ee988b0aaea9a9f84f418bf395c43c0e6e0
Training/glioma/Tr-gl_0782.jpg,glioma,4d19ca77379f583f8bb338f3f637780c2b44f0195c85a94ca91478e595b18226
Training/glioma/Tr-gl_0783.jpg,glioma,e2bf8d557bf4edf241754302e52daa44167cffa7d9edf9aa9645972fb309aee5
Training/glioma/Tr-gl_0784.jpg,glioma,c9a564c664538b58e25bd636c0adcface0218773748d14d008c27154926ad251
Training/glioma/Tr-gl_0785.jpg,glioma,f5cd9a2ff7c5a56e14c95c8759fa99dda1263b43f0b9f313537a2a41e956216b
Training/glioma/Tr-gl_0786.jpg,glioma,797da5b7397289ba058e29216667330f37c8ce586e1576b297e51d18786228ac
Training/glioma/Tr-gl_0787.jpg,glioma,514ea41d3e9ec529604a8ab1d18d8d31e5564bc4e58476f1701f79be142ab543
Training/glioma/Tr-gl_0788.jpg,glioma,7e5a8bc5f4737b1aed15e019c7aa6cbfa781fdb4ae512637fb5e919567ff575b
Training/glioma/Tr-gl_0789.jpg,glioma,c76262afdc9ed2d864cdd719f0cf362cfd96bab550fed7fc120b763180d88c55
Training/glioma/Tr-gl_0790.jpg,glioma,4772f5ef60724b24e4dc2251a9969159601e68019876552db3497b125b45ae30
Training/glioma/Tr-gl_0792.jpg,glioma,696c4af2f133b6bebd8ca61910e8e526681e3cef3c4259763dcddd6ddb68e90e
Training/glioma/Tr-gl_0793.jpg,glioma,b64dc2d55d37c2bb6b27d38b2b42a15d65c9e1e13b85a5a319202b9abe5b3bb9
Training/glioma/Tr-gl_0796.jpg,glioma,e91e724df60c0f8693754373178338cfb1c7d2eb9c56c4dd0f00499df2f3e249
Training/glioma/Tr-gl_0798.jpg,glioma,84706e9ed0c156bb9c26792dcc3db73aae2950942eab52fd59fc3937fb82dd7c
Training/glioma/Tr-gl_0799.jpg,glioma,ddba259daa3fbf770025cabff33c6d1dbcf98d3bba41c2a4e5b832959e748bcc
Training/glioma/Tr-gl_0801.jpg,glioma,fc89077441b52924cbfefcc639fb095644ea996bef6ebde2e84e81cd8be51852
Training/glioma/Tr-gl_0802.jpg,glioma,fff155b71a6210747d86534028234a0ceb653c43a699bc73dca79c2ccdee24b9
Training/glioma/Tr-gl_0803.jpg,glioma,f4c2c43b22784a160acb8fab9540ce269910d6944654e1b1081d8ad4e8e60dcb
Training/glioma/Tr-gl_0806.jpg,glioma,bb1da64a8aba9ce85e725c7a9abf54b8ed1136b6b699d391d53a6e3e9c4cb4bc
Training/glioma/Tr-gl_0807.jpg,glioma,c54a9500f34607ac7c3b1bc94e5e860dc26a66406ace7bcd887f77965a708ca1
Training/glioma/Tr-gl_0808.jpg,glioma,39e358477374a50436c2736593dc5cc0d9992e7eb507fff20ea4685ecdeef0ae
Training/glioma/Tr-gl_0809.jpg,glioma,d090e82a0ed00681579ebd2d00bd2f1da4924f3ed5c3aec09da15282c5acdbff
Training/glioma/Tr-gl_0810.jpg,glioma,149f5df9f742b5ef6c87399100a2fab7a3de0dbde475da2da7f3fa261bbbd54c
Training/glioma/Tr-gl_0811.jpg,glioma,2fe9e7ae44292cb1e09ed72f3d2d7da76b67d7432d7c205d3b537ae3291a3c8c
Training/glioma/Tr-gl_0812.jpg,glioma,72d1733ec5078517d2c294c4a8120df155d0309955ae52c0b0aa56213bf0a882
Training/glioma/Tr-gl_0813.jpg,glioma,7cce6b2c06af70da1bd72c8e08f82b992bd19a2b739464bac6b1ecfe3d02317d
Training/glioma/Tr-gl_0814.jpg,glioma,75ab36c9c5f94f6c29ea4709721e8b953d87cfadf6e51cffa9235744c5fd02fe
Training/glioma/Tr-gl_0816.jpg,glioma,96bf92fdb9d4fabd1c5a4a68843b5d733d751910730c99ab72889d4e5fafd135
Training/glioma/Tr-gl_0817.jpg,glioma,e7614392d54f37bd2567e68d2b21489f94ae3add8e338e2ac0ea55ef17ce31ef
Training/glioma/Tr-gl_0818.jpg,glioma,766cdc0abc84c0e4be014803cd7991ce101d0270f07883fb8c9e8d213c2903e4
Training/glioma/Tr-gl_0819.jpg,glioma,d0cdf1eb46024aea340fcfe0070d95288c90c9d1f4de2b51e0ebc5265a6d0bda
Training/glioma/Tr-gl_0820.jpg,glioma,d4d71f8644b39a0d6965aa5f231cca2c7b5c27044f99f784a692acbb45b7c2f4
Training/glioma/Tr-gl_0822.jpg,glioma,8bf21259fed8856c34f226a3c53a18366ee3527c8edf0aa8aea5da9bc3db8cc7
Training/glioma/Tr-gl_0823.jpg,glioma,4ca775ef72d891928b09848975c182910cbab540a33c18cdf4ed20b145cdeb15
Training/glioma/Tr-gl_0824.jpg,glioma,1c43ea5a3bf0e75e7a3efcd121d2fb12fb5d3fba69bef6382fd2325c8fb0a6a8
Training/glioma/Tr-gl_0825.jpg,glioma,4d3506f55b9534015f4ce41c8b9cfed12d3187717a2a5aa554efd660794e71dd
Training/glioma/Tr-gl_0826.jpg,glioma,0682b355743b11e6b4ba14873b0d8aac2977a52ded346896a0d8574f1c1521a5
Training/glioma/Tr-gl_0827.jpg,glioma,4f5607ef1690681bd81330df0ed15ded60994bd263506b370d84256457f75d1d
Training/glioma/Tr-gl_0828.jpg,glioma,a83d47f6d31a430d0d7c5b040300050ca7ba422c071ee75c0b8f56bf660a9f7e
Training/glioma/Tr-gl_0829.jpg,glioma,089d8e0fcf712322b09407e7d7166086d56a1181539a8116406bb98b5ba26efc
Training/glioma/Tr-gl_0830.jpg,glioma,0e4e68db858c99a0e72ec857e186cc5a9677ca48fbfbbcc03591b50ba9dc6d88
Training/glioma/Tr-gl_0832.jpg,glioma,f22d34526a62a086a9635b75e0b9dd382278ae51c189dcfcfac2869aad8fef63
Training/glioma/Tr-gl_0833.jpg,glioma,efbcc92b705c437393f96ec1761dd5c05d54de7acb441844216308198f3b8cc8
Training/glioma/Tr-gl_0834.jpg,glioma,1444789d7060743729c1f1839f68a466d55baf2e9acab75c66f1248039373d00
Training/glioma/Tr-gl_0836.jpg,glioma,c5d72673d8fb92b618ef1bb2b70033415e8903f158984d0bfae3c5c995fc5406
Training/glioma/Tr-gl_0837.jpg,glioma,5d6b27b045dfbc3910f879496ccc303fb405b79f6cd312e7a261568f61dad2e6
Training/glioma/Tr-gl_0838.jpg,glioma,c7fb31316de42761f7df4391e53d1eb9ed28b07787b2b6fe263a74a1ed911829
Training/glioma/Tr-gl_0839.jpg,glioma,3f2be81791b4ce7568fdd611bb48665a5f76bef7b583894517b805fdf56e1528
Training/glioma/Tr-gl_0841.jpg,glioma,504ef33de792c998c3c8d57e8be2f9b9dcac76abc57b843899b74c84f3c58548
Training/glioma/Tr-gl_0842.jpg,glioma,e7d18d932902844ce8dda2e20453e44b7403c53ec9378a978e98047ceb7619dc
Training/glioma/Tr-gl_0843.jpg,glioma,35cf8e8124f421dfcdfad84fedde9c01778c2f47e4a7a9f9a932a9ed72b59386
Training/glioma/Tr-gl_0844.jpg,glioma,25214dc581fbca9524d0db52423bd862a25945164b59d31d6cc1a49617a3c84c
Training/glioma/Tr-gl_0845.jpg,glioma,b50520639cff95eb47d12052ae19fe621805e6f1d08e0320e78eb6961e127bb1
Training/glioma/Tr-gl_0846.jpg,glioma,a5540b0fd2bf3c50a8c7584bed4da073d750c87f3cd928c563bfe520ff3e1f65
Training/glioma/Tr-gl_0847.jpg,glioma,4e543c1d7bfb2c873e74d6fccf06e7b81ba0f13cb7c5ad40ab01e6ab4369170a
Training/glioma/Tr-gl_0848.jpg,glioma,d754f57bc9ecd0d0796321bbd957802e87dccb4187f9e5caa35ebbee20944b18
Training/glioma/Tr-gl_0849.jpg,glioma,79a1b21d7459078f1f4ee2e2ccceff940d44b3309cb1e04e8ee4970dd545f7dc
Training/glioma/Tr-gl_0850.jpg,glioma,31a86da687deab76bb178da80902dafb484e5db73324be3a6dbe8c252728b2c9
Training/glioma/Tr-gl_0851.jpg,glioma,f32ddc1cdc16a03e0536776bacfba67d642d0dd8e43bc9c42339a02321daffdb
Training/glioma/Tr-gl_0852.jpg,glioma,6de70bf606e023da70c47b35485fab22da5217305b21865bde941c73adea485c
Training/glioma/Tr-gl_0853.jpg,glioma,3fd896730cbd7d870998082bf093ebf94ff9234ba704410c63d8fb3385692486
Training/glioma/Tr-gl_0855.jpg,glioma,7c3df8a98ef51f9afa4bcad4d8bb7b9830f9e982207f0b7c2d2001ca2bd10cb0
Training/glioma/Tr-gl_0857.jpg,glioma,80b0cbfbf913c4414e6f315da99b0b4d16e7f22fb18caf901b3c075452289b35
Training/glioma/Tr-gl_0858.jpg,glioma,f291633e2c43f4ee589e0eb3fadb42a9758a8a3ff4ef54a08897601eb3145227
Training/glioma/Tr-gl_0859.jpg,glioma,4cda224c212f84b7c077e0c2bb7d7d84a2db8b1110b0f17e6bd841429bebb6eb
Training/glioma/Tr-gl_0861.jpg,glioma,b01b7f5db0877acc80e380aacf63cb62e5ed4db59330faba2bb79b7e8e02fd55
Training/glioma/Tr-gl_0862.jpg,glioma,76fc49720429ab09f9f123e5fbb95909491295bad8c29555632a49129b51294f
Training/glioma/Tr-gl_0864.jpg,glioma,d8debe55f1124959a5bfeb40ab42b31f116b0b9b4babd622a3313043832c3430
Training/glioma/Tr-gl_0865.jpg,glioma,ccbc6129652db7e957fc2c8e535dd7ecbe9f46d64bbe5ba44917b9410d88c44c
Training/glioma/Tr-gl_0866.jpg,glioma,8f50cffd4b7b1e4a2f497dd529c824a7915200babe5a8dc39093f3e4dc87b0e6
Training/glioma/Tr-gl_0867.jpg,glioma,38cc4889151a9b4feec8a92e291b0598fd37374fa7f75d951ea3045619587729
Training/glioma/Tr-gl_0868.jpg,glioma,d662fa5e41a39bf7de8058829dd5678d07043381183588bd9042a8b6059b66e6
Training/glioma/Tr-gl_0869.jpg,glioma,f34968b7bd727c74d2d2bb4079d4a3c6926bf7c8a2ff51f34dbc9a8412a6c4ed
Training/glioma/Tr-gl_0872.jpg,glioma,8d872ed6256067b8c80fb2d0f60cb36513116ddafe07e821deb0c673e13aa6ea
Training/glioma/Tr-gl_0873.jpg,glioma,9c3e7991aa6ff882a971009723e952e8be5ed59fc9aab65fb54df4a4c264b5d6
Training/glioma/Tr-gl_0874.jpg,glioma,8e882a775f1f207dbd6073503f38e5bc5803b9edbeb3d6cf066fc746f2fea57a
Training/glioma/Tr-gl_0875.jpg,glioma,920a89cd74bf89b051c71a16fa6739cbab278256400ac27a28fde13cfa08eaeb
Training/glioma/Tr-gl_0876.jpg,glioma,7d1b82b1b425040aef110c27e61814bbf38edb392cabdc77396680ba682053a2
Training/glioma/Tr-gl_0879.jpg,glioma,0034cd2e65db88276e566890683873a175e7b3fc68089dc933a559599fdbee5f
Training/glioma/Tr-gl_0881.jpg,glioma,86b49602c31c6e9e4a91805e2c17f80352afee001644e3de702a8e4da3dbb67d
Training/glioma/Tr-gl_0882.jpg,glioma,b52b0870e1302cfe5e4d4f466705893466717083d1d2bb3d831185c898fe8992
Training/glioma/Tr-gl_0884.jpg,glioma,0bdbd0ca07b1f68d4de889077afc7f21d06f2dd8453a74546e16a705284462a4
Training/glioma/Tr-gl_0885.jpg,glioma,319573b2b7dabf0b32047cbf732c71320afe5689a54d6ba13609b44870db1cdb
Training/glioma/Tr-gl_0886.jpg,glioma,8f7db54485a24879e7849809fdba3627c525dbb79d6ee6f71960715a86b28f71
Training/glioma/Tr-gl_0887.jpg,glioma,bc7319f86d26c6da125552af3fd91a9d1ecc80a2d63fb666c7b4fc2134e0424b
Training/glioma/Tr-gl_0888.jpg,glioma,f5713cf0fd1e1935d56a264b6d4e9a3a753d1fbecd00265a71bb1c7c8b0bc1b2
Training/glioma/Tr-gl_0889.jpg,glioma,b43b0f51d1da727e95812c1f486b5212cdcab3421e839bb77cb74b9a76994e72
Training/glioma/Tr-gl_0890.jpg,glioma,6a852dfc849f11f416c24e28a9042e7f0ce56c6db6c2b3e84154d84f2abaf3ee
Training/glioma/Tr-gl_0892.jpg,glioma,e63352086e283c867f0636a3e18b92ff1419644dbbeb7fcdba7b31cf83e511d3
Training/glioma/Tr-gl_0893.jpg,glioma,a2e134fe6aa71dd3f59d349269d123ad899832eec834f5a7d7a7b34fc79cf54a
Training/glioma/Tr-gl_0894.jpg,glioma,38600a90daad7ea5a93951e8ca7874d162ad0d077878a0365a2d51890528660f
Training/glioma/Tr-gl_0895.jpg,glioma,ba97fcb7e7995b9773379a64626fbb5d354908d8cda5b2cbee9c9678bd4e1a31
Training/glioma/Tr-gl_0898.jpg,glioma,7f16387960a7091b9dd40b3d320dc94a89770925feaa00fdb269aa08729b38a3
Training/glioma/Tr-gl_0899.jpg,glioma,3d37756ea954f772947a4bc52cffc0efa8a249fcb1ea1a91715539208eeac143
Training/glioma/Tr-gl_0900.jpg,glioma,7b8c2900f6f891c881254b074aba9d122263d179fb5b99252fc87132501384b3
Training/glioma/Tr-gl_0901.jpg,glioma,a9a22fd52fbe2bc8c379623ae9596f2d76e03bb3c89c20247f1900de74331647
Training/glioma/Tr-gl_0902.jpg,glioma,892ccc1528f280591c49fffdbf0f2c0b6fb1b3026f14e038db1439bf22bae7ed
Training/glioma/Tr-gl_0903.jpg,glioma,655d0d7de0a8f2775be9c959619aef947d178e07739e6bda45d2cf8ef22d39a1
Training/glioma/Tr-gl_0904.jpg,glioma,a5177ba695e5566477c5803d72cacfba5e9db9d371c2de3efac547aaa0ad6407
Training/glioma/Tr-gl_0905.jpg,glioma,ca53d6b5a862ed6bb62b114729a09d1070750b8a2f436f787ea06819908f7a2f
Training/glioma/Tr-gl_0906.jpg,glioma,52b07683ffaa004d90a8eb701d33a3b6925385a8a7f163a2a2c3beef3cfbc97f
Training/glioma/Tr-gl_0907.jpg,glioma,3e20174c863f82d6d18e3a11f1b4926985c33fa1731a8f3b342007a1a799ef2b
Training/glioma/Tr-gl_0908.jpg,glioma,92fe7fa6bc53c30c0c95114ef31889d7eacdfc9a28774e41363f349a3ee46760
Training/glioma/Tr-gl_0909.jpg,glioma,ec3c2b7662ca5ea01ed863964712d3ce1ce1152e01c0868d4fdd92589f7df36c
Training/glioma/Tr-gl_0910.jpg,glioma,bd9e2dd3904b073d55257704ca62488521a48a72cf0b8e85fc9229b28fc0ddcf
Training/glioma/Tr-gl_0911.jpg,glioma,f757f8405e888f996bd3d8d91c9cf4c5effa5959955fd9008fd3bed9ad7d48f2
Training/glioma/Tr-gl_0912.jpg,glioma,597e2e62ffd9302440980aa1d4935210c61b599da4d55c51d766e42a2faa192f
Training/glioma/Tr-gl_0914.jpg,glioma,30aaf9753fc3dd9b0ad479f56e9dd39162675d4042f1ba34431c784bb15abd72
Training/glioma/Tr-gl_0915.jpg,glioma,d28c13b9666d467bc75fb28464cff5a741da2502831878edc613123f4372ce98
Training/glioma/Tr-gl_0916.jpg,glioma,8750e005f5a056f19720c759d295494bc763f368078702de20e93561d116e0e1
Training/glioma/Tr-gl_0917.jpg,glioma,fbe4bb2ab066e73a0ce5c8c95434db76f9647c757cfad2a03a7b5535801a788c
Training/glioma/Tr-gl_0918.jpg,glioma,b09a4605887ecc2b0ec05ac33a50e975b786d296f7aad08e9cb83c76fda6b577
Training/glioma/Tr-gl_0919.jpg,glioma,598fcec5286130b859dcffcc01d4c917b9c1691b62fe0fb56ebcfbff410fc2e4
Training/glioma/Tr-gl_0920.jpg,glioma,7e5c75e753400202c2c07623ca179b26c1a5ad139adbee1288c39603b0bbd417
Training/glioma/Tr-gl_0921.jpg,glioma,88b2a7e2adcc2f9b23ef908bb3063f2585068b350ab86a26f32fb3ab02667553
Training/glioma/Tr-gl_0922.jpg,glioma,102f6f8757b09499869518a69a069da525e232871a9b3d7fecd942f31dfc2c9a
Training/glioma/Tr-gl_0923.jpg,glioma,6bd25d7590dfe327aa5191cdbc360a84d97c78ad70ff040d8d17061b3e4446cb
Training/glioma/Tr-gl_0924.jpg,glioma,ff0d52dc161d0c27cfdf15b01f5ed17022df5797e04af474f06c2048cd69d966
Training/glioma/Tr-gl_0925.jpg,glioma,01b179180d59fcecce89e0cef642723566a22725b68fe2614112df65086d6fff
Training/glioma/Tr-gl_0926.jpg,glioma,b3e2682cd5ec24c8d12508f037ecc5b746d00a394d355e293d1d1c83a08fccb2
Training/glioma/Tr-gl_0927.jpg,glioma,c940abca2633f25af0204c30a6c4cade2917ec4d7bc07f345b109d45bb31c960
Training/glioma/Tr-gl_0930.jpg,glioma,4119b1153891c6c0d358673bf0ac190ad3e370b92636ec34acad1acf16ecfd85
Training/glioma/Tr-gl_0931.jpg,glioma,01d058bfeb23f73a71cde96d01a5449d4bc7d07c5459ee758ab0c4c78013e824
Training/glioma/Tr-gl_0932.jpg,glioma,eef45c9d6471fce958e9c91a487a844b6bf83acf60dc247c66f6d06f2a0bb77f
Training/glioma/Tr-gl_0933.jpg,glioma,f008750be3c54192fcf2916d9bb141384a220b8941998a4f175c49af731368fd
Training/glioma/Tr-gl_0934.jpg,glioma,167646ef0dfbc5b3643ee6b2ebccb51ab9f7f8287dfbc66b908265d4cffe59fa
Training/glioma/Tr-gl_0935.jpg,glioma,3c6d0a1251189228550a435f2700daa8cbd3806b1b7d1f2eb5b2670f45eaa317
Training/glioma/Tr-gl_0936.jpg,glioma,d57dc7df84f814c0398afaac8db90def0ab370fc2a3bf68f566edfbf489c271c
Training/glioma/Tr-gl_0937.jpg,glioma,c378e02d22bce70c5363fe5cf8372b0e93012c232067dc57997cb6dd3e5da2bc
Training/glioma/Tr-gl_0938.jpg,glioma,97f0d4bbf9681212e89a0f5a83b76f77980aa2211c2b9c8d71e1e397fd4638ba
Training/glioma/Tr-gl_0939.jpg,glioma,c660c6de690f5413e45ac3cba8e44b3ba6598b274b16cddf1be82f14b0ae485e
Training/glioma/Tr-gl_0940.jpg,glioma,0e9f303e3494540dc1cb1cc88fed0e21e0ee2266147fe79dcb43346c46f1c010
Training/glioma/Tr-gl_0941.jpg,glioma,e99b95416e9f1dacf0ca4b30d61c6084e6942b1359bca36a012bdc94bdc20a3b
Training/glioma/Tr-gl_0942.jpg,glioma,5876621358e5e56f73cc9678978042bbb437c2e7b0793862f4458b65a076c87f
Training/glioma/Tr-gl_0943.jpg,glioma,ec9998f5cfb7df9292de957f06c3c606f218f434ff5f7afb9c0362ee251febca
Training/glioma/Tr-gl_0944.jpg,glioma,3a0f6a7b670a3fa33382669cc6529bf5018066a61b3b912fe9bf36757e1f6081
Training/glioma/Tr-gl_0945.jpg,glioma,819d54097077dacd38c01962f35511f4578cc46d5c186783f2ef91165a2acfa1
Training/glioma/Tr-gl_0946.jpg,glioma,809f77ab88ba50ec2b1cc4fc6464b2e23e613f3ee2ba0170c3ea36c0efd2ab5d
Training/glioma/Tr-gl_0947.jpg,glioma,5a370e6ea2c9afd1a068c8398ae8e1c5cea9d442e317714631aead206d47a16d
Training/glioma/Tr-gl_0948.jpg,glioma,b99784dc4491c7279bf51407f6d4156cc9712b04a9d1ae5ebfe46da784915e45
Training/glioma/Tr-gl_0949.jpg,glioma,38e5656ce4b9665343c1a467230a2bed03f3e1e422a944f05060a7abe8b09194
Training/glioma/Tr-gl_0950.jpg,glioma,7122e4a374687ac1fa28423707e758ca1db30ba91432b6969bd1ff63410c6d20
Training/glioma/Tr-gl_0952.jpg,glioma,bcf2c120d1483adf89b84f42c6bc44b33bd6015dbbd38d6bf6d602902ecc7efd
Training/glioma/Tr-gl_0953.jpg,glioma,66484dd092859c6b7bbeb8adf42a3e830d86012317e4879f9139d40dbc7299bd
Training/glioma/Tr-gl_0958.jpg,glioma,355fa126a47272bac78d14387c5cd839047a8d20eadb12b9e9ee9f0d4d8ce0ff
Training/glioma/Tr-gl_0961.jpg,glioma,80a0633f0ad3c7f214ec68e21debb0fe4608565cbb993a2fa0c0f27055edbae2
Training/glioma/Tr-gl_0962.jpg,glioma,39def2d3a848e65636053661a662f85d916542575789feb316722bc73ee0b76f
Training/glioma/Tr-gl_0963.jpg,glioma,73431349ae05edf919b095ff4e91ed817f1de05eadcbd59246f9efdd2c082abc
Training/glioma/Tr-gl_0964.jpg,glioma,4a64d8b14985fa82b33988d9f94ca9aae2d283c42f99cfe8252847e8aaff2a34
Training/glioma/Tr-gl_0965.jpg,glioma,4ae1e30456f43bfe9c8c1a0be4b1d2270e347bb0c27f1362b233867b1af86c25
Training/glioma/Tr-gl_0966.jpg,glioma,1d47c700cd1b49d3e0f8ca8e119bc9429b33dcabef96cc012dfe343a41a8e859
Training/glioma/Tr-gl_0967.jpg,glioma,c3f4970ef1d5c2ecca6dd3cda6ffe78f816a9f8c4385b5f196dd66ac124c3e07
Training/glioma/Tr-gl_0968.jpg,glioma,74361d9da7838b3530a0903670cdbdec6513cf302ad72b9c83b8c8fc7f497697
Training/glioma/Tr-gl_0969.jpg,glioma,eb195f9e65c3e4f93a22b6169774b695c01901f6a1bd5106be6afb9c89181f1a
Training/glioma/Tr-gl_0970.jpg,glioma,756bad36ee7964b012493a287b17863bf7b8ad08ea0c3963c29e68ab5a4d28d5
Training/glioma/Tr-gl_0971.jpg,glioma,fe7e339c2f38d581f61783f84a63f453f8fb0c1e4c7af8b3938d8562e6a1901c
Training/glioma/Tr-gl_0973.jpg,glioma,04988ea9700c3a21a60aa075e3f0615550b0372f75326462f3c9b2e300b4f0e2
Training/glioma/Tr-gl_0974.jpg,glioma,8931705e8895dfd0bb2f8510254f645e2aa0290d3276990da694c37bb22d4c2a
Training/glioma/Tr-gl_0976.jpg,glioma,0e1881aeb8996a9ade4b06fea79da286f9f15e1af7bf12c7a2a5403229e27828
Training/glioma/Tr-gl_0977.jpg,glioma,b7d18ce0f340da9d4f10e3e9eafe5ca37d6bf37d8ae80b892176313b6b2b39ce
Training/glioma/Tr-gl_0978.jpg,glioma,80fc1a6c55f6e21b26fa2ff1f6beeb347c714a332fa69c043eca37bce6f9bebf
Training/glioma/Tr-gl_0979.jpg,glioma,527efc040370cb36af670c1ea9001353543b89d93a135db3a305fb6821cdec6d
Training/glioma/Tr-gl_0980.jpg,glioma,dfa769fb498d12f6f605aeb560ca214ba476b4d4046495a8c08e48718e0bfe56
Training/glioma/Tr-gl_0982.jpg,glioma,470c6144e1a1215fc7a2c715013427bc1c99270841006a3b9f2ae5ce82176de8
Training/glioma/Tr-gl_0983.jpg,glioma,2eaee7afdf54749274fb16968530239f1d9dfb1d92fc1c75402e0886f351a0e8
Training/glioma/Tr-gl_0984.jpg,glioma,8958ce7ca2d4b2ba48a85de2dc8759eea700e8aece486c925c925e5291a9ddb3
Training/glioma/Tr-gl_0985.jpg,glioma,25b7dc9a68a369f9f3f41901a98c415f41877e8c81c68f8d1ce604055ab86454
Training/glioma/Tr-gl_0986.jpg,glioma,bd1ebe0c93f0e01a4d0c20774e6c1d2b2fb0455293a56faa77582b009755dda8
Training/glioma/Tr-gl_0987.jpg,glioma,5fd6c11c6382af6ea66a1e9c336616d2f38f2d00235dcac90018e6cf4e401364
Training/glioma/Tr-gl_0988.jpg,glioma,14eadea0ec4befc4f77b617523693bd0f5dba81ec2b601b918221a9e618dda5c
Training/glioma/Tr-gl_0989.jpg,glioma,ec79f3b111af571730d00c2fb05589ddc73b1bd260205abd7d2aea87dd1e43f4
Training/glioma/Tr-gl_0990.jpg,glioma,2fb65310dcf87022d8237e51c27beb7e4bb8b7054a7058ac1aeb3ce5d7f1a1f1
Training/glioma/Tr-gl_0991.jpg,glioma,30583b3d03ce775eeb9926d4f969354f1b8a565d931cf156b860367e623be157
Training/glioma/Tr-gl_0992.jpg,glioma,c83683226e108bab357f14ca8f4aa65fd65c43190cbd608a5a35e3f3fdadd8de
Training/glioma/Tr-gl_0993.jpg,glioma,d1263cb651cb6f70c05371ca987413771a4bcc0b31db0ef17795228563015bb5
Training/glioma/Tr-gl_0994.jpg,glioma,6f943b0e5d3d780ee4ff763597650d2c04b66ac08fded0efc0034a36e73b8846
Training/glioma/Tr-gl_0996.jpg,glioma,205eadf34e51eba75a548a3fa91f8f102acc60f0730f156e95cd6d406756b0e8
Training/glioma/Tr-gl_0997.jpg,glioma,ba1fb36aa41a1e6762ae4bcb94052465efaaa3aae1fda15ada9e5b8cc78549bf
Training/glioma/Tr-gl_0998.jpg,glioma,a109b5753da46595c55ac8a4f02820e50bed8e9633befb65d6a0703f9ee2d3a3
Training/glioma/Tr-gl_0999.jpg,glioma,0bf0963e356bbe5718ae69beef39d6981b349de05f155be153a623ac8893ff85
Training/glioma/Tr-gl_1000.jpg,glioma,9ad7aea6bad8f9639694d5ed851c2782b22f22fb9d0a93e25b18bba4351033c6
Training/glioma/Tr-gl_1001.jpg,glioma,324c5b38d65b9a55db1890eec67c19aaeb12eb44b9f4b7f4687897f0514aeeb4
Training/glioma/Tr-gl_1002.jpg,glioma,053980449dbdc2afd6b1dc58c4982d6c43466accabf7393e830008b6111b612e
Training/glioma/Tr-gl_1003.jpg,glioma,b86d653d97feaf7a3c92f21ac3256a245889079b165d85f9eb583d54a864b0b7
Training/glioma/Tr-gl_1004.jpg,glioma,194bb174be118972591a1431defce2b23a24db8caa0afbd6353e3f5726c2b224
Training/glioma/Tr-gl_1005.jpg,glioma,834f9c41d466125e631b63fb1696eddd424abab5e6334a03c1fd34b9e35f32ea
Training/glioma/Tr-gl_1006.jpg,glioma,639e3e67eb5ec51b27d66e05bd45595d7c75335401f7ee73ad1906d707719095
Training/glioma/Tr-gl_1007.jpg,glioma,4105e629ac5fdf4551fb644e0133d7c819ede7b14a8c052a48eed990aa29a658
Training/glioma/Tr-gl_1008.jpg,glioma,19adbda514220979a50ad99dde80d92caf4c36048f5013e9f61bf16750466c68
Training/glioma/Tr-gl_1009.jpg,glioma,30c602eeeb1545408af0c111086890b7098a94a6629f7d15f8115bba3482de4f
Training/glioma/Tr-gl_1010.jpg,glioma,1d7053dbd9d3f26f51a295f055038e2a1f49613018f7107f91d9f52012503484
Training/glioma/Tr-gl_1011.jpg,glioma,90fa1290b5404d9f1c6988dc84626e8919bc01dd767171f519b88f45c1992f4f
Training/glioma/Tr-gl_1013.jpg,glioma,4c43374b89144c824c936f599b97fac7fb98670c578d71f2cc05f1c320b724ec
Training/glioma/Tr-gl_1015.jpg,glioma,4c9eafaad803c14966316d983d2812aea0984beb4783727c21cbf4cce30ab0c7
Training/glioma/Tr-gl_1018.jpg,glioma,840dbb222ae5c8eb09038dc014f023ff1e0e440f872e81a52904bb2b1c3046eb
Training/glioma/Tr-gl_1022.jpg,glioma,b05ad2ea27d8fd7526fe036b76cb19a681ddf56b757a4519a814c3336d68d14c
Training/glioma/Tr-gl_1023.jpg,glioma,96bf2e920b080ca43c25bdb0c34a99bcade4b05da0e4a691510ff58f33c7cfd9
Training/glioma/Tr-gl_1024.jpg,glioma,5908812dabf4b772571d4dd67d26068672e63708b7ec505aa59b025981695e51
Training/glioma/Tr-gl_1026.jpg,glioma,847c43f9aef057657c2b3e946986dda49b59a6f8d2d513266219b929f24f4d2a
Training/glioma/Tr-gl_1027.jpg,glioma,4719eadc879eb38430e74dfc847a319797f38778c81d05231a26460edb856509
Training/glioma/Tr-gl_1029.jpg,glioma,718a758868f0328608335bf66c6b8ab1bf418c383c50c16980173dfedfb5e7ba
Training/glioma/Tr-gl_1030.jpg,glioma,b97685439fbd5014ebccc801363dca508205aa3242f2c5e8f2e41724916d7013
Training/glioma/Tr-gl_1031.jpg,glioma,60feea4c23c97d1ec5b95b13c89d3d73232cf337841fb9bc3dbd799bb98b5304
Training/glioma/Tr-gl_1032.jpg,glioma,3589e371a3e583e6d609a1cb9879da501fc758234d96b715883c7e570774c253
Training/glioma/Tr-gl_1033.jpg,glioma,e86717b349e90887cc685f35916b0b3d29203c88d2c2f9692876cba163f3288b
Training/glioma/Tr-gl_1034.jpg,glioma,a1297300832b97cf77a5b33cb4501015ed86948e21cb8956e31b189167b1c687
Training/glioma/Tr-gl_1035.jpg,glioma,1e2029b934f803f84f7a027828acc34b4c9407b9029ce394312ac8ec8e6935a4
Training/glioma/Tr-gl_1036.jpg,glioma,c1ae47f17fea410269ff4db9dc9512c04d1dabd8960d8cb8a30b163a3fdad1dd
Training/glioma/Tr-gl_1037.jpg,glioma,1897003d2be94a5de380396cb6471637668aa3ed0d410c4b4d499df435edc3de
Training/glioma/Tr-gl_1039.jpg,glioma,c746b5ec5c4b565d061407c188714f6c160e403849ea4d642fcb81f1119b44a1
Training/glioma/Tr-gl_1040.jpg,glioma,51e46edb5bf74416f4437c7f464a195d9c1145637d15f6eb99cad1b38a28cc99
Training/glioma/Tr-gl_1041.jpg,glioma,f41223cf5f16b3d6344ce5b3c5a8fe3bf2b7e10a5e6bb02ba8191e48a706be0d
Training/glioma/Tr-gl_1042.jpg,glioma,e263192239d0a2bb9290c8d8de18d05e38c2d00343d74ed2dca9d0d2187da4eb
Training/glioma/Tr-gl_1043.jpg,glioma,b4955125bdabce14d5b50ae670bca1a0077937e1690018be2ea9a8bc6f9beabf
Training/glioma/Tr-gl_1046.jpg,glioma,dea9eda5a5482ae6a2dca7310a300b169b760a2c050075361de35a56c29d74d0
Training/glioma/Tr-gl_1047.jpg,glioma,f2563657dd6ca9c15db742b19fa5139cb1f982b00704c2df277638b713389e2f
Training/glioma/Tr-gl_1048.jpg,glioma,c887fadb6f2b8abda12c3f8ed5eeb719a63797204230c7def38e9f55660300ec
Training/glioma/Tr-gl_1049.jpg,glioma,02c81edf48c0a38a53e691eae33f4e580e9b7374687f97a6b866190aac54a798
Training/glioma/Tr-gl_1050.jpg,glioma,315437438f77b6175a5fa4fe9970de698be258c0788ea68b6a6fea4d4df4f67f
Training/glioma/Tr-gl_1052.jpg,glioma,6aa036c11ea20da70ad4ab57e01dd02e46ed135e655f4c49a570d4860b053e41
Training/glioma/Tr-gl_1053.jpg,glioma,3ace50cbddba30e872c114c566b5c225b233acfed1a293f9e352fddd8f565a22
Training/glioma/Tr-gl_1054.jpg,glioma,5b7a3cbae3883d2f4933920cdca94c21e518ad8f961dec14a05dcdfc980a1518
Training/glioma/Tr-gl_1055.jpg,glioma,491436918a8960474f538591f328e4b6456d331a75f45d0c3101a0831bb589c1
Training/glioma/Tr-gl_1057.jpg,glioma,14523d904c4713e261bc748284b21e725dc98676ebc0507d879c4bfbd4ee6f53
Training/glioma/Tr-gl_1058.jpg,glioma,887576a257a64813909dce7f0e676834f7b7b877af008275ae4695e8dc344a91
Training/glioma/Tr-gl_1061.jpg,glioma,842f6ca1c1f2a3a74ee6ab3ae3fda99245aabc2aaa764b4481dd9343162f1f20
Training/glioma/Tr-gl_1062.jpg,glioma,4d2aef2c6a6c428ab3a48c439fb64a3dbb5031490d22209ca7ff0f79f7e55a14
Training/glioma/Tr-gl_1063.jpg,glioma,65e290c1b7c8d6da174252f0f34779c2d0a54939cdd0c9b5ea60fce8a66fc26f
Training/glioma/Tr-gl_1065.jpg,glioma,f07d5a9e4c17ba97b25383a5774b27c9a52a6addcdfa7c6d3bb3e78f6cbb6f81
Training/glioma/Tr-gl_1066.jpg,glioma,10b538366237cb45e56dcc329de63b1adbed5524816feb3680653f71bfe79607
Training/glioma/Tr-gl_1067.jpg,glioma,6efce48bee0f72350be76ffe183ed28ce3ac046b05746f75ed6348c8c04b2292
Training/glioma/Tr-gl_1068.jpg,glioma,9ad73da92890301f2fc3b7c4f6f28123f5cc880a58772b4b69d8fda391181acd
Training/glioma/Tr-gl_1069.jpg,glioma,a13efc14b730d2a9ee6dbb554ea4b57a5f89b3b1400f106a0c2a3777bc865732
Training/glioma/Tr-gl_1070.jpg,glioma,371925babd63d8b113a8b583638e4f39b14b243d99d3f383976b624fbea940ff
Training/glioma/Tr-gl_1072.jpg,glioma,621bdaf065cbdbd61ef3c33c10fb007344a890ed53673c3fbbc2b4e2b1afb928
Training/glioma/Tr-gl_1073.jpg,glioma,9babd9855d7190d5f27e909365ae3b07b4e01831680db71ea9ca297787a25609
Training/glioma/Tr-gl_1074.jpg,glioma,77d565095aa294e3ed035cda1f408a1f62d6187515525e9ea1b09b74f9aa232b
Training/glioma/Tr-gl_1075.jpg,glioma,9791e752f3e35268b09c195159ab845aafe4d1ab6b27d647a94853485ade6bac
Training/glioma/Tr-gl_1077.jpg,glioma,c58c93ca3ae9a3ecd74563f2ab137098dc33cefbeacf59d26d691cdfb5ca3da5
Training/glioma/Tr-gl_1078.jpg,glioma,cd501f929b2d73d259ee774557800a02e04fd2153b9ee4857793fed43cf657d4
Training/glioma/Tr-gl_1079.jpg,glioma,d0fd0b27acfc7f28b96850e4caf38446e62d2531ae8d5abb71997c5cb2225120
Training/glioma/Tr-gl_1080.jpg,glioma,966a8a28b11ffeff8efd1cf153265b40f91f283fece1205aa293310f377c4d84
Training/glioma/Tr-gl_1081.jpg,glioma,2cf16eac8330eee8a821c999a7c22d133edff2b6761a99e6c1425060368f086c
Training/glioma/Tr-gl_1083.jpg,glioma,a961e4ec55d9fc91125eccb6a83d88375ca138d3936c937237eb4a6969922e67
Training/glioma/Tr-gl_1084.jpg,glioma,2f5aae2aad72968499e633c8e3c02778ae5dc54ef5684cbda697ac18a9e76878
Training/glioma/Tr-gl_1085.jpg,glioma,c8620654ebc8386cd4605e9efd7afbcc0c34a7672abb00c7be29bfbb9e7ebcb5
Training/glioma/Tr-gl_1088.jpg,glioma,3dc2ac19e8bc8e950a10871782b12b83487eb0e7ae3cc55eaaa6e1c8907acce0
Training/glioma/Tr-gl_1089.jpg,glioma,aaf2153c1eafb6da5aff403916983c57546d2bd7484073f8c411cebc4cf12bd2
Training/glioma/Tr-gl_1090.jpg,glioma,9759ae9225e116c6bf731d7ae31f26e2f2965887463393f48ffcb333b8132d75
Training/glioma/Tr-gl_1091.jpg,glioma,d363cc3273f2205dbc4fb6a75e107f74d6d192a8070db8733aed47b6b72fb035
Training/glioma/Tr-gl_1092.jpg,glioma,f2896e5ec407aff2719d5771165a55203fb40c0e3fc6e235fd06cfd8b9a9f40e
Training/glioma/Tr-gl_1093.jpg,glioma,fa6b5067313a3f7687161a046f0362016239ac1cbae0df61a8f7f65a5d8352b9
Training/glioma/Tr-gl_1094.jpg,glioma,d40f0941fa3b959e31021edc63aa5f31e923454a44677b8ca824e13ff2976ebe
Training/glioma/Tr-gl_1096.jpg,glioma,f7d0e742488c6e1bcb1dd20e37ab675fd73eadef4e320df4c56028e1fabc888d
Training/glioma/Tr-gl_1098.jpg,glioma,1ddaff7cb6b968a84a4a8f06cd0a50f79d2760c43a11c3a0d4a58e411c218f07
Training/glioma/Tr-gl_1099.jpg,glioma,7c46092f2a86492b4d0573b9b6a41e8ad50ab4a791a375a4ed436e66521cfd51
Training/glioma/Tr-gl_1100.jpg,glioma,0b9b6c82333fdb3412e09933ccfd6c1fd48fe9de21b4d8162102c67b24bfd70d
Training/glioma/Tr-gl_1101.jpg,glioma,e1305f821cfc5310c960461607a9b9c99ed0b6240749a03f380b69c755267962
Training/glioma/Tr-gl_1102.jpg,glioma,f010fddde39152e9b7eadd741592deb8dda1c1e20c7b3df7aec144be6044f13a
Training/glioma/Tr-gl_1103.jpg,glioma,e092a8ed839f0938368269cfcd5c60ceed0463644ab3c1e6557dabe71cfafce0
Training/glioma/Tr-gl_1105.jpg,glioma,ba98f36e2667b34de3b41a693409bfc1667dabf3da26845bb517c249d610d4aa
Training/glioma/Tr-gl_1106.jpg,glioma,30db695ecccfbd431d078ba6475563007b56660c32dfa942be09ef3171900411
Training/glioma/Tr-gl_1108.jpg,glioma,f65c46f6667ee0df250bd7917a4c946e7e347207fbabf3567ab197fc87e0c973
Training/glioma/Tr-gl_1110.jpg,glioma,b32f4893d37582584548de34e3cb27518dc81bf8c623e2d8e3c8c4c152257e35
Training/glioma/Tr-gl_1113.jpg,glioma,f0ab2dd17f3f7bc80e909a47719714ce3d214097caa85008b50b63087f59d959
Training/glioma/Tr-gl_1114.jpg,glioma,eaf42edd86723065b3fe680e9e90e8ffcc83f8aef5191469dd75b9678091faf7
Training/glioma/Tr-gl_1115.jpg,glioma,b64c20c15c20d2d0b9089626f7252173e3a00ecaca1917ef7019a90a3229febc
Training/glioma/Tr-gl_1116.jpg,glioma,885c05c0b195f821cb44a84737482c89cecf0db90266fee86e2f92897561cfc7
Training/glioma/Tr-gl_1117.jpg,glioma,9c3b9a7852edb793ad3719d15a3ed111fe4454ac975738a4292b3ccc1fcfd2ab
Training/glioma/Tr-gl_1118.jpg,glioma,1db23164d24344cafce7766673b06c5210f70ee4a96eb93a2b130b21a3bcf581
Training/glioma/Tr-gl_1119.jpg,glioma,bad6a2e7e8d255102b4ffe38b0d787136177c4611f22516fb77acc47ae68cb7b
Training/glioma/Tr-gl_1120.jpg,glioma,f7d0f51618225578e6ba426a4bc8306e9c500b231876a0760ffee3702a7863da
Training/glioma/Tr-gl_1121.jpg,glioma,ae4585b2de09ad615afde955b013ee2982d41bca5e3d75398037208105a46801
Training/glioma/Tr-gl_1122.jpg,glioma,eb46bea9be19adffb5918a8670dfe66ad6b5e03686639aebf054c947ed1cd63c
Training/glioma/Tr-gl_1124.jpg,glioma,90be625f08f5223e53cb9903e69dc3cd36178f826236a43b576e2b87bb118303
Training/glioma/Tr-gl_1127.jpg,glioma,564fcc411ce87a0f4d0a9a3aac2189159c713c755db99b383407af0c7b5d11fd
Training/glioma/Tr-gl_1128.jpg,glioma,554d0d93f28f1c0dd8d054c8b00c14c83198f64072e3654d43d6139f1e2c1f5e
Training/glioma/Tr-gl_1131.jpg,glioma,ed8db2918d77b4a021330d5056aa61988ae493f4925b84f2015e6ef383bbcbd5
Training/glioma/Tr-gl_1133.jpg,glioma,4a36d6935810e5bca1d1c163273ab53e93c6577a8bfb5aa401c647d743b4f5f6
Training/glioma/Tr-gl_1134.jpg,glioma,6c0dfe4b84f809fc972b89e5d716c8503cb25f0da9cc8992230c17bf93d4e190
Training/glioma/Tr-gl_1135.jpg,glioma,7808f8d7f88dee9f3b15644f9d6df444c4b4d04ec20b38047c2e58391e44c639
Training/glioma/Tr-gl_1137.jpg,glioma,8b9dac0d7bacdacd59d32522569e24f12854abcd3aa319a728bb3f84d36ecf71
Training/glioma/Tr-gl_1139.jpg,glioma,818f23e069223b0029ee87098c1b0f5eb353d2b8e7a0b2b7fc51a4c6323c53ad
Training/glioma/Tr-gl_1140.jpg,glioma,d29784b94c3f28d0485ea56b7d7c4202569c9cfd85bcb3418eaa67a2da53202b
Training/glioma/Tr-gl_1141.jpg,glioma,10fc6ba8b7ee545159370717d257195d727696b9a44e14202f43e90a24e92abe
Training/glioma/Tr-gl_1142.jpg,glioma,39c3b219fb052fb9ba996defa55327ad5de9af573915aaa10b5843f28936c02e
Training/glioma/Tr-gl_1144.jpg,glioma,2374b89cf84646fffb6415ae3cbaa89f19edefcd956f45c4bc5cf7fda6069460
Training/glioma/Tr-gl_1145.jpg,glioma,bc740a76e187991a27c8d87d7dd839126f7cefbf68d31d7af3694815c643e874
Training/glioma/Tr-gl_1147.jpg,glioma,add72b09a77046789ed7cfb217265e5340714a0e46b499e756632f00b8fd9600
Training/glioma/Tr-gl_1148.jpg,glioma,a774b5b5a088e071ebc34f901c80dadedd6b50ef37981ff3ee367a80e1980f36
Training/glioma/Tr-gl_1149.jpg,glioma,6e4779a469e9b6a2c4debd3a835fdd213a94a8a17846304f0c20b2b754bf84fb
Training/glioma/Tr-gl_1150.jpg,glioma,4d2a2d9427381511a843f3dc588be9802cb68c3d31b808637025502a8b41e895
Training/glioma/Tr-gl_1151.jpg,glioma,61d631f96bd3b2bb762268b52b221aee5d42757d2dc193c86feb17d8e0e761b9
Training/glioma/Tr-gl_1153.jpg,glioma,ea0d541df44da0ceca4311ac7fca0ba28b1ab4799ffc82bbf3e1b39735b16a53
Training/glioma/Tr-gl_1155.jpg,glioma,be91fdf9a45366980a8bb34cf999c79fa0c532bf00da50394a8f12476a87c805
Training/glioma/Tr-gl_1156.jpg,glioma,e8e4eba7def874eab75aa0b572e8899655c035345d0b06d4598a9f4130fd7fe8
Training/glioma/Tr-gl_1158.jpg,glioma,342048d7616ec64c2786981a0e367f57c644f34803396cf1a1ed6a3ec8c1730f
Training/glioma/Tr-gl_1159.jpg,glioma,870d5efc748df32ebd0f2985346706a322c36a2aa28f3723438df3b838f9e6a3
Training/glioma/Tr-gl_1160.jpg,glioma,a1e9902f62d704c15332145bb4aba9d74b72e4562a1aaa9b00d807127d53647d
Training/glioma/Tr-gl_1161.jpg,glioma,71e061fa1eb8584b3497e543dd316c7e4f87419234050628b9484e83f28eaa4e
Training/glioma/Tr-gl_1163.jpg,glioma,680dcf9c0ee2db618a251c226a46479676226325eb43d4bce5ea9e857d416c20
Training/glioma/Tr-gl_1164.jpg,glioma,3a767a0cb6e43b3069c347414563c26113d0f3c67121a6bd4cb622ecc928e384
Training/glioma/Tr-gl_1166.jpg,glioma,fc31efcfdd955c4bbced7146264dbadb000a35ce4d7a271c9f263587e44fdc42
Training/glioma/Tr-gl_1167.jpg,glioma,cc8fa5fc611de956b5eafe80c2398c26abae3b7e44ae0c53f47c63456fffe249
Training/glioma/Tr-gl_1168.jpg,glioma,a69893017c0e939bc9e9b83a928a5d2370e98bd341a188a54928c9c0da170b36
Training/glioma/Tr-gl_1169.jpg,glioma,9572250c351303252f223ade6e30d71d7522cb8428541e86b5c2911f027a3153
Training/glioma/Tr-gl_1170.jpg,glioma,018f28db4e60217f7a5dcef786bb91af1c9419493da17bc5ea91df614172e9de
Training/glioma/Tr-gl_1171.jpg,glioma,b4fae5c17f9adf0a9bf2613ddbb8cb048d1e33387bff59c5cd4ec1b64feada49
Training/glioma/Tr-gl_1173.jpg,glioma,97aa04dc24789b81bcb1abdbbb96b37ca971252079a9dac50b44318181fed893
Training/glioma/Tr-gl_1174.jpg,glioma,fa6158cbce0f7bea1facf6dd8074327ffd8975f1e5d698c1ae6972885505e6fd
Training/glioma/Tr-gl_1175.jpg,glioma,9a097f4bf73748a628030dd1e8e868cec01768ecf23f1180197fa4b60aaa49f8
Training/glioma/Tr-gl_1176.jpg,glioma,047fc922c230ca65a7aabc45c2295abb8d0f6e1407b5c2a49db7194ec9b1efd7
Training/glioma/Tr-gl_1177.jpg,glioma,631ebe53e7099a6c9dbc601f77493df8164db2d41d0406f1324167653e32b4bb
Training/glioma/Tr-gl_1178.jpg,glioma,a27c0bf4dae25c926d0ed5aae645fe7ceb93a3c33d058d97db182ac50f1f44b1
Training/glioma/Tr-gl_1179.jpg,glioma,2d0766f8fd5f1cb2479c398c331d09ac0b8ebcaec8a4ae6a321463bf66f20ca8
Training/glioma/Tr-gl_1181.jpg,glioma,89f077dc94e5b6bf37e7eb9aab158f7594a6044d5b1d56cb200a05bc3e941029
Training/glioma/Tr-gl_1182.jpg,glioma,9670f019ed33b714ad8e3a5ea0520eb0586cb243755cd48b04371f44ff6865a1
Training/glioma/Tr-gl_1183.jpg,glioma,95d130032a87c5fc769a770a48c368b2182e2b8d64955181c16e603ef0bcf2d2
Training/glioma/Tr-gl_1185.jpg,glioma,df21cb0a59c9411c6912153db34749736a53cc8be4a4f1c375ce022d04496be0
Training/glioma/Tr-gl_1186.jpg,glioma,9360dfe3b40e0a0d0e810dc83022412fa96b8db515b2083d6ca2dec712c5bf0a
Training/glioma/Tr-gl_1187.jpg,glioma,b60ccb3630cd623f5f8644cc345dc6883e58029bc96b2d629eea7ac2f7940fe8
Training/glioma/Tr-gl_1188.jpg,glioma,466600e0550e9474ed436ba702c9d51c10bbf8c86857e9e1a17ab3abfb24d465
Training/glioma/Tr-gl_1189.jpg,glioma,2238f60f4b51c31f3dee145b06a051e1e1edb7d1085cffe23b2622c2125aa011
Training/glioma/Tr-gl_1190.jpg,glioma,0bda2e93f232ca6d64466b4f90492d411f7bc051ae868c85d5e07195ae61682c
Training/glioma/Tr-gl_1192.jpg,glioma,6a6123190bead8fe55e131dd3eca432ac00b6d4c0b958704efcae9c1deadafde
Training/glioma/Tr-gl_1194.jpg,glioma,2524396d0e1fcae86aff8a446459cac71fabe7d21e3625f958f0da8f1c350309
Training/glioma/Tr-gl_1195.jpg,glioma,8e70e6f612e60bd501e2624c447d05a0583bc474aea53bf6d7859db983c98874
Training/glioma/Tr-gl_1196.jpg,glioma,ac0a8a4fb01c6ed57e45467a9992d47e4adba052e5f6f78947e902a7d801c439
Training/glioma/Tr-gl_1197.jpg,glioma,841c9406870911d08ea8fe45b757d543e8e5a3bd1a5777b52a7725855dd4c1d2
Training/glioma/Tr-gl_1198.jpg,glioma,152f4243f0a781f705a668118783c4a54cbbca411fee5d2dca8b4fbf77f37338
Training/glioma/Tr-gl_1199.jpg,glioma,d5cf561e9b332a76127bde0a66fee7bca9463773e9d78fb289cbba808a1d4e3e
Training/glioma/Tr-gl_1202.jpg,glioma,0ece1555cd551d4a3786a15df80922b77f00536f706c496cada6168da073e213
Training/glioma/Tr-gl_1203.jpg,glioma,91650bc74c4232208bf68fb6858a63efb2c8e8119cba4df199ae310ea0d15949
Training/glioma/Tr-gl_1204.jpg,glioma,48b2f076b9d34efa613358ba48c09eea6f56499b7c8cc6dd36da17870687ba80
Training/glioma/Tr-gl_1205.jpg,glioma,d26867b4e830c55e1681fe841ff16431d82dc737c18b7f6e0329b0780f1a8ec0
Training/glioma/Tr-gl_1206.jpg,glioma,77c7fb8cbe809e3d786a98e9cd84eeb3bbac562bc85412dc28a28cfb54183080
Training/glioma/Tr-gl_1207.jpg,glioma,3defb7817aa097042b79b55665293f3e9173bc57828859ad549ab6a1697da550
Training/glioma/Tr-gl_1210.jpg,glioma,d80ac314a07f0e33a295fd119058f271e280d011b1bd382ec7bec37f5e2c20ef
Training/glioma/Tr-gl_1211.jpg,glioma,e68c85bec48d4dbbbbe8dff1bdc4b492b0d47832e3d0a9cca3a9917bf80f1083
Training/glioma/Tr-gl_1213.jpg,glioma,6290a6b273f909207424be7e0b65b9df970fe0a6ebbd44b247bba09c80c6c162
Training/glioma/Tr-gl_1216.jpg,glioma,0752579b683b46989a363a8f7adc88e89d2287b07d8eff7946cb1fd51adb22d3
Training/glioma/Tr-gl_1217.jpg,glioma,fca734ddab15a565a8b71070f8cdc8dc91e3432f23176f561bf3eec8592da2e4
Training/glioma/Tr-gl_1218.jpg,glioma,956d506b144f905cbcdad8bb860a5612352bc8c05232499513c21d3e4792a4bd
Training/glioma/Tr-gl_1220.jpg,glioma,a3803fad7ad126a3ac9419f86cdd142965cce080306fc57e9924111700c5182a
Training/glioma/Tr-gl_1221.jpg,glioma,2cd9a7f7acadcee43f4a64d58c2b75d004ecf85bbb8aa99183d0d5aee1512314
Training/glioma/Tr-gl_1223.jpg,glioma,e7e429b0d926ab776e1cba6db896f9e08c3168dc2f9f5a59158c9e0276011159
Training/glioma/Tr-gl_1224.jpg,glioma,602a8d3030e8da61c8da53fc7c9b0537bc765da9abf246d5bdcfef7dd29d1f38
Training/glioma/Tr-gl_1225.jpg,glioma,44f32998a3cdbac18ce338550443551563cc45351a7066c3e3bdc90dc68ab562
Training/glioma/Tr-gl_1226.jpg,glioma,f9439266502e976c6bf0da5fb6d84ec3d88b266c1ce823f166b1929c578a9f73
Training/glioma/Tr-gl_1227.jpg,glioma,a929f29f60cc866bbb7161f78544628c5d5f172f921e8a8832d801301954f9f8
Training/glioma/Tr-gl_1228.jpg,glioma,597477ab089e0587e51b6dcc23f529972e252cb13a1627e25cc834279856eed5
Training/glioma/Tr-gl_1229.jpg,glioma,b374bfb1ccc069e5b26efe4ab686a5a9819b68b1a9d13deb28819c40103d1812
Training/glioma/Tr-gl_1230.jpg,glioma,9c3666311ea2595937338598850eee80d6fa1a566dcabc60fdb66d90638c63c5
Training/glioma/Tr-gl_1231.jpg,glioma,1bbca8899bd626ee541317612316e21f2a3d55117aa715a3044c382bb960c41d
Training/glioma/Tr-gl_1232.jpg,glioma,927c7674b14bbe9279a179a6af5ef166f9db165697e1ce0980918b815792067a
Training/glioma/Tr-gl_1233.jpg,glioma,f6de88d561e61d64730b496f85ff25ad44dbdac345bba42e7ed104af26df1bba
Training/glioma/Tr-gl_1234.jpg,glioma,99142f36663c04c7d203460a61e486ea1e14e998b3cd87f0abf4e4dadaa8cd99
Training/glioma/Tr-gl_1235.jpg,glioma,ea418612f28d10411e4d86c67fca698f7be237842a273a176bc375af5f5f29bb
Training/glioma/Tr-gl_1236.jpg,glioma,c74fc49bfa179b0cee309fbccf85f5a0dddec5430eaaf6b450401748d43d648e
Training/glioma/Tr-gl_1237.jpg,glioma,9a1f6327df468c519e1051539fc7b5da8fb3fff0d30198c2fe30133f2d1800bb
Training/glioma/Tr-gl_1239.jpg,glioma,fec7494c64d39ef061eccd167bc75df3669b8aceb8802b73d3bf60dd8367c12f
Training/glioma/Tr-gl_1241.jpg,glioma,ab30614ccf9f81f1f29c359ed49a2a1421c4aa336da09f267ac3d695844ed37a
Training/glioma/Tr-gl_1242.jpg,glioma,f615da22f518d5b3b82b4a4cd328c2830fc6ca580926828d9faa25d17a984b87
Training/glioma/Tr-gl_1246.jpg,glioma,bdb64c23789c446afb48e95af44301a4af05470aa7273f03d7e72b27139d4518
Training/glioma/Tr-gl_1247.jpg,glioma,ef1f9474d810b97a62d07eeaedcc4bd7a84b7d9bbebde89a56061b8c9092dc49
Training/glioma/Tr-gl_1249.jpg,glioma,186a03fa094335cef1ce9531eabefb65936e4aa885916526b0c2e0116f812c8d
Training/glioma/Tr-gl_1251.jpg,glioma,657f07c02522a53c4c92cb225dff6fb2faa67ee646d9ce0cf0b28e7c34e50591
Training/glioma/Tr-gl_1252.jpg,glioma,479c5b0bb8b6875f662c99db8ecc59da354e71111b27529d7625685a55bc2924
Training/glioma/Tr-gl_1253.jpg,glioma,54adeaab155f8d354d91a7212ade47d72706aa1f3bc8f5a40e09ee5c59d54f10
Training/glioma/Tr-gl_1254.jpg,glioma,544aa9e1829e61d95d5c2b68863dd2bd98bb44eaa198226ee55603218a1f485d
Training/glioma/Tr-gl_1256.jpg,glioma,89fab73f641f7493e755433f01c28b6e05b0df2ebc869e53608b033dbeb6dd59
Training/glioma/Tr-gl_1257.jpg,glioma,b924ee795c7f1e4cc298a6316e263d2d0006dfd9f6b3f991540bd9d6df7b9239
Training/glioma/Tr-gl_1258.jpg,glioma,54af4464371d90643376aebc15b7450d642a291b6bbc9e227ddc50a02981c4f0
Training/glioma/Tr-gl_1259.jpg,glioma,c331d6b816b5139ddb17fff7844598585f226d60da40085789220acbad15a07b
Training/glioma/Tr-gl_1260.jpg,glioma,7dc45938ae4de2d2deed84229ea29c00b4a8e360c638e2e60780285a2b029f58
Training/glioma/Tr-gl_1261.jpg,glioma,73d739ab9088e5d4d97354128d08e1145af1f10054002ea186b759bc8fc3365c
Training/glioma/Tr-gl_1263.jpg,glioma,d04dc030e3f9a96f3ce807ce880fb0f7fa75d4e7fe4620bf51d2a39f7162d94a
Training/glioma/Tr-gl_1264.jpg,glioma,38ca0b0926e30444a230c6963e8acb6b489507b9903b43d0ef5e3e23694f5612
Training/glioma/Tr-gl_1265.jpg,glioma,c917961ca384ef382bc892f5c2aa8da0d903c7b7e517b38a51bc7ed40b9064ab
Training/glioma/Tr-gl_1266.jpg,glioma,c66b31448a50c1bc2027ee381df8209a3967c73661e76095142c2b7aa25bf8fa
Training/glioma/Tr-gl_1268.jpg,glioma,841af5b65a22b1621294bdf985cac8a05bb6f68221d36b812a3a7b3e2406bb31
Training/glioma/Tr-gl_1269.jpg,glioma,597a1f342795494fc53bf42bb691face05cebd924cb9e84fb32b0ef11860eee2
Training/glioma/Tr-gl_1270.jpg,glioma,b5a5d9dbf19e23cd334fdbbe7e155fbad5bd07a66b76900164a03c0e737ad3e1
Training/glioma/Tr-gl_1271.jpg,glioma,4c3944be41cc52aeb9af7fe8a7dd432eb3364dbb08272d23be6d4fa30dd27920
Training/glioma/Tr-gl_1272.jpg,glioma,d90903f2d478f7ff8c05e17918dd1628d422f9622454446bf4728f65d54d5e3d
Training/glioma/Tr-gl_1273.jpg,glioma,1c56c6eaf2d31a134aebe1bbbdf8add89770f4876fd90c547afec67fb52f86d3
Training/glioma/Tr-gl_1274.jpg,glioma,ba95e339ca5a6005c9cf61b0bbce88c1b483a3cb0d1660a3db3aa663d77f52f9
Training/glioma/Tr-gl_1275.jpg,glioma,42a092ba18aa277571a80e6426381a69e1e7670b7d94ac14b259116080281a53
Training/glioma/Tr-gl_1276.jpg,glioma,71c5f51f3aaae7edacc05eef39bb5d4ab82e1119d463050702022d8d7b8f255f
Training/glioma/Tr-gl_1277.jpg,glioma,6a5c6c4c7a6a173e5dc5b8fba4e4e58ede051e82e46fab24261abdb24bd9291c
Training/glioma/Tr-gl_1278.jpg,glioma,1cf1ed111f2ca9a4483b7395cf85e555321a1ab6dfee90bd99639d26d9dc4a79
Training/glioma/Tr-gl_1279.jpg,glioma,550e372869abdc4461dd864ad54fdd5f20e110ca965344cb3911010684f34330
Training/glioma/Tr-gl_1280.jpg,glioma,46cc22b720ccaecbee982d781b72c2b3bba07656f2019467cd95060f44c91582
Training/glioma/Tr-gl_1281.jpg,glioma,63d9647a0d7c1b05b50082309d7bbf973fedfb0402dbb2d916d7ae6e93fb62be
Training/glioma/Tr-gl_1282.jpg,glioma,514c45d8561e97b5fb6818ac641dde5c81b849f62c9bd40206f0b802fc7121cc
Training/glioma/Tr-gl_1283.jpg,glioma,48d3d754fce9f1cdddc5ce0a21cf09c1d14ef0bb09193d02079ee505748a1145
Training/glioma/Tr-gl_1285.jpg,glioma,269efdd85f07993965eba4d38435f52c5a87eff47c2784e1f781c3c51e465e5c
Training/glioma/Tr-gl_1286.jpg,glioma,f736a19e210c89b0d9609fb9bebf7b565a701fdc5902cba002db95cabefee08b
Training/glioma/Tr-gl_1289.jpg,glioma,5d85abd0150b2be00404bc89437fb874112686c32718d8aa6635b6ded598ab36
Training/glioma/Tr-gl_1290.jpg,glioma,f1c5a4fdeff9686dfe250833dd08ad707e6c5c7f52aa603e72ef5e8d07fcbc71
Training/glioma/Tr-gl_1291.jpg,glioma,efacdcc7c80e6ba7d00499999a9f599414db65a089a9f0f93892b5ffcd261a03
Training/glioma/Tr-gl_1292.jpg,glioma,314e4c414ffc502532b6f1748e9a2cbeb7270364d9c2182f990286e522973946
Training/glioma/Tr-gl_1293.jpg,glioma,8ebe9b308f61f2360b84374719a1cfc287654fe7f457c30266a7cf7f6d28a147
Training/glioma/Tr-gl_1295.jpg,glioma,7c4348f0282d8b0d67e615af7bf5fcb86f96cc689dff543eeaa24598de21866b
Training/glioma/Tr-gl_1296.jpg,glioma,e045fcad4056e0ab41779a2f5df40a2e314c917d02f7526aff1be5b01db237a2
Training/glioma/Tr-gl_1297.jpg,glioma,898155f81204814387ab83810ac4969cd1e80269dcf42832c0d8c1bc446688aa
Training/glioma/Tr-gl_1299.jpg,glioma,a4333f7a2221b5fa8c951425f72a319a3d865f8250cd7327df998cc58709a112
Training/glioma/Tr-gl_1300.jpg,glioma,db90e18409d0c88c6db4b0ce718acf98a8c87db37f8f8992267555ce2cf634fd
Training/glioma/Tr-gl_1302.jpg,glioma,2389fda31023448903058a7d6e6481baf349d5f925b8e3bb134bd28bd77cb318
Training/glioma/Tr-gl_1303.jpg,glioma,7d7f906c6affd339310964c4c58430a116697372b9872a51f95a524d752276bc
Training/glioma/Tr-gl_1304.jpg,glioma,c351582426881c2af0907a507389cd125e880e5ec0f7d1bebf93c04784b59245
Training/glioma/Tr-gl_1305.jpg,glioma,b42fa55f6db28d417725a9a9641059e75b2ec59e55fa5f5f713bfb54e2d11e1d
Training/glioma/Tr-gl_1306.jpg,glioma,6844cbcf8771cb628d7161037bc50270668f5f6086f5461dfdd2478e44f8a786
Training/glioma/Tr-gl_1307.jpg,glioma,c56492c4157d1d3c43c6b5177bd1a20467b1ab9b22007abfaacfbf62b75dc50f
Training/glioma/Tr-gl_1309.jpg,glioma,8563ad575aeadee3f4ae03bcfadea0aaf157cf3f8ca23f244c948b4de529c511
Training/glioma/Tr-gl_1310.jpg,glioma,c89e0e2671a69f1f41faab75d450cea0df31ec116c9f95347782cbc97d03eae1
Training/glioma/Tr-gl_1311.jpg,glioma,2d79ee70b285c26d2a0cb6d47c2ea98afc9517c3e47d47a9a065b65e73078d00
Training/glioma/Tr-gl_1312.jpg,glioma,f1985593087c60d65dc8156cb9ecb7961b04ea3b1005d02add1a4698550d0973
Training/glioma/Tr-gl_1313.jpg,glioma,7d4f77e845293599bac6d85406b81fe2033a06a46624bdf6ecc83354d4f3a0dd
Training/glioma/Tr-gl_1314.jpg,glioma,37508d3595e3ad2b4681f8537f8c7bf083e7fd6fbe4323468722376be36452f6
Training/glioma/Tr-gl_1315.jpg,glioma,1c7baf6e15ed9bfdebf074a33b46d0ab02cbbc334bad1f718b9876b184a58edf
Training/glioma/Tr-gl_1316.jpg,glioma,74a5bb3e52c2c6793b0a670c4e16fcfaa8c285f6c3237e147f47e4c80bf1a00d
Training/glioma/Tr-gl_1317.jpg,glioma,15a0fc39345a41a3925bb85f8f1185e3997dccd71ce022177c0d58cac093e00e
Training/glioma/Tr-gl_1318.jpg,glioma,288ddd10085c840be845b8ca9c447be63435ef106dbb5a41bcf2cf41ac16fefe
Training/glioma/Tr-gl_1319.jpg,glioma,00a22f74323aa6ef3bbcd8a7894696d4ba2b1b7ed55b409c48457e07206dfadd
Training/glioma/Tr-gl_1320.jpg,glioma,26a87c6c7c2a1620b783d12dfbd3ade4f486dd5d21364e08b77cd48237a2e199
Training/meningioma/Tr-meTr_0000.jpg,meningioma,fce25282f9c298280721e6608db8dd49289984e7004b61c4dd142d442735ecce
Training/meningioma/Tr-meTr_0001.jpg,meningioma,f0a192cd7c99edb918c133feedf77cc440f57e7eaa937c6f986ff21963b6bbed
Training/meningioma/Tr-meTr_0003.jpg,meningioma,b8fe087d42213a376e5d66851d63af3248876dad442cde1eb810705d8487bc4f
Training/meningioma/Tr-meTr_0004.jpg,meningioma,86658a2697f7e59033c49e8c87d0b8744759885a4adc60b91ddb556bdfb3bcc0
Training/meningioma/Tr-meTr_0005.jpg,meningioma,c29e221d60111e84d49a63beeb0cf18ad2f15dd1356f24d9a0125c19bef766de
Training/meningioma/Tr-meTr_0007.jpg,meningioma,6a64332d2613627eaee146b462e3870b88d0c397db5479d6b5139f421fd2f8b9
Training/meningioma/Tr-meTr_0008.jpg,meningioma,95230820a8e400b07c2a163b33753186a7330eb861590c52f87265b80a876d63
Training/meningioma/Tr-meTr_0009.jpg,meningioma,ece02805e688e8a2dc29cc5b0263c7ee0e30dffe3cd72a91215a944b80ea6c10
Training/meningioma/Tr-me_0012.jpg,meningioma,79d4af9b81f91700b97b92a54ffd5fc6ef40af3a4f484b1ae9305657437048c2
Training/meningioma/Tr-me_0013.jpg,meningioma,8693a1c585c6869c75d731a5acef6980cb34a2d11426401a73690f5ef9ac3aef
Training/meningioma/Tr-me_0014.jpg,meningioma,7b65b5bf288471ceae7c38bf1394928bb8fafdc99d23c28fd2585e86611dbc36
Training/meningioma/Tr-me_0017.jpg,meningioma,8f88573bb9b2e3db7f1b5afcb6a351cb7892ca6053c328f31b4d7c662102a6f6
Training/meningioma/Tr-me_0018.jpg,meningioma,80c7bc3cb769d96b6974160f1fff584b1dbf696f0f23e8e6ed57345f1b527719
Training/meningioma/Tr-me_0019.jpg,meningioma,97fd4eb9c0e1947bdbb15be3c79f58a5d1dc2ef10b7db12de4bfd8111bf64e2d
Training/meningioma/Tr-me_0020.jpg,meningioma,52488776ac119d52a7bae9df8a73d9e0ce5327faa148d917f512bab8f1ea1afb
Training/meningioma/Tr-me_0022.jpg,meningioma,4f8c800a279bcfbe3e63996ddaf5dd0390025db8b624988900c2b8de4e532323
Training/meningioma/Tr-me_0023.jpg,meningioma,12c198f544e64837398e6be7f56794836717001863b4f61ce9bf147517e9e78d
Training/meningioma/Tr-me_0024.jpg,meningioma,c29107b8aee854883151a50a6e13f95acabdfd9cce2b34144342019f378ce211
Training/meningioma/Tr-me_0025.jpg,meningioma,87fcc40c8b78be67e89584493312173a8712b6764863f141088aa8b69ad55565
Training/meningioma/Tr-me_0026.jpg,meningioma,985ac0d8fee117bce49d74b31c056f45a5e2bf6bc510b98b9cb140c11262fab2
Training/meningioma/Tr-me_0027.jpg,meningioma,978490f47405eea017e059a603921b1bbea9f8f738808b51d3ea639fa9ecc780
Training/meningioma/Tr-me_0029.jpg,meningioma,64dc12742ba893fc68e17e5677566102d94d3bff0b609c123e744d7682799022
Training/meningioma/Tr-me_0030.jpg,meningioma,5776354c82f75ed25b033499e4eced0b77beca5ac9f775eb27a86440a03dc050
Training/meningioma/Tr-me_0031.jpg,meningioma,35831946752d264ec4adc1e97221d5ba2304236bedee9c966c8689216fadfd77
Training/meningioma/Tr-me_0032.jpg,meningioma,c7f57878770e6ab440483e0757c523aa5c2130e9fe741bfcf7414b168178e17f
Training/meningioma/Tr-me_0033.jpg,meningioma,9c8fb7b3a545503a016816d5c0b97cdbde29a66eeecdfd5903138db72d7eb58f
Training/meningioma/Tr-me_0034.jpg,meningioma,ab61ad992671b800d2dac37311bc1ececdc237a5d90b15665b6e010add9e490e
Training/meningioma/Tr-me_0035.jpg,meningioma,0b8b30d15647d2a438402e302f3d661d39ec71d0909405ad00aa45069675e511
Training/meningioma/Tr-me_0040.jpg,meningioma,6416747c972d1fd717c8f71d6c9a9aea927d7c9dccf0d9e3812e103bf635d8ee
Training/meningioma/Tr-me_0041.jpg,meningioma,212186698aeab8d96bf07a07ba3475feec7488ac931dd71a89c58d72a2139fb8
Training/meningioma/Tr-me_0042.jpg,meningioma,76e610505ae94201394a20edde8fd8103ebd057310acc926b7c206609d073278
Training/meningioma/Tr-me_0043.jpg,meningioma,1b5cc7e3ff4c1dd8d2478d96f3a56554b315bd6a812fd04d98b193de1e537ae5
Training/meningioma/Tr-me_0044.jpg,meningioma,a427fa312cb3d0c36beeb8132403e52c0b1f1730158791a7dbbe284e6889b477
Training/meningioma/Tr-me_0045.jpg,meningioma,8ccd9367f62e7d71d91f6b8644d5ab359a9f8170aa7eb331b19e9d6190a537e5
Training/meningioma/Tr-me_0047.jpg,meningioma,f0f7b56a543685815266b9e9e0dd7ac8d4a0e03ec8669d0040b1e1ae546d084b
Training/meningioma/Tr-me_0048.jpg,meningioma,8fa67cbef7bf110cc9803171124fa23d5b9c007c3bb6550d3f90f474e263956f
Training/meningioma/Tr-me_0049.jpg,meningioma,6e44ac571db0e9e2286bf1c9aab00fab539e9c7760a689f884fb8c2114bf742e
Training/meningioma/Tr-me_0050.jpg,meningioma,13d08e8ef10ff5a79c5b61032e2ddb77be86fe5c9e5c4466452c4b48a985f21d
Training/meningioma/Tr-me_0051.jpg,meningioma,4392621e100ef2a98711920785c0304663317ff6d964a14c3a41b2b5f2d3318b
Training/meningioma/Tr-me_0052.jpg,meningioma,be95431b29f7d5e660ee54156770624215a1d3c24bd8b1f7744ae430efb1a775
Training/meningioma/Tr-me_0054.jpg,meningioma,57fd9be2c69c0710c7b0cfdb02d703a9fea1a98818c75c9e69df665abe3e6d89
Training/meningioma/Tr-me_0055.jpg,meningioma,e821593cfd23f5b6731e5eb36774a402524c852aec6434d845e61fa09428ec57
Training/meningioma/Tr-me_0056.jpg,meningioma,2aece17eaf2dfe73882e024fe2000ec2af20a69882e2edd78b88a56226133200
Training/meningioma/Tr-me_0057.jpg,meningioma,e749a299223436b26ca4f15cbbedff3aa9959d678e8f58f57474ef1e5e4569ea
Training/meningioma/Tr-me_0058.jpg,meningioma,0208fb1ef4e28eb7e80fa12fb16f0b5842c183bc23b9f28b4743cb47453f9199
Training/meningioma/Tr-me_0059.jpg,meningioma,ab3ff5117ba55f255f9dac3795e42eafe2c1101d1f142fd8e052bbf3ba85ed0a
Training/meningioma/Tr-me_0062.jpg,meningioma,0c3c91fe2c4031765c4362e3e352c52f0c764d9b13c0bfd875178fbe80595d12
Training/meningioma/Tr-me_0063.jpg,meningioma,92d4f4663661fdee2af01b2fea32bdad27e7270d1470fb3327bbe189636bf232
Training/meningioma/Tr-me_0064.jpg,meningioma,8bc7333cac19eae9e29c7b5ba6a8aa21e1cb565ba8b2f621d4f1164a716342ab
Training/meningioma/Tr-me_0065.jpg,meningioma,264dfa63119669509c7764feec8234b7067c042c0e41cf0978e4977216efa99b
Training/meningioma/Tr-me_0066.jpg,meningioma,e429c8ca3ba9e3f29065624a47b7e36cd644b910a92347a7519fa0588c52239d
Training/meningioma/Tr-me_0067.jpg,meningioma,4e4c88a11b026e6d417be242df7936dde4c09991e980c89f7f68adc5ef26209e
Training/meningioma/Tr-me_0068.jpg,meningioma,20ed864b4c9620f044eb92e965bb44418cc0e34fc0514b6887407570fa32d3e8
Training/meningioma/Tr-me_0069.jpg,meningioma,8022351aa7b8bc1c8bd100673393eb650b98d74c5a0a3c9f24fb7da31487680c
Training/meningioma/Tr-me_0070.jpg,meningioma,fd168fc8156c563ec1d83516c40f12c9d207cd0b669b6bc4f708e31f8eafbd24
Training/meningioma/Tr-me_0072.jpg,meningioma,9793890c7897afc841b9d8866128850ab507aaeaa0e2eaf4d40d2e38b617cc7e
Training/meningioma/Tr-me_0073.jpg,meningioma,6c32a611d4dc0d67d3588a12f6d002baae88168e19fbffec89a4414efb8cb8dd
Training/meningioma/Tr-me_0074.jpg,meningioma,4ef29b55631de2a2d58da244253bb5add45abacf8ca2481f886bb3e53185a0b9
Training/meningioma/Tr-me_0075.jpg,meningioma,c681f02e453d7a75acdea8a94e1dd39134c12b1a0ed3d6487481037a5e7b31e1
Training/meningioma/Tr-me_0076.jpg,meningioma,699fe696f159e80b8a97ae7c3b9d30af58141b7f1f02f3fea9c4fc3f4195a674
Training/meningioma/Tr-me_0077.jpg,meningioma,929a26a491d40ed3c57ae9ace8a7c01c146ccc6c0a6ca54763315c5e02ddc800
Training/meningioma/Tr-me_0078.jpg,meningioma,b9b139edb6459fd39a0735bfa358d9692e2de66cadce79ce9c81676410b0b1ee
Training/meningioma/Tr-me_0080.jpg,meningioma,b98f6fc45f20c25ab8bebfe22c4ef59ed89a3d3cb67153e43b80b547ec10aa58
Training/meningioma/Tr-me_0081.jpg,meningioma,58ab18c04f773649f0f02ab7885cb80e9ec87b927c8381646394d68fe2a80edf
Training/meningioma/Tr-me_0083.jpg,meningioma,f29d536cc69c876e7b5fa825cd2abe326d10952034d83a6b4056e053de3cc2fc
Training/meningioma/Tr-me_0084.jpg,meningioma,1c511b4ca76617fbc415cc5bb57f341473e16f2042ac2aaa5db8bfb44f20d2d0
Training/meningioma/Tr-me_0085.jpg,meningioma,dee8d2ed75a4edc6315dcdeba7f327ecb080dd9bb914f86b28db2c52f891d90f
Training/meningioma/Tr-me_0086.jpg,meningioma,449a1e34370986f2ee42424ed33fd0e6bf71219687b05b227be0365bf8069ce2
Training/meningioma/Tr-me_0087.jpg,meningioma,9913d4d00bfc19f18d7aba882f7e1002ae62251258ed2b4db286b46faa9a1f10
Training/meningioma/Tr-me_0088.jpg,meningioma,e5a710a3d8a915ff01d88d12ca9b823f99a2b8fb7d4fc9d0fce83075af6763a0
Training/meningioma/Tr-me_0089.jpg,meningioma,e4e2add8d0a06c38e9676ad2ad12b2dac92fc861613d771fbcb4c5d245662597
Training/meningioma/Tr-me_0090.jpg,meningioma,a74d73973d63cf6ca39ffcb44f2913976350630d23c112e48e6c9e9c3ffddd09
Training/meningioma/Tr-me_0091.jpg,meningioma,aee7025a0efb6ee7c1dbabdfae17a79288e745b66ba19e840368bdd0464bf68c
Training/meningioma/Tr-me_0093.jpg,meningioma,46e04eaced55a237c1c1f2288e247b2cf461f9efdfbfc6b401611549744db94c
Training/meningioma/Tr-me_0094.jpg,meningioma,b0923d71e92b686218aad9b0f8b1082eae5829420c54f3e97ba0f38a43f165cf
Training/meningioma/Tr-me_0095.jpg,meningioma,ce87b9ebfc318ca3d56c557ff4960b2cc8eb3d8af6b0f7bc5b41fcf75f7d3fe1
Training/meningioma/Tr-me_0096.jpg,meningioma,548760b3b911ae3bb44dbea176820f7eeb39fbb19fa7b77b9509851368bcdc6c
Training/meningioma/Tr-me_0097.jpg,meningioma,2afd271811dadb18683730ef88043d8545ed3c324359a2189b9c04bf32d61b89
Training/meningioma/Tr-me_0098.jpg,meningioma,726a66f71a0db2329ba4d1b8ce1c29277add761502709d46dabbb9f32ff0fd72
Training/meningioma/Tr-me_0099.jpg,meningioma,22a5341c7b075e0c833c6e231692aee8b01cf00f7152248fa1016f250c39aa6f
Training/meningioma/Tr-me_0100.jpg,meningioma,0967a79829d28ae415f9fae4350e8c69ff076c92b53929233562c80f2b346db0
Training/meningioma/Tr-me_0101.jpg,meningioma,bbba75f879197828cb45d31a22535a5cbb158279fd1c72854f47ce485945cb6a
Training/meningioma/Tr-me_0103.jpg,meningioma,897080afedeadae3593feabf988656047b563aa8b2e79a825cb1959e4bd9250f
Training/meningioma/Tr-me_0104.jpg,meningioma,447b63c09c4451ad33fc3ef867202554c18a4e4a3d6bd50de342da387ac2e94e
Training/meningioma/Tr-me_0105.jpg,meningioma,f0ee529e0d3a95364753bcad7055701b71317a84a7b81025f6bce96c0bfe1e24
Training/meningioma/Tr-me_0106.jpg,meningioma,3c1e3c352dfccc970ba5cb39fc65e10638d23f63bc2730dc2c2e4bec7f7ecdc5
Training/meningioma/Tr-me_0107.jpg,meningioma,312d86a802afa3cfd5f642f94c0aaf183e77fc05db7ef85ecd41e481f4a889f5
Training/meningioma/Tr-me_0109.jpg,meningioma,b32fc4a59c2d74862b979fa16c968dc58c80ad17c46b8eccdd5828a5f8c61845
Training/meningioma/Tr-me_0110.jpg,meningioma,6ace5bf2c3efba9511f6eb4ac07419ecc0497ecb4c564dcb5070707d06a8eca9
Training/meningioma/Tr-me_0111.jpg,meningioma,fdba6080bfdf2cc6f417d755d985bb99664856426a4b310cb88daa0ed74bf39f
Training/meningioma/Tr-me_0112.jpg,meningioma,a455e6ed13d1f013b2231329589f5843cb680cbb1d420cab1cfb2c54c6b67215
Training/meningioma/Tr-me_0113.jpg,meningioma,b55fac90f08f7635d7b8c6713d5f496ca3f22e4cf72f43b5dc6551b65f4ef8b3
Training/meningioma/Tr-me_0114.jpg,meningioma,9b7fabd8ec0caed3c3849a29ab2925d22d1271dcdec3d6ed0917b481baeaf7b2
Training/meningioma/Tr-me_0116.jpg,meningioma,11defc1c97aa665e3e2983e34b2a2902a20f83c622c20a01b1a4096dc23dc28d
Training/meningioma/Tr-me_0117.jpg,meningioma,c6c67e65e0be3103f363392a036e6edb7601f6b8a9b238e49eec27d6c50dca64
Training/meningioma/Tr-me_0118.jpg,meningioma,a24f1fd6d2a4118b8e3f292fa3938ed2e433250511258938559788568dc0292c
Training/meningioma/Tr-me_0119.jpg,meningioma,680ef75a2d3f76c310b70ee9e10dadc3b1dbfad061489f3eff6994bbadadf864
Training/meningioma/Tr-me_0120.jpg,meningioma,ed23ea62ba6e40d48c802f7a21f02a3c8eac3ee64899881ac8ce366218265947
Training/meningioma/Tr-me_0121.jpg,meningioma,a929675c622015e826cb0c266cffeb57444a714bb6a44389ba2259673a25fc9b
Training/meningioma/Tr-me_0122.jpg,meningioma,a1ed9509b447dd290e548448b6090a46376846d2a3344b30ce539bf13e9f2c42
Training/meningioma/Tr-me_0123.jpg,meningioma,49f350ac9f72537df374801a58a4c5dec3af188734669dc0055809b7e0e14122
Training/meningioma/Tr-me_0124.jpg,meningioma,f9a8aea13b45799e9b45c313f40ccb8e2330ca7c3d1cc6f2f3287839f8602ba7
Training/meningioma/Tr-me_0125.jpg,meningioma,8e477b22a432230513900b6c20e47ece13faada26bd13988e20cfd405a523e7d
Training/meningioma/Tr-me_0126.jpg,meningioma,95a10d9a5b0ce4020b91c4266233efe02343e8359ead5c743552ec2c842936f4
Training/meningioma/Tr-me_0127.jpg,meningioma,39b8a59903e645f2983db74d338a0b113309778ccdf53e0d8060a8e766bb1a3a
Training/meningioma/Tr-me_0128.jpg,meningioma,a5eeedbc6c1ea1cec516762dccea9792e7271c94159779adaaece11064e0cecd
Training/meningioma/Tr-me_0129.jpg,meningioma,4c73319a40f1cc34736c2fbccd776fdd225cdadbf03084f23c3b8597e3efd75e
Training/meningioma/Tr-me_0130.jpg,meningioma,1c48914ff9e011781b26b6321e9d44ea8e0e742a5827687886e4c4a076cd33ac
Training/meningioma/Tr-me_0132.jpg,meningioma,a9c70f38c43054c6d103449690310eacfc41dfe7ed7d1409528066a6655e797f
Training/meningioma/Tr-me_0134.jpg,meningioma,c611a4518e080d798bcff459388bf9dbd2b554996d9cb2bcae4d08f7d433c6be
Training/meningioma/Tr-me_0135.jpg,meningioma,fbe12b2a7a2bf03ba453b3c681ecd1667a1434b1caf6b2dea35b62406cc2b914
Training/meningioma/Tr-me_0136.jpg,meningioma,236eab57f7e2f69bdb3f67595ebb634e1853295d7145ddfb699822fd8bef2784
Training/meningioma/Tr-me_0138.jpg,meningioma,bfff10e50c1d25274305abb1881ab249ffcd3958650ddba67ea2047a20cae978
Training/meningioma/Tr-me_0139.jpg,meningioma,9f9902462c13c163e244589e1fe1b90191b13c88441cbc12d784be593042a58f
Training/meningioma/Tr-me_0140.jpg,meningioma,9a98cbd31643a3bcc1193ca2f79008f3c2b2e72df7d737857c1a399f90fe5316
Training/meningioma/Tr-me_0141.jpg,meningioma,3820fdb94631702a3f846e31a5b86a438890e5c5673143668cf26e1ffb7abd67
Training/meningioma/Tr-me_0142.jpg,meningioma,73df0a6e39d659e89029e7ed9c0e8d590b2998d5930868ce64ee73e2133fa15e
Training/meningioma/Tr-me_0143.jpg,meningioma,070abb32e9f7e45230a5b181bc4d7e731bfd8572c7bc0146f949fcde1549a0b6
Training/meningioma/Tr-me_0144.jpg,meningioma,ad03d689068abc7b44d7e402763043b5989791e0ca8bbb8c2f72f521e0f4e15a
Training/meningioma/Tr-me_0145.jpg,meningioma,ff7dfd036e3e8661030f4d65736a070f79054404c07b0a2a90a7074f5f0dc20c
Training/meningioma/Tr-me_0147.jpg,meningioma,29758f64ba84a4f20147ad114f2376b1cc38b0891a06e508a9d402acf226c9b8
Training/meningioma/Tr-me_0148.jpg,meningioma,1a29f9ed0321aeec696043b7c67021a38f9f5760cf6d3a7c93176da3eb18f9cc
Training/meningioma/Tr-me_0149.jpg,meningioma,7314db25d807e38689394539f8cc5d79d01b0270b1ba7790399c809e3c7f5e16
Training/meningioma/Tr-me_0150.jpg,meningioma,9e225e3e95fe7fb892c50f6e55ea794b2f0b64fca4ab70378c67bfd89ff9c633
Training/meningioma/Tr-me_0151.jpg,meningioma,7b77b7b9d5c576202a52bfa93ec6fdbd0135b2a9bec444351668aabaf3f281b4
Training/meningioma/Tr-me_0152.jpg,meningioma,ebd98af7354606bc7111fb8bbc09543bdf27bc0e05bf938a549c008d2085d763
Training/meningioma/Tr-me_0153.jpg,meningioma,2f39481bf3eb18e7c6a388b5de12622613a4c173bca95e2c904c7b3022ad33a0
Training/meningioma/Tr-me_0154.jpg,meningioma,9aa83dff4a422878908b096eb9ea6840541ba5521f97060aab775de0fe694f9f
Training/meningioma/Tr-me_0155.jpg,meningioma,e2baedfc735fbc7ffd8e04723e77585e3209c267b506d756908ddea0a615716b
Training/meningioma/Tr-me_0156.jpg,meningioma,a7e18b28461707d3e8d7682958fbb9b669ebd645e4b0702cdcc856677319c271
Training/meningioma/Tr-me_0157.jpg,meningioma,a8fea0dd3e90727628dcf6d71f08112fa682fbea0eace20a306cc470d2b8360f
Training/meningioma/Tr-me_0158.jpg,meningioma,a7e402c87068173bc87a9383f3f7e1db4d2b1fb1cc1cbe99b68444e8f1b17fcc
Training/meningioma/Tr-me_0159.jpg,meningioma,92ec70d0238cc0615ce2ba79fce534c44022e5f1ecc5ea5708628b25e0a22fab
Training/meningioma/Tr-me_0161.jpg,meningioma,d06b09c04650f0074f8cd5371622dc27ed76824286e8ebd37b73fc04aab74673
Training/meningioma/Tr-me_0162.jpg,meningioma,a933bcf64cf11f1f6d7fb72dbb9e9ef31a7ef9361841c31c7f685a73476aa0e0
Training/meningioma/Tr-me_0163.jpg,meningioma,ceed84105c284112a2cf2079fe7325d1b741251227cf119de7f9114e2b76b3f3
Training/meningioma/Tr-me_0164.jpg,meningioma,ff3f14bb91784fd7068c728cd8eb6debd8ecb891fd4392a5c22465a5d79a3f11
Training/meningioma/Tr-me_0165.jpg,meningioma,56c15ecccd01ef1b028ee16f2ad81f66b7a300072266cb60c8d4ea2af4bb42c2
Training/meningioma/Tr-me_0166.jpg,meningioma,622644677145b5202656ca1d281cc6680c12f440a077e4af7f5e85493a1b890f
Training/meningioma/Tr-me_0167.jpg,meningioma,1105b29d6d5b9c2a3c59314b8fc63c661df43e488beb0d996a1bea7079643b42
Training/meningioma/Tr-me_0168.jpg,meningioma,b53353cf2ca67b3a2cfc03843a14a774c08257de9a0f44f016f3c6650955a619
Training/meningioma/Tr-me_0169.jpg,meningioma,a75f3d6a34ffafc4fb88ae4bbd95408fbe07bae9404dcb2931fd9b557f786762
Training/meningioma/Tr-me_0171.jpg,meningioma,4ce9a3a42d463c0dcfd3261df9ead9b69aa7b81a61cdbf78fe4202f87943beac
Training/meningioma/Tr-me_0173.jpg,meningioma,855ae8d829cd4d8f9de087dd3e9b0e923b5e44d350006dd43ba10bd174f796ea
Training/meningioma/Tr-me_0174.jpg,meningioma,55538ca1bb6785372040a44a3e24bced61f4281ba5fc219caa4314fa17370e79
Training/meningioma/Tr-me_0175.jpg,meningioma,4951f7ba2e002020c835b3f50136c3249f3ae004624b35a262e65dd431d70e56
Training/meningioma/Tr-me_0176.jpg,meningioma,24f09f91af40e42f2798bbc29df353ce17e6a0c0b533fb923b2fa8f75df6b496
Training/meningioma/Tr-me_0177.jpg,meningioma,11873a8683abe28361c6bade8af7887b5b84ff0d3e73971b9ea38f8acfea9008
Training/meningioma/Tr-me_0178.jpg,meningioma,9caa6d599f0ac5f111c5d81e3ac9c67be237310a05cad476d63e111b31725152
Training/meningioma/Tr-me_0179.jpg,meningioma,ae8aa3c5ee2590c27b3ce8b795ee1d76d399da54bb4682fe01ea50f8fd15aac7
Training/meningioma/Tr-me_0180.jpg,meningioma,2aa8a4fe434572ac49e227350a72c6b1bb148b4f41fe6226399b36239e01283f
Training/meningioma/Tr-me_0181.jpg,meningioma,2c8be230a33c267864fdce27d56db309cd612981d9bb68b2b3ce9b8f18e57c31
Training/meningioma/Tr-me_0182.jpg,meningioma,6ad9d32cdae2045bb1b09e49987220483033847ecd38c2a369a63bf4fab0194c
Training/meningioma/Tr-me_0184.jpg,meningioma,c4d0ad53156cd1b77ce696394ebcf92492e1b19990e350438eac561f282a7405
Training/meningioma/Tr-me_0185.jpg,meningioma,f616b9837968d5071a28021d1dd0526700f49eb0633b8f1c93f10d3fa9add76b
Training/meningioma/Tr-me_0186.jpg,meningioma,8f00d41c82c3103bd11acbc0a85a1c823fa9147de85247211d857f8182d69bdd
Training/meningioma/Tr-me_0189.jpg,meningioma,d3dc17e9beb57b30ad2dee3323cb2a7a7e893bcc0666b7938600f71decf5fb39
Training/meningioma/Tr-me_0190.jpg,meningioma,eca47283498dca90a78adbac146a0c95a7352e944d7364f3d3f46adf4c60357d
Training/meningioma/Tr-me_0193.jpg,meningioma,37f56b108bf51b46843a02ee76d310daebdf2d9fcbbd0d8554514689203b7d90
Training/meningioma/Tr-me_0194.jpg,meningioma,df3b60233bc68318448f9d2cc3ca4cfffe663807569eae0dc839e3a97d262117
Training/meningioma/Tr-me_0195.jpg,meningioma,bd694839a7b18d8a031c43a2e76ea7603925ba43ac1349cf094d88e8c76ded6a
Training/meningioma/Tr-me_0196.jpg,meningioma,560ac96dc3f7ab9c6b84af2cb3f6a4a7f510b75e865bafeaa95f705992846861
Training/meningioma/Tr-me_0197.jpg,meningioma,dcdedbce322da66be987e07d9595a8ed0f27df8ab9c06e450299c87caf20ead7
Training/meningioma/Tr-me_0198.jpg,meningioma,96c69ebadfc6c5a736937c6bdf11983ebf111d0cd9f738b1c1aafa96dc61f551
Training/meningioma/Tr-me_0199.jpg,meningioma,faf979dc936e8bdda191a2af8b4790136ff54f4e9a3319ffaa9f06a3c8216b17
Training/meningioma/Tr-me_0200.jpg,meningioma,80dc72314701e8e722242e0e012c4c67f3a6d38b61138a9a01e251ae779190a4
Training/meningioma/Tr-me_0201.jpg,meningioma,9c8572b3fb29d4a2467cdd2a8ef06efadb3430358234296b9e3e9fd6d8b31a0f
Training/meningioma/Tr-me_0202.jpg,meningioma,8014da7bd1038ca29824ab595a45f36d1bf1316872250c8c3110a05c74ac0d3b
Training/meningioma/Tr-me_0203.jpg,meningioma,704920b952a5b39458c8878301a01e0a109fbdd81f06c502346f6c03913de5ca
Training/meningioma/Tr-me_0204.jpg,meningioma,a70f40c8cfc4a3811c80f6f00cc80d890c602ccdd5cb610c4e77db115e2195c1
Training/meningioma/Tr-me_0205.jpg,meningioma,8fa0f1b0bad36d5bd71216ede76d56161464a390dd2600b0b1cbb81038188c39
Training/meningioma/Tr-me_0206.jpg,meningioma,d91ae0e0d1f99015ce544e9428ed73985c5aaa9fa4a189039c114b41e83ae67b
Training/meningioma/Tr-me_0207.jpg,meningioma,bdcb36433384ba17ee22c69a3e4f9149b20b69ecd85dd272a80dda704aff0aa8
Training/meningioma/Tr-me_0208.jpg,meningioma,32e43c129cf6fef5fecb82419213685e652d4dbc524f7c7f9d11c42b91c28fa9
Training/meningioma/Tr-me_0209.jpg,meningioma,556f561ec1c7743e7a8dfec5de7d34c0ab28e60352c21c677b2bb7354baeff1f
Training/meningioma/Tr-me_0212.jpg,meningioma,f260fc621e5ae555a5eaaab2dcb29d491386a3849191b0ff9556bdf18a5ada76
Training/meningioma/Tr-me_0213.jpg,meningioma,b27ac167c8160d312a57ec533957914bb1a29c2ebd1b6670449cd8ddbe987e2e
Training/meningioma/Tr-me_0214.jpg,meningioma,7ae82ad05ee2fd7dc4d6ee5f4793ac4fc8c416bba68b698a2df7d59d76b1cd2b
Training/meningioma/Tr-me_0215.jpg,meningioma,3f485834e521c740f298d16190f0afa1209a0e2d01080015ca6a8b5f3febe1fe
Training/meningioma/Tr-me_0216.jpg,meningioma,df42fa96f4e750ec67b95889f912770e0408328899912b9497691c99e3fb63c3
Training/meningioma/Tr-me_0218.jpg,meningioma,4dee52eb749d6ef80648eb84b951b084a60543ad6e60e878bfb8c5d5dcfab4bd
Training/meningioma/Tr-me_0220.jpg,meningioma,eb9fb089c64c264e1b69fa99df94d15eaeea7fe1e1abf02067a54bb2c7831900
Training/meningioma/Tr-me_0221.jpg,meningioma,45938b1b529e1075b171d940aabb0388b4f863984ab96af7879025f0b31a668c
Training/meningioma/Tr-me_0222.jpg,meningioma,44c5b942e58c6d70f1c96fdc7c9b3a0b960c2d41bb74546d96006f8d588c9b03
Training/meningioma/Tr-me_0223.jpg,meningioma,887770a828d268a2487b833f31281d0291951557c1ecd96ed38f3e8966d0def0
Training/meningioma/Tr-me_0224.jpg,meningioma,fad1650afc5dc5512c9215f9f48dc1008498bba45510289e6df9922b120dcae7
Training/meningioma/Tr-me_0226.jpg,meningioma,09efecdd6ab7be71c5bce1f0b9d293ca126d1b49c5f1c7c6baff17a65fbbf8c9
Training/meningioma/Tr-me_0228.jpg,meningioma,7efcd87636c28a674f2abf3bc6255eb1e786c12f40e794e4a3292c7381be4f66
Training/meningioma/Tr-me_0229.jpg,meningioma,589c2d7cc54da48a6870686143589d963f0c4d9da3d44c884ae61969f4239780
Training/meningioma/Tr-me_0230.jpg,meningioma,7aed0c5305f66cb3c67a0d617ef6e73e3f965cff91bedcc3bc074fba768d152e
Training/meningioma/Tr-me_0231.jpg,meningioma,e43e01934b68943651419d25cae4ccea04db2678db91b0e6a257c54732f920f8
Training/meningioma/Tr-me_0232.jpg,meningioma,edaff90338db46c64d17412392dc68cd9493db0ebc3211c51a93021baa25ef09
Training/meningioma/Tr-me_0233.jpg,meningioma,ad80fb721b5d5ee5b77ff2e29e3473a54db92a5004c7de810fe1353e89a65d33
Training/meningioma/Tr-me_0234.jpg,meningioma,b6004e9d2015cbe1793941034ee633464ae0b57b9d91f01fdd1581640330a86d
Training/meningioma/Tr-me_0235.jpg,meningioma,0660f704ba18060c2ad636f7e77b8ba9b775ac3116699c1bdf97499be215da10
Training/meningioma/Tr-me_0236.jpg,meningioma,8e7f03d49cb8deaee3062b08512d7aa7c9dad950828678dd03fd076f0b3f3e88
Training/meningioma/Tr-me_0237.jpg,meningioma,f17a463d83cc7fa4f2608f3791009e6bc87d73118755ed6043adaa054d94b695
Training/meningioma/Tr-me_0239.jpg,meningioma,e06cbd846ceb5fc12ef5b7407d421fe2ed2641de68cdfc6ba64ea4bfa85d8fcc
Training/meningioma/Tr-me_0240.jpg,meningioma,ad57597d0f3bc65e1fded17bfb078bce687e28339b5d779105645145816908c0
Training/meningioma/Tr-me_0241.jpg,meningioma,8ae6b462e807908c4ee9ed56dfedef1c5e0151e543d820be29803cd56e4c38ba
Training/meningioma/Tr-me_0242.jpg,meningioma,3dda830ebaa3389847012b51952891707f147df53645461c849dda635a9bb3dc
Training/meningioma/Tr-me_0243.jpg,meningioma,51354c7bdca6dd0d7a03ed215d768df8ab0db7f7831226e3b90af30e5863bc8d
Training/meningioma/Tr-me_0244.jpg,meningioma,0fb56074c33854864a2e00a4ffff662efcff4cbdd2970cbcb29963d05a1c1ad7
Training/meningioma/Tr-me_0245.jpg,meningioma,0c7d71051f276819c1811d2cd311f32cf8c4618939f1f31bc7f64fb417950dbf
Training/meningioma/Tr-me_0246.jpg,meningioma,ce8b974baddb2dc8bac4115b3f5c9c3006cd7a0134c3722906ef5c08d3294150
Training/meningioma/Tr-me_0248.jpg,meningioma,1f8de2ac3bde04fbeeafe1d774b248297d76d5e9721408c96e9892d5a3acc218
Training/meningioma/Tr-me_0249.jpg,meningioma,e2c7bc9c2d735e5b584b329f5cda1aec1f2415b2972c4aa8efc8d0a61e61b280
Training/meningioma/Tr-me_0250.jpg,meningioma,62de21ad35edc274140c0f364d02f6e9117af8dc98e56e344bce8b219657197b
Training/meningioma/Tr-me_0252.jpg,meningioma,989297d05b6c7b2c798c7efeccfff51fdf412e9e774b87cbe25d9f3909d49111
Training/meningioma/Tr-me_0255.jpg,meningioma,6dd5943d1831c3b133d5e8cbe5a3f87087256db4ac6af3e8878df2a0255efc87
Training/meningioma/Tr-me_0256.jpg,meningioma,ac3b5057b4ed5d49532b1a442243bdb6cc9e5ccf417421c0a0fbf7478a50c504
Training/meningioma/Tr-me_0257.jpg,meningioma,4c3af3bbaa0e4fef239bd973509aeda877af2ba720a3d469a1d5438a9e55a910
Training/meningioma/Tr-me_0258.jpg,meningioma,18f69cb88362d858b70ef6e119ad2676bb82a0e5e4103352949fc6ee8a2d9b8d
Training/meningioma/Tr-me_0259.jpg,meningioma,2675eef8145df6693b593880acefd680b77d1fdb3d719ed36fc478f54baea924
Training/meningioma/Tr-me_0260.jpg,meningioma,c8f4e6c756ce13736de8efe827079034e0265bd4dc9379f194c819c90dee49e1
Training/meningioma/Tr-me_0261.jpg,meningioma,699fa8d35abf23b9730f03bf92107d3414ce08bd874546a16825a3d5c4724f0c
Training/meningioma/Tr-me_0263.jpg,meningioma,43d69187c66f53cf5bbfaad79bdeda18678b2bde8f1c144c051e4a8ae1f53fe5
Training/meningioma/Tr-me_0264.jpg,meningioma,9baac7589f86296c10c7ba8cc026cd6f975fea93d53a82991baff3fee28af182
Training/meningioma/Tr-me_0265.jpg,meningioma,49e13da805572838ee86f2e79b5bd620bf5d1284c62b70cc96599aeb01f115ff
Training/meningioma/Tr-me_0266.jpg,meningioma,301c9f4242d3f7208d7099e307f6de9865b31d6b9d6d71a76e52344e9b84e90e
Training/meningioma/Tr-me_0267.jpg,meningioma,5186f1029b7a4afa09dd8160cc196617d6950e8230e164e73598263736be95b2
Training/meningioma/Tr-me_0268.jpg,meningioma,5cb7df105e6f8ded5c798d540089ec9e5170b068992d8451881f872bcd46c41c
Training/meningioma/Tr-me_0270.jpg,meningioma,e465760e8b0ca460951cfa70174020194061c32793bc236212be4280a8b25a6e
Training/meningioma/Tr-me_0271.jpg,meningioma,deaee0ac0187be63718484cd3a6bdc76a6bbdfedc10ea56e36045feb624bb24d
Training/meningioma/Tr-me_0272.jpg,meningioma,e6ca19cc14a4c5dfaee656165c5b8c93608ab5adb96c354b15fec32fd3249857
Training/meningioma/Tr-me_0273.jpg,meningioma,f9d94f5dbe03a80e7725fbfd4927ef965bf852983da2497e40addfab16c94a3e
Training/meningioma/Tr-me_0274.jpg,meningioma,9ef07d315f8bb789b47f544050569f2b3403ccfe603daf97f037b46f691a28d1
Training/meningioma/Tr-me_0276.jpg,meningioma,f1871bee9eb8abe560678ed1f1242f4b1e92dc78b99b183e9ac69ad7f147f8f4
Training/meningioma/Tr-me_0277.jpg,meningioma,2e27f1fa36558c2356b50a6f437d33f07c9187b3adcba56977e04aa6f30b3d68
Training/meningioma/Tr-me_0279.jpg,meningioma,8a78218d3ea57c7e537c14609d48154a1cee9748243fff43f287db8c1957d11f
Training/meningioma/Tr-me_0280.jpg,meningioma,e0a8bcae6fd316882e5ef3545fa8445cb9c60c6c038668b0821e9e50d3de307a
Training/meningioma/Tr-me_0284.jpg,meningioma,319187cdcce4bab2a76e9ac211fb3d8405bc2e5ecf675a0efea1f7246f25a3ab
Training/meningioma/Tr-me_0285.jpg,meningioma,c05fcc3657c8950f588e6e56d34a278b3e03e283225f08217c21ec4f12063a64
Training/meningioma/Tr-me_0286.jpg,meningioma,5f3a684964a423e4d2456ef3311383bdf0ea4018609307ca3fe3be67d42a2156
Training/meningioma/Tr-me_0287.jpg,meningioma,63af1d654e0fead8c50f98a2a1f884eb517b7277ed7a1c9343d0861948721a5d
Training/meningioma/Tr-me_0288.jpg,meningioma,5c86839bae4a210ce594ffab1fe86a077ef24fc878fa4ec174665532de8d3444
Training/meningioma/Tr-me_0289.jpg,meningioma,6fd6103f52741a38cc0d1b00fd62ffeca449078cc870b5044f4221bf26f0738f
Training/meningioma/Tr-me_0291.jpg,meningioma,f4a9139e93bf925cfde66d30a5da4b6e709e95c97fe3938080f2bf0942b2aec2
Training/meningioma/Tr-me_0292.jpg,meningioma,6b436fb29f9dd27c8e6a2f30c8d516947c3b856bad43c45b7722e8360e517cbf
Training/meningioma/Tr-me_0293.jpg,meningioma,345457dd048fcd7ff0ad0feb1acf999e5d02c686f5dd0c22ba82052a95043c5d
Training/meningioma/Tr-me_0294.jpg,meningioma,8dc3370399c3acbda2cd0997ca79b1f63bc2e3712de382a536d6c377ea024ac4
Training/meningioma/Tr-me_0295.jpg,meningioma,afd3f09fbc49f3cef7c7647498d43c5ebcd993fade62be7ffd90f182d5ae95b8
Training/meningioma/Tr-me_0296.jpg,meningioma,afb11d657c31cd964d904585a6b1d00e4a5a6c24f60c762b16f5f0ef3448bf74
Training/meningioma/Tr-me_0297.jpg,meningioma,9469f3922b9aba7e9f41eb4c9426ffe76d2af35692325eed8ff10eb1f82c60ef
Training/meningioma/Tr-me_0299.jpg,meningioma,8ebbba2d110a4c306f4c227964bf3688db27c052fb9191171854921a859ba8a6
Training/meningioma/Tr-me_0301.jpg,meningioma,0157ee63732747449bb5170ef1445aa91919c887ee01c866bc24655d464dfd81
Training/meningioma/Tr-me_0302.jpg,meningioma,53a9c295c5089d539a4de4b26d0b52da431dbe6c6b040e63a905bdfb1f5f2a58
Training/meningioma/Tr-me_0303.jpg,meningioma,141138c436ee1cfc6ca00fbef0a6bebb18fd9fa799992f6ddd1b99d315c107df
Training/meningioma/Tr-me_0304.jpg,meningioma,cb8684939f89f31e88e071115567018ab57a5f0451ef95569a6d34ed22e7c576
Training/meningioma/Tr-me_0305.jpg,meningioma,17fa7362e2aac6d61219bac2f1ad9c082f12f1e50de77f08a64cd8093920aa25
Training/meningioma/Tr-me_0306.jpg,meningioma,df1a100dadf09a290f7a99447250b450ace656c7a36f20f9d7fe34e140f84850
Training/meningioma/Tr-me_0307.jpg,meningioma,19615a62739441a672a977831f8882d6a661287e3fc0e1a267941b9986b921c7
Training/meningioma/Tr-me_0308.jpg,meningioma,d5cc54cc9f32b0114516b55a5d62e3900f586cd71bd17912a82be745092b71cd
Training/meningioma/Tr-me_0309.jpg,meningioma,ba5d4ce75335ff903a177e8a651422ce137dec4db910edddcdc8cc4b7c90e782
Training/meningioma/Tr-me_0310.jpg,meningioma,afd2334a13bce212dd22ac3ab2bb662a2e334d470ecf02152b09b3862aa3c791
Training/meningioma/Tr-me_0312.jpg,meningioma,a6069f1603466549c1e6e80a46bd6c632b97a9f5064cfd6ee0e5f6f81f32a01d
Training/meningioma/Tr-me_0313.jpg,meningioma,01338ffff1ed97698465eef56832b6f1b0c5dee1ca29c5bdee6170e0407ae3de
Training/meningioma/Tr-me_0314.jpg,meningioma,3e4fe94fcd8a70b5c029f7ea855604275ce818be383392b41ed37fb578678598
Training/meningioma/Tr-me_0315.jpg,meningioma,880e240e5625961a1ad9aaf92b625df6038c6a67a9a09827aa8a7e8a5a4d1ea1
Training/meningioma/Tr-me_0317.jpg,meningioma,acf04902f404e9847282f79bb57f0a6685307fa94ae0d88973faddee9c702ebb
Training/meningioma/Tr-me_0318.jpg,meningioma,0e1e504b3f86b954964d8614f13b726a96fe12a9b7a1a9712c0424f96d2e9b03
Training/meningioma/Tr-me_0319.jpg,meningioma,79d2e277c89e5f5bf0d41472b717767a86f69fd4b0c55181d5f1b4e603e61068
Training/meningioma/Tr-me_0320.jpg,meningioma,35e6c8e8a6a1e6b6d8691175c8ec091f759045fd73bbb9543a4fe29fe1794c1a
Training/meningioma/Tr-me_0321.jpg,meningioma,47211a9c0be7bd6a476d47ca82664ad929feaf5455b22701529c3d3761f8fa95
Training/meningioma/Tr-me_0322.jpg,meningioma,614429ebc577e596bd9c70edfbf30670ffd407cb8522e9f7f1a974343f057ab2
Training/meningioma/Tr-me_0324.jpg,meningioma,e8beb567ef9fd041d85dea070642eb31e0aa80ec77edeb05a5a7f55a298e4751
Training/meningioma/Tr-me_0325.jpg,meningioma,e28edeb147e6e9347814198c4d3d87a4db27fbb3e6288829cea52effab51b445
Training/meningioma/Tr-me_0326.jpg,meningioma,632b2be4fb34f336291dd7603e43ab5cffb2bb53de702938fda180bc6a250601
Training/meningioma/Tr-me_0327.jpg,meningioma,88b67024fdefbff05467055188402a9036dede7e9443da9dc8474df35e4016f7
Training/meningioma/Tr-me_0328.jpg,meningioma,4d32822f7d5533f552c71cd2eb026924c1bf23acb00f73b1cd44af294ea5c537
Training/meningioma/Tr-me_0330.jpg,meningioma,2c0d18a0a97e4908777c6cf5654d16b87da95d98e2d78eba1776c1c7d4576119
Training/meningioma/Tr-me_0331.jpg,meningioma,062b24144862cbad5348c5ba7afe57498134617b568ca061bdbe1b77805f1a28
Training/meningioma/Tr-me_0332.jpg,meningioma,9f08021e07ea5ac142fb7d2383531e1a50159835d24fa5077a10516eee0865c9
Training/meningioma/Tr-me_0336.jpg,meningioma,e060cc6d2598883149005708851865495ae39de6ba2140724a03e36da6d12573
Training/meningioma/Tr-me_0337.jpg,meningioma,0849cf44dc2e4157db7e3e4e9d94aad8826d10858e13865a0b35b0230919a7ed
Training/meningioma/Tr-me_0338.jpg,meningioma,ad1b1c66b5a812fd00a091ff98966351824c49222910e91148fdee2ce35f8b1b
Training/meningioma/Tr-me_0339.jpg,meningioma,2e74a6409460cdf442669ed18704346d3e53cffc3960131fe90c2594f7b785b8
Training/meningioma/Tr-me_0342.jpg,meningioma,43eb7e9a031777a058078a28b13ef57e9e56c784921ea9bc6e55ae321c8fc97d
Training/meningioma/Tr-me_0343.jpg,meningioma,2ed1bf065c80b3ebb1cdf12990d17b9678ed95a1d481af05d5fe16218ee2314b
Training/meningioma/Tr-me_0346.jpg,meningioma,6340faba2fff3a8e99b8a8a08805383f95adf276c2468136af37199cdbd87f33
Training/meningioma/Tr-me_0347.jpg,meningioma,ffde8c9d95515daa525cce3d7076fb9394b986feaeebe13dbef961194b276eab
Training/meningioma/Tr-me_0348.jpg,meningioma,8e265544429e2a8680e6678e4bbc97f66cbd761b24876ebcfac197e896aff74b
Training/meningioma/Tr-me_0349.jpg,meningioma,0ba03ab9cf461f32249891827265221c8f15b16d2fe29998f5734ba9e02f9051
Training/meningioma/Tr-me_0350.jpg,meningioma,9cddc38f5a2f142978a0dc686fa1df7431f958f3b46be5e8b905d16c7c4cd8e6
Training/meningioma/Tr-me_0351.jpg,meningioma,1ee940507fcdf032b6b48202c8d64f0830ab5c52f78f8e88bbcc7c8d981fcac1
Training/meningioma/Tr-me_0352.jpg,meningioma,89b8f1d3133f69388cb79c6ba2e0304cce6c0e64e86e501c6ae506b89c1f661b
Training/meningioma/Tr-me_0353.jpg,meningioma,41076a12054d0fadc265da977a34bf1e31b0dad4f2dd926237edebf0352b878d
Training/meningioma/Tr-me_0355.jpg,meningioma,5fe53f576bbe8a5d3fb4ee950e5c3f944e6bd0dae6c3a0276286d8e39777fb22
Training/meningioma/Tr-me_0356.jpg,meningioma,55ccf056c0175f89cba689ac5916a759dcfdf404f79804d528a20d99ebc0ba85
Training/meningioma/Tr-me_0357.jpg,meningioma,c6c7b3131d20b2ffad95ed0821665cbb7ef9595b0f5c21478647a4bff22a7d15
Training/meningioma/Tr-me_0359.jpg,meningioma,ed8a4acdf797b274e59a042572b213245546466541e6ea6ec1c024ef7673f3e4
Training/meningioma/Tr-me_0360.jpg,meningioma,995eefcf311b352e0f1e8855db68f9c40e8aa033f422663b715860c76aa4b1db
Training/meningioma/Tr-me_0362.jpg,meningioma,7d39842353a737627f4d47ba9e14c3b18438eb271209597cb48ba493640243b5
Training/meningioma/Tr-me_0363.jpg,meningioma,a47bcad5ac91f50b2fb3590b03fd0e575cc10f3a0c06c1d35a61f397b6efaf39
Training/meningioma/Tr-me_0364.jpg,meningioma,b7e81c22bf6e933905cee1abef434f59f4f597b36e290ed1952c8adf3e23652b
Training/meningioma/Tr-me_0367.jpg,meningioma,23f28ae3e7fa2f1560f4d1a399198490c4516ca9e5c9e8e54cc54494adc26b22
Training/meningioma/Tr-me_0368.jpg,meningioma,d38c8660982ec2f35b1f83a9c71684e8e10b20d0ab78863b1e9704252cad1a90
Training/meningioma/Tr-me_0372.jpg,meningioma,8feb59bec50cc92d714f81222f6ab98f645ddf560e65e2fa74f9e998f2ea8572
Training/meningioma/Tr-me_0373.jpg,meningioma,b224ed7be94644e12c33893d9be14efac4d5fa9c6b478e87fd914a7c3a92aa4a
Training/meningioma/Tr-me_0374.jpg,meningioma,12b61dd024345a4bcee5e33ecb45aa48c41a4ce8b348deb0da8cff97fba5e61e
Training/meningioma/Tr-me_0375.jpg,meningioma,3a546b4a5d1644d1032f09c3dc93d6473967c3e1285e27ce82a69a2202a97000
Training/meningioma/Tr-me_0376.jpg,meningioma,8e0875123f43eca1fe354256ce7b2715fd4f82c182c293446e04bbe30d0e96c6
Training/meningioma/Tr-me_0377.jpg,meningioma,82a9fe8cc14bea6a6c4984f557d6800c1727d5d074e0b22cd76315d08627623e
Training/meningioma/Tr-me_0379.jpg,meningioma,5389b72dc6fc0a43d7d2d607621cdfc4a24b1f776918bd7f98c9043fa1646d96
Training/meningioma/Tr-me_0381.jpg,meningioma,ddb90b3226855dd3dcc8f76ad2882b7943d9f28c1e9db0218ec77c5f9a50ae1f
Training/meningioma/Tr-me_0384.jpg,meningioma,678fad2e057952769a28d244b79d80a4fb0c7304c0729f20119ac56977335eff
Training/meningioma/Tr-me_0385.jpg,meningioma,30bceaeed6fdb54c3e7a6421d2abbe6778799107e75d85d017a07ac22d757270
Training/meningioma/Tr-me_0386.jpg,meningioma,abcc14e8036ddacc88c09e967431135c0fc36e0ff1f9a77c2b31f4c088756b24
Training/meningioma/Tr-me_0388.jpg,meningioma,e90e1087aa8873c9d312e2523d70ead6e36f10a25cb47e94cb9d3f68681cde00
Training/meningioma/Tr-me_0389.jpg,meningioma,513370f24ddf6bec2ce1bc19ae407bbefdece66d39a07a6ceb14e40da09b53a5
Training/meningioma/Tr-me_0390.jpg,meningioma,714dcba1b29d9fd488bf49b83e7c60af8400c2d6209269d5af9fda14cb5f20e9
Training/meningioma/Tr-me_0391.jpg,meningioma,e24e3035ac225092a30a9fd0e9c3a2445db45a4fef4cfd709e92886f9c80dba9
Training/meningioma/Tr-me_0392.jpg,meningioma,02bcfe2db34e22a055a6a8f81b40b2ba1f96870b34afa91799e76ad7fee33d07
Training/meningioma/Tr-me_0393.jpg,meningioma,fccafde850490fe103983f0f1fdb9dd1c1a2b14af837c1c6b4380b59db277d8a
Training/meningioma/Tr-me_0394.jpg,meningioma,27b8c4f81133de62508947c2aaeab75060c3f2eb706619879a1f6ddb76f8af1a
Training/meningioma/Tr-me_0396.jpg,meningioma,c1d4e7f3d446c8c4bbd02a5c4c848431aa42e9a7cc81ab1bff0ba99a45fa209a
Training/meningioma/Tr-me_0398.jpg,meningioma,9f3ef4c881abb5359713cf190cfd94eb9479acf863bc5331c6c7d7dda53dea5f
Training/meningioma/Tr-me_0399.jpg,meningioma,1e2ec766570fbe2ed7dfe6ed39d85e5df218f0b640513593551d2dc58a51528e
Training/meningioma/Tr-me_0400.jpg,meningioma,010bc80bb8c8dac8251662c1dd9c23d3a210aff06ed5405503c34f0516e47ce0
Training/meningioma/Tr-me_0401.jpg,meningioma,9d45456a3d961891376c61c6cab8cec85ad07b0f5b7e9d6ed295b05632f30163
Training/meningioma/Tr-me_0402.jpg,meningioma,b59d01fe0c847a7647f905d8a7e4efca2cba06d0bca161540334ee600f400723
Training/meningioma/Tr-me_0404.jpg,meningioma,27775921429c3faf20846e103f5b6bfb605ea3bd2f434edcd9f08d5de3605bdb
Training/meningioma/Tr-me_0406.jpg,meningioma,a3acd2c91b58b3838d09b1a86aeaeaad1ee82f1b7f6b50b630dafc18082d27cb
Training/meningioma/Tr-me_0409.jpg,meningioma,1bc3bfd538c294c77249266cd81c2d02f496dc0926762d8857d5229719962f7a
Training/meningioma/Tr-me_0410.jpg,meningioma,ece5885a02c4d35c2e4034f57689e1c1086c080760f01d566efbf7fa6c2c2206
Training/meningioma/Tr-me_0411.jpg,meningioma,49887bf4354c15ef45e4de4bf8f5ef5a3362e7e8468a253ffd4b1ddd9a43b892
Training/meningioma/Tr-me_0412.jpg,meningioma,95ce3ff4f8aa2904399f9a289455987541f7a02082565a807db04494fde56ab5
Training/meningioma/Tr-me_0413.jpg,meningioma,ad6994aed62e0573264c2bea298236f03dc33defffcfbc146e461fead73aeaf5
Training/meningioma/Tr-me_0414.jpg,meningioma,c3c6b4be48436c8f3a8eafed3da4b98db4e80c146d737df301d6af42fb4450be
Training/meningioma/Tr-me_0415.jpg,meningioma,22fb98f697d09c353349e62d35ea9b8ae94b62252818d709024540eaf1d3e098
Training/meningioma/Tr-me_0416.jpg,meningioma,73a0e5d8b81640305ec22876b3f18a60ff60332fd2d9099c516307a834835ad1
Training/meningioma/Tr-me_0417.jpg,meningioma,a291c4452d1645f1267ee4009dcaad3af2459bc8ce2832a8a3e7baa17c0f87f2
Training/meningioma/Tr-me_0418.jpg,meningioma,e0d358db25462ed2907061e77a1215ab5ef2b9d490552173ab5fbd89a5fa6fcd
Training/meningioma/Tr-me_0419.jpg,meningioma,1434e15d6bb08099f3610f5a96f92ba8a0627576f6f683c4d7090b3b20ed3542
Training/meningioma/Tr-me_0421.jpg,meningioma,def15a98c2cb158bc9be2bc12ad87de1a7d0b29863ca9351ec76c96171a93f5b
Training/meningioma/Tr-me_0422.jpg,meningioma,f4ff6281db0938d3beb5a0ac4da533923b8dc1fe67345ad21ac7de050befd3a5
Training/meningioma/Tr-me_0423.jpg,meningioma,a51333fd02577a4381cf1d0fd80c3f32139f26bcae1cbbdb920a44ae1d5dd9cf
Training/meningioma/Tr-me_0424.jpg,meningioma,73faf0b94ede11fe0f99646e0d014e54ac1b079a1ba82f8f4cfc2ca1642e8a0c
Training/meningioma/Tr-me_0426.jpg,meningioma,0317674510cace344324c4c809728972c43f76a9502c52e21788672e20c96377
Training/meningioma/Tr-me_0427.jpg,meningioma,35d3593b28f8378364770246fbf6ae57f9a57e9e0290bbf7e5b2c4602bf74b40
Training/meningioma/Tr-me_0429.jpg,meningioma,f9fe3ed624d2b5a66d863979fba83eb7aeec9cd39791cc4cb6645a085c1dbb0e
Training/meningioma/Tr-me_0430.jpg,meningioma,a81372f90978c01b91193c90c28b8a856a36a54863716b8296f4cba5d736df0c
Training/meningioma/Tr-me_0431.jpg,meningioma,a21ff77f35b0dc253b49a4663d76e42402f1003e541840eddc4c4fad0fc1b0eb
Training/meningioma/Tr-me_0433.jpg,meningioma,b484abf8aa6bd8d60ef5c13fe6e3d5a122fbd02107cafb821eda9f9f50a5a8ad
Training/meningioma/Tr-me_0434.jpg,meningioma,f8dcc0d99971ea44a352c1deba9aa4d39836ca77b61924b7a79c5a87adb5364a
Training/meningioma/Tr-me_0435.jpg,meningioma,5e6c5de3049d89a70d1d32820d809c2b0cd1fc55212937b3b538523fc3e675fc
Training/meningioma/Tr-me_0436.jpg,meningioma,d96f3f8465bc64c8e0d0450a32ebc5247ff1b55013ddd8f8af254fd9f26a8353
Training/meningioma/Tr-me_0437.jpg,meningioma,93eaa0860fd855b11460228322969276bb0ba11b2dcc49171c6b974b467d40c3
Training/meningioma/Tr-me_0439.jpg,meningioma,1dfa4f364bf0005f4e2862dedf4508763cd434da2a05e4c90b165eb2fa2f7387
Training/meningioma/Tr-me_0440.jpg,meningioma,d1fbe24437fc4cb49d06fb69801cbf603ccc899c93f167d4e661e319ed1f60c3
Training/meningioma/Tr-me_0441.jpg,meningioma,36e7d220064252459908969663d63fc3d98b298d73b9ed521b8e8081fbd57671
Training/meningioma/Tr-me_0442.jpg,meningioma,9feae5095fdfc732d28df5646b630a750ec7e846db237766220e9347b22332ff
Training/meningioma/Tr-me_0443.jpg,meningioma,312317fd7c7a57f56837abd4704e67bf1d0d724114f62586e63928937a165582
Training/meningioma/Tr-me_0444.jpg,meningioma,ddc2c278a2e132cbf159233a072920b89df7d85060571bc6168e9a50cdc20e93
Training/meningioma/Tr-me_0445.jpg,meningioma,78732e60ecb0309d30e9f404926ad9f6fc7351f003a8bcc40780463d43f9bb5c
Training/meningioma/Tr-me_0446.jpg,meningioma,fe9a521194f1dc36568a0a448069a0b8f37e6ed6a1fd29d06bbbed8b38c5e68a
Training/meningioma/Tr-me_0447.jpg,meningioma,316cd046e6ebd064b7d32ef81d163c961698840fa9cd4b92e290100a8a406264
Training/meningioma/Tr-me_0448.jpg,meningioma,43f07d4414852c8f4dcfef0493bb7784824969ee3c7c4dde176c8f1db2b3b990
Training/meningioma/Tr-me_0449.jpg,meningioma,c8f09ea8e565a6eb31aae270c9d143a0a4763abd94d279622aa4a0d918552fa2
Training/meningioma/Tr-me_0450.jpg,meningioma,a372d8c6924c24613af73093d77cd978330f6eac3efc17af86aa9442f941c2d0
Training/meningioma/Tr-me_0451.jpg,meningioma,be21c9e4837e8a82fffec5f29002cfb5e89b3ea5cbb87ae71132e7e3f08ca076
Training/meningioma/Tr-me_0452.jpg,meningioma,a3f15b8e1409136cdeac9400868f52d6d9dbc35d6d666cdfcf2c565f9f671382
Training/meningioma/Tr-me_0453.jpg,meningioma,7addc273f231f7513ae9891af275a162d32950e7df5b67ad5cff31bfabeaf8e3
Training/meningioma/Tr-me_0455.jpg,meningioma,158cbb72d584bba7f017fa8ff8a636ec9779f3c96ced6a3bd80ea3e99b04e453
Training/meningioma/Tr-me_0456.jpg,meningioma,45cc9bb8843908d6463a9748c95932ff7992bb66e946100e9f94d15cc1ae5d7d
Training/meningioma/Tr-me_0457.jpg,meningioma,94a828587922f6dc144e5afad56ea5976205805fb08b84cf66fc109180ca597b
Training/meningioma/Tr-me_0458.jpg,meningioma,c652cd9bd74119148f9e879903c653e0742a3f6c4bede5d97374b187679913dc
Training/meningioma/Tr-me_0459.jpg,meningioma,dfe171570b54e9ed6268a8d8bd6878081e24b91b0c053b325e0083e72ddd5c82
Training/meningioma/Tr-me_0461.jpg,meningioma,fdc40b15da68623b83aecc6f9d1d1f085e1c6fbdb80c0d3119d6482dd70b6df7
Training/meningioma/Tr-me_0462.jpg,meningioma,12ca77d5afe3b97deed68094ce4459a0aced7edc13b8f01fa5f12c1cc60de64c
Training/meningioma/Tr-me_0463.jpg,meningioma,ec99d21bab6f06c568657d7f0bbe6db1f8a4c039098cad15980d2e9bab1d6536
Training/meningioma/Tr-me_0464.jpg,meningioma,8cb77e10bcce1bc4f45b84adc01dfa6bc28862ddaac38d6e87e37b95aab09c3e
Training/meningioma/Tr-me_0467.jpg,meningioma,86f3b8603fdb63339bfd2df603a7758017247f4c1e4855d353e8fe8632b86057
Training/meningioma/Tr-me_0468.jpg,meningioma,076fafe5a730191beaf7897b099de3e6376e315582c542a9b598ce8741e9c757
Training/meningioma/Tr-me_0469.jpg,meningioma,cb82ddeb018a8f23f8859891f60ddcd15b86b2bba43ae6fd5656770eeaa2536b
Training/meningioma/Tr-me_0470.jpg,meningioma,d26f37de4f6139ac174fa680e0d2e60d3afa4b1cdd5fa5d6aeb569a191db5efa
Training/meningioma/Tr-me_0471.jpg,meningioma,dfeb24e98e991ea78dcd424e224faaf44cfa3101809526fd996880753a97a9b9
Training/meningioma/Tr-me_0474.jpg,meningioma,9205a3771d212c8d26b09159b4a8c976836e0d62ed215bdbeb8add67d070e3c7
Training/meningioma/Tr-me_0475.jpg,meningioma,6945d0818591c230af3fe1342ded9ff9e18ffd9823a084faf7eb57661a2d1bf8
Training/meningioma/Tr-me_0476.jpg,meningioma,5bc1e62f0fa5e5a017b9911749c779b37a635c244bc7ca1dff80494e01ff77dd
Training/meningioma/Tr-me_0477.jpg,meningioma,c674eb35607b0105546653d09514a639ac1c2b2b51fb246b1b536358c1ea5c72
Training/meningioma/Tr-me_0478.jpg,meningioma,a6a747bb5f6af02f154c793f8a2955176e42ab692aa6c410648cb41204fcd371
Training/meningioma/Tr-me_0479.jpg,meningioma,ddcf3a6432687f262538374d8a4dfb53d167f75c14901036188d957a393566ae
Training/meningioma/Tr-me_0481.jpg,meningioma,e2da667ddee25bb3f2701b8a270b06a4c01c3398350e8d9133f1d7cb42712b27
Training/meningioma/Tr-me_0482.jpg,meningioma,5cbe0fabc9bfbab0317874156fa57bd6797c49871f6fd601be5abef1899b4377
Training/meningioma/Tr-me_0484.jpg,meningioma,b1ceda4c158540ad96c611b6fd51543ccd6998a75854f168344ef05d338c15d7
Training/meningioma/Tr-me_0485.jpg,meningioma,81259399edc2d912c398117c731d3a35f2ceecdf42d6f8ba8f1044638286d8d9
Training/meningioma/Tr-me_0486.jpg,meningioma,750a74f05f1d1894077678933f5c0a191b3068153844c91131dd936fa48fe444
Training/meningioma/Tr-me_0487.jpg,meningioma,7f9822e49ceddfd70c845cedeedcf12dce1f8241ada530640d6fab7ed07394c1
Training/meningioma/Tr-me_0488.jpg,meningioma,e8494979800b90e7046ac8933b067e8e181f2719abe7efa667c61946534b8eb0
Training/meningioma/Tr-me_0489.jpg,meningioma,dcdc758c32afed43163adc0185a4274ea09caf1a7cc5606e7fe38f522bc07296
Training/meningioma/Tr-me_0491.jpg,meningioma,51133c845662b60de42eea0e0d5aafbc4f70a8c645755f8400eb4df3773591a4
Training/meningioma/Tr-me_0492.jpg,meningioma,d72d10761864d0db4c9d18b312f0cb08ee026d99d15ba6aebf750b3214a37051
Training/meningioma/Tr-me_0493.jpg,meningioma,9ea44414ffff40ebd9ef6313a0faa443f015ed7d14a5aea3187a6cf708ae1524
Training/meningioma/Tr-me_0494.jpg,meningioma,7f96b45e9a1f02f10945ff381f69e82c6dfa004bb1c15babd6e32d3c592626ae
Training/meningioma/Tr-me_0496.jpg,meningioma,0911dac27f8c64bebede559ae3c41cc91c245d50afbe8c0e090b7f7b8ae1eb4b
Training/meningioma/Tr-me_0497.jpg,meningioma,fc7ecf8e50efc626b32cdca4269ac034b2124627f312e36f03d217d3c46fdccd
Training/meningioma/Tr-me_0498.jpg,meningioma,51a3d200ffc686c218920be8714ced3854858bf9e8f4a0849d3367ff16b20a0c
Training/meningioma/Tr-me_0500.jpg,meningioma,2cd9b7605a9c3821765a7225e94a6d2ffcac5087044a6e63b442db9294ba839a
Training/meningioma/Tr-me_0501.jpg,meningioma,fe12b579116273ab347446564847f3620d4edb6fff78f6ee8ba4c379012c30e7
Training/meningioma/Tr-me_0502.jpg,meningioma,aaba744274441323ef45a98f7663b4cf5d33a925942e018745e56009efe3a2de
Training/meningioma/Tr-me_0504.jpg,meningioma,1957e555c80d35490e6d86481c8850fe4cd113947e7ea46b97cdd4afba6990e9
Training/meningioma/Tr-me_0505.jpg,meningioma,f3dea2b9dca650c21e73ec616f66a6ea251c5417c6f34c133e165c2e3f231803
Training/meningioma/Tr-me_0506.jpg,meningioma,1a99b217f3eb9a2ce5f44e2b8a12a3c4b518956cec64eb0d0ac05c0b912f82cc
Training/meningioma/Tr-me_0507.jpg,meningioma,5c9c2d19a5a4b1944d8b4d357a8525b7b290fcd137f10a034fb7958038f8f000
Training/meningioma/Tr-me_0508.jpg,meningioma,7153f853e0b122e0aca51abdcfbf19044b8f113a554d6d41d85fc6177ef5567a
Training/meningioma/Tr-me_0509.jpg,meningioma,9f86713f1d57b1a3a94f480e53f5184f46f5891e0844ac804b1730b586508095
Training/meningioma/Tr-me_0510.jpg,meningioma,142058ff7c9b643eb1cee4f012de981db0883f44308e5863b9821975d96529cf
Training/meningioma/Tr-me_0511.jpg,meningioma,055e3d6a3fc9cabbf9ae22b9f9fd2fc669dc22161962a22256bf41a37d35102d
Training/meningioma/Tr-me_0513.jpg,meningioma,e9bf8b4a2ba692fb679624b620db7aeba28c04c30d22e049c00773985fb4b982
Training/meningioma/Tr-me_0514.jpg,meningioma,8fe41f7d5c06de536979dc0d092f6f74f9ebdea2cce9ac43c20043e41abb6c42
Training/meningioma/Tr-me_0515.jpg,meningioma,c2d05ab1e5004bb89eeb504142bde7ed21daaa386c9dac17f8f9a21d91f2ec89
Training/meningioma/Tr-me_0516.jpg,meningioma,f8aa9e771916ef7e435563be132a6197be6f4b58e13c685a8a61d13486dcf4b1
Training/meningioma/Tr-me_0517.jpg,meningioma,0471a53479c15eb66eddcebf9bc3100c13334f532215415b6807c59fc53e4bf0
Training/meningioma/Tr-me_0518.jpg,meningioma,f663b45de8dd793feb19cf515856095040acb9b8c8b41e6d476cd30d9addbf00
Training/meningioma/Tr-me_0519.jpg,meningioma,6194e69ac58b6bce67b598060d45c1e2751a2c58cea9638aa805564665395973
Training/meningioma/Tr-me_0520.jpg,meningioma,0b93531d3de9e20fa6bdb68b151fed641bceb05e84d12987dbbaf03fea6d6337
Training/meningioma/Tr-me_0521.jpg,meningioma,656c43c4574fbc773aaf4d3a967b651ab6f79b984b90c0142d727ab27935d8a6
Training/meningioma/Tr-me_0523.jpg,meningioma,feba4f8874b34ead81a57f2abbb212bf0498c726450b3b83199a18d049c5bd13
Training/meningioma/Tr-me_0524.jpg,meningioma,c2e8df69466a2fc47d3b25c4d3edc67e3ddbc87fc932d5157af94bc92dc03fc0
Training/meningioma/Tr-me_0525.jpg,meningioma,5e462a3d28966dfeca9b7a9a28e47e2131eed89e2f7cec4b7cee1c7ebb68a114
Training/meningioma/Tr-me_0526.jpg,meningioma,9968ef63ad5b6d4f9eedf235d7add29bec13119d38246ddd7b6943c5c9dc19fe
Training/meningioma/Tr-me_0528.jpg,meningioma,fd76032311340bda98cd554ccbbdc50a9ca682910b9d3cb263a5260554b279fa
Training/meningioma/Tr-me_0529.jpg,meningioma,53ba53d9c8bc97e8cd55a16c809479cd825f1bc9185d4c418eca2b1a8a2f8495
Training/meningioma/Tr-me_0531.jpg,meningioma,93e4549d3ce4240af7a0fa262baa65cf26cc9160ee3d17f56898b33f20f05197
Training/meningioma/Tr-me_0532.jpg,meningioma,b9eb2b76be65ce2bafa21998fd8125ae6989adf59ea06d043afb3009b70b056b
Training/meningioma/Tr-me_0533.jpg,meningioma,caea528c54089877b494d19b33bd17f8af44ad0ca64809e63d232d797c06aa95
Training/meningioma/Tr-me_0534.jpg,meningioma,e7122b56481ce897da7eeb18bd8ba7ee7429ec4d12abfcb9d8cd6e01f0280a46
Training/meningioma/Tr-me_0535.jpg,meningioma,b911d54c647d44bebba41becba54cc82bfac26f72b3906297e71bb5107e82f79
Training/meningioma/Tr-me_0536.jpg,meningioma,ab9908377c5e112e38624628e3989d9daa3a8a4b8134d6f8a760341ebf7d76cb
Training/meningioma/Tr-me_0537.jpg,meningioma,e3894e0b24e50cd82d1088835b3b88a212111e97c36df451090d08339f0a36d1
Training/meningioma/Tr-me_0538.jpg,meningioma,04a160bcbcc9c401ab07f39f2df0447d3a9c59c2b57b4a969316b46417046a55
Training/meningioma/Tr-me_0539.jpg,meningioma,72772e75720098b0b3fa1ab4f4c5811f6531c1dbc1ce99bb09be6b8d01fd388d
Training/meningioma/Tr-me_0540.jpg,meningioma,8d0cc12a7236bc4168a4d0c59a711f64f25278388ec18c7e031af482e9b14e9b
Training/meningioma/Tr-me_0542.jpg,meningioma,3e76e9db0fb5ff0ebbd2b460410779d305e1bdfde485687e022294b2f507b5bc
Training/meningioma/Tr-me_0543.jpg,meningioma,f0f2859129eee460a64e66b3a41b3b4dcd582ea6584404e929a63715e28e997b
Training/meningioma/Tr-me_0544.jpg,meningioma,a92efec4ee9d9dba2affa8be203559f7e39c8013fd8655d2376a54c16d21151a
Training/meningioma/Tr-me_0545.jpg,meningioma,58839b53a3514524275c3bbdfde895bc1d5737944a06e37461f9dab8b07ca035
Training/meningioma/Tr-me_0546.jpg,meningioma,f51e71cc28b0c000a4e2e25fe03a4aa2eec7b47e52be5bbcf2557b50c0119a73
Training/meningioma/Tr-me_0547.jpg,meningioma,2ade965b2c38d5b18e09a2f94897de928b807fe3baecb55168bfea97fdeb9007
Training/meningioma/Tr-me_0548.jpg,meningioma,efeba53ac52dc6e29ea8d1fe3efece182516a433a168d61fe95fb780e452fac6
Training/meningioma/Tr-me_0549.jpg,meningioma,c3a689cd5810ef8bd9470030d0642c691c22afbcfbc7561d7ddba196d78c81a7
Training/meningioma/Tr-me_0550.jpg,meningioma,5b9cf595842206d941aef38d87fa6f10027a206f73949e9689add2738ac7a12f
Training/meningioma/Tr-me_0551.jpg,meningioma,57fc67427416f206032a2e953a6b8b760b80d1897a1ddffe48d4c919412b698e
Training/meningioma/Tr-me_0553.jpg,meningioma,d3ee708ae264f067394217bca4567c36de8b1b971c86af06ab4d6477d1636c82
Training/meningioma/Tr-me_0554.jpg,meningioma,baad3c6a0718717b2a1e710ce02b3a3d42b3d893de0e456a4ab7564d6bc14ed8
Training/meningioma/Tr-me_0555.jpg,meningioma,7d39b4c082d70d2c1188015ee17b39ff21b4792c811a971cb08406c500fcc279
Training/meningioma/Tr-me_0556.jpg,meningioma,4f3fec6c53f4448ccf8a0e35089053fa98cb8c58079dea70fe67d1ca3e474cfe
Training/meningioma/Tr-me_0557.jpg,meningioma,6b4352a2b59ed0e709306de3f3542290e4438d19eeff57fa7d9de0f194383547
Training/meningioma/Tr-me_0558.jpg,meningioma,1f926b86a7758019153d254e10af471c5c70ae45e5a2a429cd23fef1bcf5156e
Training/meningioma/Tr-me_0559.jpg,meningioma,82ec8758774083bbbd92e5bf66e88ca04187a48ecc91a5b9f826640648da6d5f
Training/meningioma/Tr-me_0560.jpg,meningioma,dd40302378de8dd65bcf5238c31033ce00392ffce19e435beccec44062d7ed49
Training/meningioma/Tr-me_0561.jpg,meningioma,c22691b5441cc731a1b61ae8ee6bf4b1f096287446ce7e5d758e5c49073a532e
Training/meningioma/Tr-me_0562.jpg,meningioma,97bd1763a8a50e4e69aeacc9a211bfb15e5d73cae7e3b297166f2adf5b363030
Training/meningioma/Tr-me_0564.jpg,meningioma,767464369d23a22110a4361dcd56d7b465cf5e07ab6e1647ce597d5bba929f17
Training/meningioma/Tr-me_0565.jpg,meningioma,5fb24ebc0ed9a78d6bf8896882d09e3031c43478b533607d5b0212ca11244043
Training/meningioma/Tr-me_0566.jpg,meningioma,2465e7577be66939eed91621915e3674ba9f05fe9368a6540b0b0e2b8d291531
Training/meningioma/Tr-me_0567.jpg,meningioma,a73af8f30b53a89992b95e2e20273202d9934a04266f5484097169d23455edb4
Training/meningioma/Tr-me_0568.jpg,meningioma,f0f4ad1a954f8af9f7fd1f7dd1bdff5d16c352d191a50d320e10373b0f33a389
Training/meningioma/Tr-me_0569.jpg,meningioma,fb7d8f9503884bdca8eb62abf7ac48a2f56c6ac6d93cd930ab7535df0fe5b0dd
Training/meningioma/Tr-me_0571.jpg,meningioma,dec38f39f9d5fb3f9de8366ad4fd6eaa003a19df6c4af80c0d532f2ec58f4c03
Training/meningioma/Tr-me_0572.jpg,meningioma,a97e2b6ada84e226d7546ddf8706c52e8fb18c504446c0a8329aec8274aa5210
Training/meningioma/Tr-me_0573.jpg,meningioma,e05304e7fc9b0507f82cea735f7bc8cbbd507daabc73221bd9f8ba0850963571
Training/meningioma/Tr-me_0574.jpg,meningioma,34dfbc0eadedfd11b8455a22723f53edd45de438208b03c25e54030a9d2bb8e5
Training/meningioma/Tr-me_0575.jpg,meningioma,f66da3f36e67589ec865f439cf26218191ddff2675d049f21daef8ef5ba776b2
Training/meningioma/Tr-me_0579.jpg,meningioma,132d840b097ef5972c277f427df55ec7f0f7cbc607c299db525869c624946269
Training/meningioma/Tr-me_0580.jpg,meningioma,d2e22fc6c997bbd6cc6317118f8fed20ef3597936e027c2974d14d77701a062e
Training/meningioma/Tr-me_0581.jpg,meningioma,d43433c6b5f1ea7da7d97f80b79d6f39b86bd3683f6b5febfd8f92fd18276cab
Training/meningioma/Tr-me_0582.jpg,meningioma,2fb8fe8d8f3e34130dfbabd5f85740b47ff64f4c9f6f3ea5d5184c95ece1e65b
Training/meningioma/Tr-me_0584.jpg,meningioma,456d7f86290c1e806e5c0fcdf4e5b6d605aa7c20a18ca8a83e1fb1f56d4b06e6
Training/meningioma/Tr-me_0585.jpg,meningioma,b935ceda3efda21b190162c79c7c447ffd76626dc57e4e5433265eedb70d6c0e
Training/meningioma/Tr-me_0587.jpg,meningioma,4ed8a3836b0f4f7f8b8064bd63f5d53759a758b8b9092886bcdf42047ff50470
Training/meningioma/Tr-me_0588.jpg,meningioma,53c1a87149210350bc11c4dec4112d04d50a7630e74062bfe33299a606167565
Training/meningioma/Tr-me_0589.jpg,meningioma,7d6e3868939a8d6e91f82f75efeae7ae3f5ab03d3c6881b52e97705a2f2e3e9c
Training/meningioma/Tr-me_0590.jpg,meningioma,8692754b32e7233d2a12f5a4c8ed53e197b3b317e8860e48f94a27ec8762028f
Training/meningioma/Tr-me_0593.jpg,meningioma,7ffb5ee3a66935e01644653e8315b111d3d50f953acf742e43b2e640edb0f7b0
Training/meningioma/Tr-me_0594.jpg,meningioma,8460b8c0db628a2aea18362b9bd4a70f8c9bab290d0ee4fbe832619133596970
Training/meningioma/Tr-me_0596.jpg,meningioma,fd96f61075f420f133b29b587e13aee2367858cf827052cafcc2e2bc93cc1725
Training/meningioma/Tr-me_0597.jpg,meningioma,0b6cf98522461c8a2c490a7bcd3a3c07ef39c8d1aacc40160dafe5dc0c396864
Training/meningioma/Tr-me_0598.jpg,meningioma,bea26ab35538f9942726dffe6847927f064226460d45566390846964cdefc97a
Training/meningioma/Tr-me_0601.jpg,meningioma,3da29cf84b4d03c40b0277d8a1674f78a932d923ba33d43551c38595a22880ba
Training/meningioma/Tr-me_0602.jpg,meningioma,01e3ae35ad8a57942001111cd45a2d9e03adc1b7b0def3e2e974544dc3443ba2
Training/meningioma/Tr-me_0603.jpg,meningioma,2a41ef3731d0a904611356c1d17113113d465d1eed82f1d9adb4ede743260146
Training/meningioma/Tr-me_0604.jpg,meningioma,2340d70c62a99e1d7580882378c5c4853b02338e213ea2d4dd2f19fc04c713ee
Training/meningioma/Tr-me_0605.jpg,meningioma,a1c1e82f689c9231601efe91818f857c09ee1cc5e1de4ec5c43cb227809035b9
Training/meningioma/Tr-me_0606.jpg,meningioma,fb0461b4d5076f16f31006577ff911a86044074ea7e2618977166d56c0de0d11
Training/meningioma/Tr-me_0607.jpg,meningioma,d808f50330999f47fbee0c6540ea49884eb16f7477d14d6bde9b981f161a78d4
Training/meningioma/Tr-me_0608.jpg,meningioma,af2b353a02af75a5522ac66ae6c5d5be003720b0d62c9eb01406ea0d4ea24678
Training/meningioma/Tr-me_0609.jpg,meningioma,f5220862294aeae8177d7fec3443eaad29649eae32044ca5216db2fdfb9f842e
Training/meningioma/Tr-me_0610.jpg,meningioma,f3dc74813c4e426cf64cca43a839087afa4a6f95c9ab5e3b525ce883d59580a9
Training/meningioma/Tr-me_0611.jpg,meningioma,efb15edf54e6376ffcf52d48d2c18fd1ff307371c995e6d685edeb48af9e71f3
Training/meningioma/Tr-me_0612.jpg,meningioma,fc31de3a35ac678fa05f5a70b3b3a4cccc29d65b9680c2c0a45e857f458442db
Training/meningioma/Tr-me_0613.jpg,meningioma,de229e5fb92211e2d5a2352fbe8239a4251c3f4ff5f3bf7bf3254ee0ff6b6046
Training/meningioma/Tr-me_0614.jpg,meningioma,e29b026c8867e92ece7815c50da7ea4d0a1e8bb3e94c5d0c2175d9554abca7b7
Training/meningioma/Tr-me_0615.jpg,meningioma,5bf7c090164df93e1f112eed9e748746867283dcc5918e03f56922dbd10b8f3d
Training/meningioma/Tr-me_0616.jpg,meningioma,451f339dbf4d33864e0dd8940f533bbeddda6492cf60bb15615342bd467cc721
Training/meningioma/Tr-me_0618.jpg,meningioma,8c1a5737466330c20f01adaa7979d51c52634dba850e0e7bd5bae4b2a9eb4b7e
Training/meningioma/Tr-me_0619.jpg,meningioma,e53deea92aa71ef68d1ea7c7de654b8d39fed961abb1a4f0cf961a67431ea2e4
Training/meningioma/Tr-me_0620.jpg,meningioma,3c83b5f4ecfafb75d7e2cabaaf04662db7e8de0b6cc4b5b1c6670d1aa012ada7
Training/meningioma/Tr-me_0621.jpg,meningioma,212c2e0e5246ceb53293b9500627afb59214995371dcfacf82d5b99219bfb347
Training/meningioma/Tr-me_0623.jpg,meningioma,aaa9753989c9551c51184124cc3bbce4ed6b6b2a095779e1a2c3b1e6c2b67845
Training/meningioma/Tr-me_0624.jpg,meningioma,ac8d47111e545425c7424f626fad83cec94e7b505aacddd0f481ef4057c5b8e9
Training/meningioma/Tr-me_0625.jpg,meningioma,d6c47ff738a05138ae7b1aef78199c6c54983570fb2ba2301ae7b555f92ed531
Training/meningioma/Tr-me_0626.jpg,meningioma,31abce6bc997d6d4217b4bede63e7fe7c9978c747cc1533caacf88c916dc4086
Training/meningioma/Tr-me_0628.jpg,meningioma,5ae21ac77ebcf7e9eae9c95519d71eda21479af78ce80352d90a14e105e9526a
Training/meningioma/Tr-me_0629.jpg,meningioma,7221b29abe0cf90059797a25fcb7496a9ce77cdcbe097ded4ee1d7f9b5b2c0f0
Training/meningioma/Tr-me_0630.jpg,meningioma,0c8158d4aadcd98178a6ae263609f2b17e6527ad635a387af4e185bcbe4ad64c
Training/meningioma/Tr-me_0631.jpg,meningioma,fafff261038bcb5b595b1516655a65f1ada0dce52ed5742c2ac14e8d9b265da4
Training/meningioma/Tr-me_0632.jpg,meningioma,9c783c14c3998ae8158dab59cc37a4ed4fb6994958fea4503f836c01ab48c74b
Training/meningioma/Tr-me_0633.jpg,meningioma,f64b8cc3ea3212942fca1b01c6ebd6b787fe4ce01dbf21bb499b481c2df03154
Training/meningioma/Tr-me_0634.jpg,meningioma,b9e56b783f89455e14537dfec7736cf756dac6188c46df34eeddc17a5b34de88
Training/meningioma/Tr-me_0635.jpg,meningioma,d969a85825db5cbd00c71c523944cdc85f46cccfd335be6bb8bd2f888ea260a7
Training/meningioma/Tr-me_0637.jpg,meningioma,cd82f731f0c8e32cb494803d374d583436b3dc3353e773dc246dd1995be757c7
Training/meningioma/Tr-me_0638.jpg,meningioma,41def159a45fc9d9e67a4e8c80e8c4c4462ca7767414be4ff982a9e3284f06f9
Training/meningioma/Tr-me_0639.jpg,meningioma,22846116022e035adb112f24a69c657eaebc029b487f0f88700e3da78a5be97e
Training/meningioma/Tr-me_0640.jpg,meningioma,dfb7c58eb434c4511336714cd720e252fe202fd53ccc89b06eabac2bfa9aff35
Training/meningioma/Tr-me_0641.jpg,meningioma,fda991dc9f8b4f2d4f5de80a95d3fc9175065125d5d8b8ad3bd4b4120c1b78ff
Training/meningioma/Tr-me_0643.jpg,meningioma,22ff202c8c1effc27362d7016064f225b192c4399265e042e6fdf6b4816e64e9
Training/meningioma/Tr-me_0644.jpg,meningioma,6924de476c0096dc47d54e0ffbe3489420f1a51a954691d9e8817b97dee3b71c
Training/meningioma/Tr-me_0645.jpg,meningioma,c19d7ae842ed32fd3e2057fe11651cb2e68810b830a8be97f420997bbe329263
Training/meningioma/Tr-me_0646.jpg,meningioma,e2eb13ce6a481e672122c895f9418f0426d9016530674b50c67b097033a75ae9
Training/meningioma/Tr-me_0647.jpg,meningioma,4a81ab9771c9a66034c4a5c657354dde68d7bcfb7e166baf7e578c5619a6fa0f
Training/meningioma/Tr-me_0648.jpg,meningioma,a096627a909de85ab5f42d3bea6296e1bfd76fbd833f33624ed4c6f9f3cc75ac
Training/meningioma/Tr-me_0649.jpg,meningioma,3ad594cf65b88442c7764f0f011fd1cde59f92cf8c8c6c5c716119f85a7445db
Training/meningioma/Tr-me_0650.jpg,meningioma,3b98d7475dce789e28566e1130ab037d0047df68495da5fdaab8a06e8089acc6
Training/meningioma/Tr-me_0651.jpg,meningioma,dfac12b378aa06e3b1c263312a6d0b4bd8ca0cef382a86a894d5edc158185952
Training/meningioma/Tr-me_0652.jpg,meningioma,c4a25b274d286f6e57907083a061d5056c629fcb46bbd027091d4e6b396cd97f
Training/meningioma/Tr-me_0653.jpg,meningioma,3bec478c11f932472e0b167afea4424907a940b4231f8968d65806daa07cf6d2
Training/meningioma/Tr-me_0654.jpg,meningioma,09e1ce2c903e3fdc1b11be4bce0e219654b908c0d1439a2f6d62891608c4c58c
Training/meningioma/Tr-me_0655.jpg,meningioma,9d425dc88f5d2b5193ece042d9303d12c6ca9663cadd17b0d0c0749d7123e64c
Training/meningioma/Tr-me_0656.jpg,meningioma,c211456d9725d7f5395715ca3a78cf982289a912c340b892e9712449ad58ae0b
Training/meningioma/Tr-me_0657.jpg,meningioma,e0cbb5042d7129e49b00d5edb084084d8eda978b9c366ff10417f702016b5312
Training/meningioma/Tr-me_0658.jpg,meningioma,8e683fb0c133b9db3fde5651ff655db087c917f14df461b2843279e4234dce16
Training/meningioma/Tr-me_0659.jpg,meningioma,052302e135d5193b0dc257615d4159155366c7691911cf494d881dde0b377bcf
Training/meningioma/Tr-me_0660.jpg,meningioma,3e5ff3a5d803565febd26825074bc73cd02cc9bf17c6280820ea5166b1d6874f
Training/meningioma/Tr-me_0661.jpg,meningioma,c3757397a21f7fc81b5bb0043b38614338413c0b53ebd3e8894d1ca52ffe64c0
Training/meningioma/Tr-me_0662.jpg,meningioma,de72e62e60b906fad89cf8a790e35ba97ee180a6d1057b7c2a7709c961ac6bbc
Training/meningioma/Tr-me_0663.jpg,meningioma,78272d36f7b4a18a9e078ab389797a2f9efa19148e2f6574254ae86cc1558ce3
Training/meningioma/Tr-me_0664.jpg,meningioma,b20f71c8d2e9875674b2f3e3758e92b1339e5cbc5e4d02e768181c33f35159a9
Training/meningioma/Tr-me_0665.jpg,meningioma,368618e5e7f2b7642121ee147b8b195b06cae842f4ba8477916588d6a10eddcb
Training/meningioma/Tr-me_0666.jpg,meningioma,e9ee20f9456d8b399e58a9aa89c7bbbc5ac973feb9ee052f0ee8f1797f980f90
Training/meningioma/Tr-me_0667.jpg,meningioma,4e4f837e61f1ebe5b52e92d478433caa7c05752ccfe7e460ec2724c5a2753ae1
Training/meningioma/Tr-me_0669.jpg,meningioma,b50e248ad41a292ae530634f8b3316033e95e0051f0425e023ff6a4117ddc585
Training/meningioma/Tr-me_0670.jpg,meningioma,40349e9541f6b95649e175df366fc44535746ddc91fce441f9c76bd97cde9cce
Training/meningioma/Tr-me_0671.jpg,meningioma,12c5d9de9a254a74b1bc257d185b3108003e3bfb25e22f17aad118488b935953
Training/meningioma/Tr-me_0672.jpg,meningioma,618449a75bed18b7ebdd593ebfece6faa4cb38080fc679da358bd87ee807187d
Training/meningioma/Tr-me_0673.jpg,meningioma,f3b9af5fec814d40bd619137190aabaeef40766fdd4cb732aa8589f39e622d59
Training/meningioma/Tr-me_0674.jpg,meningioma,b7e4472793090b0b9e2e830561899bf0b1c1ce5f0b17a8473a9bfd0c87e429f6
Training/meningioma/Tr-me_0675.jpg,meningioma,35af97390b0b7068d2c141f5029bdaa3dd941e81edc95faa2b2ed6a83060d934
Training/meningioma/Tr-me_0676.jpg,meningioma,f4b4799ce18b64c1d2614b53774f6025b6428bf469d3414bcb6c6e97a997f8db
Training/meningioma/Tr-me_0677.jpg,meningioma,224a16b1e63255ad013b3cab6b37de9585d257a329dc1a055f00e8118ba89cd7
Training/meningioma/Tr-me_0678.jpg,meningioma,67f1a077a737645858b407a21a36edbdd42c8a51c2023306938f3fb18edfdf05
Training/meningioma/Tr-me_0680.jpg,meningioma,488a8888e86721f95b384ba911d76fd92a2afec9e59510110e55b6c8dccf3169
Training/meningioma/Tr-me_0681.jpg,meningioma,4bb5593dc1a0d3b97b7cca1d4bf2cc0e3ae4f520bc77d92bae9972f825a9e921
Training/meningioma/Tr-me_0683.jpg,meningioma,fb6548cf187cb2bf841bbbe15513148da44e811d6fa699d5725f237536db2080
Training/meningioma/Tr-me_0684.jpg,meningioma,acea26f922d9c345ad29956759a0d02d4b3a0a8922f7a2c2197d4ebb3967f4eb
Training/meningioma/Tr-me_0685.jpg,meningioma,1c625422287b2054502134a3a6a1241ddfb030bed8addd6a9eda18435ec2fbc4
Training/meningioma/Tr-me_0686.jpg,meningioma,a8e3c760f844424e2e3c5b1937271dbc9433d03573636c59d1d73fce33b2bdd4
Training/meningioma/Tr-me_0687.jpg,meningioma,4eb262e7bf011e53e7eb13f391f37a28a564b5bbcb45537157621344e0f50d70
Training/meningioma/Tr-me_0688.jpg,meningioma,edc53dceee3977c2baf32fe6de980f9b266ad7d92b0f39d30b9641acb975dd94
Training/meningioma/Tr-me_0689.jpg,meningioma,557153fae86d7159c1fcf7839214153a112c7f26a628461ce1a0aea565f4ad4a
Training/meningioma/Tr-me_0690.jpg,meningioma,e2d9c7006c022f577c59c7fd6232783449b98f8c72aee8e51c7a622538a95ecb
Training/meningioma/Tr-me_0691.jpg,meningioma,c60206d8862a39d700ef5b336f58259c92770e264870faae987c6e81826b8508
Training/meningioma/Tr-me_0692.jpg,meningioma,7b6390a166b9c1f5d08da81ae14eea326c298cfcf582fa7307ca57be621a9b4e
Training/meningioma/Tr-me_0693.jpg,meningioma,7cee86ffcf1e56da073e79ce6c19e8bb90137ff5500960c646ada09c1c602a07
Training/meningioma/Tr-me_0698.jpg,meningioma,a2a1b400dfb968099b0635d36cbf5ad9b434fd1116287829cda4871501d0fe2b
Training/meningioma/Tr-me_0699.jpg,meningioma,abaad42f4606006a3e7b16692713430aba3540a3c0a1062bea657182e6b4b300
Training/meningioma/Tr-me_0700.jpg,meningioma,39495bbab558a37209f0d3276fce37abffe594a4fd02b1772dcef2bb6bc5d93c
Training/meningioma/Tr-me_0701.jpg,meningioma,38c514be442f2fc52742f8e0a73b307bf193bba171bcb033860cc133394ff409
Training/meningioma/Tr-me_0702.jpg,meningioma,d8441008917a3198e67536253350c845de0fd7dda17b4c1669059152453a9186
Training/meningioma/Tr-me_0703.jpg,meningioma,17803c66d07a3487624a820bcc31c25b006940a29edb423aa271fcdce5fa395c
Training/meningioma/Tr-me_0706.jpg,meningioma,5c706a6c586ce154bdc6fd3007107005b74469496982f7be068c71c6021cf08b
Training/meningioma/Tr-me_0708.jpg,meningioma,0188e2a9b5e00ec418360252f5f6680497e439c232904950710eacebc6c19a61
Training/meningioma/Tr-me_0709.jpg,meningioma,8858910caf6c5f185915144476aa1afc0d12ec76d9a1ffc48246936de0bede5b
Training/meningioma/Tr-me_0710.jpg,meningioma,a275f5f3088a7f7021db108bb59404593f36e42cfd2687fbb4a6a219057879dd
Training/meningioma/Tr-me_0713.jpg,meningioma,66dfc44c76701d065d01a779d054828c77712416e7a386932bdc318b3ac618b7
Training/meningioma/Tr-me_0714.jpg,meningioma,1d28a01cd96ef9af7075a1e6fe17f84cd3bd5bb549500a77c9dfb2a2f222e432
Training/meningioma/Tr-me_0715.jpg,meningioma,f05e30abc50d55228aa766573c16d5c185afef67197bec069b6345965a2accf7
Training/meningioma/Tr-me_0716.jpg,meningioma,18563b75099ef6c9394b8be61e370d4fc2019a68ffc67254ffdddc8622bd61e8
Training/meningioma/Tr-me_0719.jpg,meningioma,f527582fe31380759ab8132500846efa0522ab416ae854796f8d726d261e98aa
Training/meningioma/Tr-me_0720.jpg,meningioma,3cc9e95ff309e1864d8ae698afff2c81a539022fedcd272dc0b46e98e1c368fc
Training/meningioma/Tr-me_0721.jpg,meningioma,59bfe068eea8a2f68d8aeb779f2fea76df9c0ae03fd4d3991312aa4d0f69d7f3
Training/meningioma/Tr-me_0722.jpg,meningioma,04519791dc2d4a84e7ea188f1fbe164a21f47b94b63fd9e6f8e398017bb0fd55
Training/meningioma/Tr-me_0724.jpg,meningioma,7a43c34278b4e1e3c323f60ae784707e0bea986ff6ec9b935600feb3cc0e9c17
Training/meningioma/Tr-me_0725.jpg,meningioma,26727861981407e4442e91f4fc892017086d91ab6aa6362817eabee78aed0bda
Training/meningioma/Tr-me_0726.jpg,meningioma,ec6dc8542bc1ad4652edc98d27f83b410025222fdfc17d53b4289b1a36afe8c8
Training/meningioma/Tr-me_0727.jpg,meningioma,a044bab6766b669fbd72fd2c502f793882f9cdd3d210b3891878737bb95e29a0
Training/meningioma/Tr-me_0728.jpg,meningioma,68173cf0a5a424623190c36663795407478b387ea17c5a0d55dd271d10ea8985
Training/meningioma/Tr-me_0730.jpg,meningioma,a8a5c8da2047ed2cdd0c97963311752e131124417ab3ae5b2ffe1f00a361febe
Training/meningioma/Tr-me_0731.jpg,meningioma,f3d9a4b8a5e1f5cba8b79aa21ec1a6d4ec5a6ad100bdf3206e7fb90a6a9f4cc6
Training/meningioma/Tr-me_0732.jpg,meningioma,f6c0966fcc0e652b009142f1462f65fde9565268a4803ad52ab6b2ecd240fb1e
Training/meningioma/Tr-me_0733.jpg,meningioma,2653a788fd589d6213381d5f93b253f38dbc8a25d0b52cb009342aebe7bc0f42
Training/meningioma/Tr-me_0735.jpg,meningioma,1f914910e8c447654228d87ec852386437ad3f59a6b6ee3682e864dc895fbc84
Training/meningioma/Tr-me_0736.jpg,meningioma,a094ba4385c8afbe93e77543abdb9505e3e4db8aaa1b923a2eb436b52471dfae
Training/meningioma/Tr-me_0737.jpg,meningioma,ca7ecd71a27c8809f42bc399852aa7a804752e04916036264ac15622ac23ed44
Training/meningioma/Tr-me_0739.jpg,meningioma,fd18a06dcb2bca0a13d5ffe0378cc989a0584fa6a7c5cad5aa1643504548eaa8
Training/meningioma/Tr-me_0740.jpg,meningioma,616f29a681c559adac28228ba4e6018fa197290368407ccb1bf8e94505973044
Training/meningioma/Tr-me_0741.jpg,meningioma,f0321a6700ed7a9e6595a2d235465a312f4de5bbac07b2d0b13b6d2721bd403c
Training/meningioma/Tr-me_0742.jpg,meningioma,ecef4c52a3ee939d7eedf352dba45225cbcb989d76a85fbe2e1d756fef5ab107
Training/meningioma/Tr-me_0743.jpg,meningioma,37efb9a90fe279e60693f01d1ee4fe94bf20177ba06aaa70eb751724e62de297
Training/meningioma/Tr-me_0744.jpg,meningioma,39c40da9e36c528b7a52fb990b5f9a91544cc1c7d05f5f303acff49473e1521a
Training/meningioma/Tr-me_0747.jpg,meningioma,4d8b01d5004b9e06d4c792c728d120714bf9f128da3134facbf49726cdb0f75d
Training/meningioma/Tr-me_0748.jpg,meningioma,f859d38770a99ec9938e888ea992001a99f696d66d8085215fb84085399c4a81
Training/meningioma/Tr-me_0749.jpg,meningioma,ad5ca1b4811baccb604dcd9fb8b10de625de8c06fce810c74ae69ff5437fe82a
Training/meningioma/Tr-me_0750.jpg,meningioma,3997165065a58bdf935c00e76679ce7146acda18d6727a3b7409940b9bb2c2f3
Training/meningioma/Tr-me_0751.jpg,meningioma,28208e4331cf46fc55b530573828835e7137b36387517ee1aba6a2724ac486f0
Training/meningioma/Tr-me_0752.jpg,meningioma,38f1e738622591c918227a96e4068ff71fe3cd192e7adad20fcbfcd55b032f81
Training/meningioma/Tr-me_0753.jpg,meningioma,f26cb4f15d3f8718191cd21494b8898003fd73085ed56950e5d333c5f94f0593
Training/meningioma/Tr-me_0754.jpg,meningioma,ad9ae435d093143165abe2a8566e4d76173cb996f724094de5c6c84e3838b9be
Training/meningioma/Tr-me_0756.jpg,meningioma,3ed1ad1d4fb6ac46d24011d6b9eab6c43a7bd8a489b0ee27da847a3bce11dd89
Training/meningioma/Tr-me_0757.jpg,meningioma,e1c2bbb9008babffc1d99c425275b208bf9e20aa7f23f5dba562a86bcf89514a
Training/meningioma/Tr-me_0758.jpg,meningioma,9b071fdb3e6c5d1ce0ef24d2f98540618d5a5e6d79d7901adbe9401d3b3e6f27
Training/meningioma/Tr-me_0759.jpg,meningioma,5485d81400e8424662b8dd3c597fd85450eb58103c1dab73b3af54690c8647a6
Training/meningioma/Tr-me_0761.jpg,meningioma,a3a7037d0f74aaaa8f13ddefa0c3518594f0a3c690c4c356786cc37809416cb2
Training/meningioma/Tr-me_0762.jpg,meningioma,762cac805dcba3d0e9aeca30743a8b8cf4a423204eac58e19c5b9be02a699a03
Training/meningioma/Tr-me_0763.jpg,meningioma,91fe3dfb8b8d06839b9bc7dffa4249000f39fa6be2fbf768b2d119be4ccd547b
Training/meningioma/Tr-me_0764.jpg,meningioma,53861693dba13855d104d3959d8e6221a494f4db4381cb4bda55364a1d2537bb
Training/meningioma/Tr-me_0765.jpg,meningioma,7b4277e1da6ba794a3b4bb4b01bdf3d36a81a1be3f315b286ead7e3d9c9d8f68
Training/meningioma/Tr-me_0767.jpg,meningioma,901a6245ed8379ccea37a3a0ebd5c93d95b0555d790ed2ddf0c1c8d77e37d7f1
Training/meningioma/Tr-me_0769.jpg,meningioma,8bd1d8144bd35f6a1522a0ca447832b8263829df4ead1f523be695e685068963
Training/meningioma/Tr-me_0771.jpg,meningioma,874f642dc295c0129a28e0e22f96fa27b26aca727276660feb998d75a343c6b4
Training/meningioma/Tr-me_0772.jpg,meningioma,9767af3136fb5e92779d0bbbe8df1e35aee28f953a8b945d480a67e8b2124c64
Training/meningioma/Tr-me_0773.jpg,meningioma,30e70e0996b0d154f96e68e1d6c068563293916d9090a20b8a9c02b0a29b31e3
Training/meningioma/Tr-me_0774.jpg,meningioma,1fc820365052f94497ae7eb13a797f471bc073478c22a677c4945990458a9e49
Training/meningioma/Tr-me_0775.jpg,meningioma,1f5706359e9a144c54827de844450d69b9505b638e61c85275161475306fab04
Training/meningioma/Tr-me_0776.jpg,meningioma,2e13f9247214a6b8f959ff1815f2e3215eb9c3e23e2c80224187799f46c45a0f
Training/meningioma/Tr-me_0777.jpg,meningioma,1418973a383bcaebed3dab23603bd594d6b52015a1155085a5f1db122a3ad445
Training/meningioma/Tr-me_0778.jpg,meningioma,537c5f0119b516c3a6ed7ffe1b6c8a187c7b8eaebbc3bc5d4734c652bf87b8c6
Training/meningioma/Tr-me_0780.jpg,meningioma,f03d0465810e7d14ba92d1c44c91facbaa5bbfea6bbbcf7bd6ecd92e0adc0a53
Training/meningioma/Tr-me_0781.jpg,meningioma,6fb19dc4f283d82e1a19e860bc86f152135a84f4216bfee62fd9618695ed7ada
Training/meningioma/Tr-me_0782.jpg,meningioma,3d4e9bc9632f737a1ebe8683b299b274cde62f79a8bcf0191cbebc54e90136c0
Training/meningioma/Tr-me_0783.jpg,meningioma,7cfcb935523acb08279b5265eea273788fc0a8edb7e4ed314d3f6be723457680
Training/meningioma/Tr-me_0784.jpg,meningioma,715cde86dd846c59b35cc6ac8af2ba782e88c8c7c4819ea28ba30679f67d9cfa
Training/meningioma/Tr-me_0786.jpg,meningioma,b8c191b32f6186c59497bb579b5cda241bdce3db3ec638f637f6f2a4d438298e
Training/meningioma/Tr-me_0787.jpg,meningioma,fbae500cfa59adbd667e1b9f3d1671b0df14723f73ada8815166188dac7bfbce
Training/meningioma/Tr-me_0789.jpg,meningioma,548cae591bfd4e72dcf20bcdf0185c170459b7b5173d9585c3d694e5bdff8cef
Training/meningioma/Tr-me_0790.jpg,meningioma,0edd7205f86939ddf0c5714c562f8c293d486ff076a36f7e0b7c974319fd98ca
Training/meningioma/Tr-me_0791.jpg,meningioma,2a77306307ddc68c8d3cea672cd431d19d669a449427b511e01fbe14771f7252
Training/meningioma/Tr-me_0792.jpg,meningioma,a9bcfea3fe3712e0d1bf86cdba8b5eedf9848c571fb184bc831f4958015d0e67
Training/meningioma/Tr-me_0793.jpg,meningioma,0ef2aae6efa29943937f234d199fbad54a8e41e9a0efec5e86edf5ef3ec3aaed
Training/meningioma/Tr-me_0794.jpg,meningioma,0f673459b5dba7f9dab9a6a32309e2c89ddf4bb9b799d3350f56c33e8cc8b2d3
Training/meningioma/Tr-me_0795.jpg,meningioma,4576726a8c3507c1a63ee206e2dcec0e88122ec87da72284636bca5e3ddba4e7
Training/meningioma/Tr-me_0796.jpg,meningioma,e50960c499e99a17df350e4f261d140bb10d74d9a3d81d91c4878542e2b32538
Training/meningioma/Tr-me_0797.jpg,meningioma,5c32bc4af148302670ffb8a5aa58fc239cea60fbbfc08ba34a65230a0de6f6f4
Training/meningioma/Tr-me_0798.jpg,meningioma,fc458c85a8432d97d5276d861e9779b4fedf0aef785896a69200fb973b495544
Training/meningioma/Tr-me_0799.jpg,meningioma,259b7a3c20b39434168eab2302fb29504c6c5cc52e51ac394620e73bbf132d24
Training/meningioma/Tr-me_0800.jpg,meningioma,45bb714cdc91a739ae2757a2614c1b07638215283ee339ea6674d17910fd07d1
Training/meningioma/Tr-me_0801.jpg,meningioma,704796e2a1aa65f12fb37a99db00d521ae7d2aa9f710f920495f5dca6c3274c5
Training/meningioma/Tr-me_0802.jpg,meningioma,31fe2fd6835e25ef2b1700187001432ce685c684b5233619be97866742b777cd
Training/meningioma/Tr-me_0805.jpg,meningioma,f6bdcfa3072c334eb9828a2401a380c508a14807687d0bdd792f7cf5416960c0
Training/meningioma/Tr-me_0806.jpg,meningioma,bb60c72dc452e84e16b8802a96b297790521463171f353dde1c9fec0d383a3c2
Training/meningioma/Tr-me_0807.jpg,meningioma,615dc277cd39682fd6b9aed0fdd9484a35b56de700508abfa7220fa035a9d874
Training/meningioma/Tr-me_0808.jpg,meningioma,20a6c3852b5abc6ac580b5524ff21e74da26d2032509907436856d31cbc702d0
Training/meningioma/Tr-me_0809.jpg,meningioma,e33347d98ab3002ce6f6aad62fa85ea0463bf3f9f6a3b73b245858565482bbf6
Training/meningioma/Tr-me_0810.jpg,meningioma,27f255bfaf0d368a4150beaee637ad4c70a68d8b6eaf9f7cf704129aff6ab28d
Training/meningioma/Tr-me_0811.jpg,meningioma,3104de6278687b4c24078c66fe36cdb8081944a6d16e07500047549dd8df3173
Training/meningioma/Tr-me_0813.jpg,meningioma,6bf34c4afcc8a3ba24d693418f7406a83d44e3bad7674c8f096084ce5307ca78
Training/meningioma/Tr-me_0815.jpg,meningioma,6eba5414e440798245b53127e80ced2163d340625c1cd99c0136203764c4dd1d
Training/meningioma/Tr-me_0816.jpg,meningioma,3314bf89e995b6def5a2376a064d07931eb6a8bb9021a9484fa93e50c8cdc329
Training/meningioma/Tr-me_0817.jpg,meningioma,dd5ad1d601bdb1a3b3cd567e069fb58c2cf0d631a79fb710e9baa4909a356ebc
Training/meningioma/Tr-me_0818.jpg,meningioma,179aeb3c74f5b57952862044621173cd6b7a9676d019e81f3c6375aab21d7c0d
Training/meningioma/Tr-me_0819.jpg,meningioma,df312253cccf8f666f2135d5d468a7391531eb089677459990d63d8a9082d939
Training/meningioma/Tr-me_0820.jpg,meningioma,ba26d02f1509302942f95c700fe0d657c70c029888020dd1aab74385a75087be
Training/meningioma/Tr-me_0822.jpg,meningioma,7e9f1c4a550e795c239a3761e474a04009a7581e350d07b7237a89cf86378a5f
Training/meningioma/Tr-me_0825.jpg,meningioma,fd1c4bd4f2b2245563eeee8e781d22af886c8a95c83537a5240930526b0bcee4
Training/meningioma/Tr-me_0826.jpg,meningioma,6208ee67ba4e3869f992db46db75e6f61ba37d5f5f47eb7c9f85c32ac2a29b99
Training/meningioma/Tr-me_0827.jpg,meningioma,35205a7f1142329aef7f4a4c44b07713ae1046b29957ed26ef84a0daf5ae058c
Training/meningioma/Tr-me_0828.jpg,meningioma,1b9b19e30d91c4e82e9b8a17828d6727a8cfac714698dfd16aa17e12799c90c5
Training/meningioma/Tr-me_0829.jpg,meningioma,745f56acaad021ac82211f9751b9e284f95256955f41332ab3a3f0d76ce7caef
Training/meningioma/Tr-me_0830.jpg,meningioma,5dd4b7499ca468bf7d94ad9fee5bb43a42ec718e7192324322186cebbfca737e
Training/meningioma/Tr-me_0831.jpg,meningioma,de5bce271a239f2c819e0ec333e3f750fb64e291346b6597f1566474f279ddee
Training/meningioma/Tr-me_0835.jpg,meningioma,f099fa2834527647bc13ccccf4b1e3f6251c64b396c19b891a8e15b36c5b1f29
Training/meningioma/Tr-me_0836.jpg,meningioma,fb4a9d084631e9e82eb561ebf36a1b86b84cd87e63c2ecff0faaaa547e7fd8d8
Training/meningioma/Tr-me_0837.jpg,meningioma,43966d2315ad00f8034fcef6c93f2838a17df8d46e7a7a8e9374665d787a2e83
Training/meningioma/Tr-me_0838.jpg,meningioma,f3198edbfd8be43eedb249fcc6511757ab426a0a16b01af362da2882de733c1a
Training/meningioma/Tr-me_0839.jpg,meningioma,028223a7646098304286d6306082f93ce4c1611de933f52fff8c9f45e4f15b19
Training/meningioma/Tr-me_0840.jpg,meningioma,933710b072f91429550e58495f34fd1f93c449c89adf8ac9ea82cff0e70551c3
Training/meningioma/Tr-me_0841.jpg,meningioma,790b260186b992681c567e18b8a73742e5fd657558bd2853122c435a5a473cc5
Training/meningioma/Tr-me_0842.jpg,meningioma,d5a3a20bf04be963c87d0cf1be90dbf9f5fd80de13408793d6175fd18cbb09fa
Training/meningioma/Tr-me_0843.jpg,meningioma,9835abdc51d5f420e47ed1c00c5f020224f1651446ea092c57f7fb67663a23f4
Training/meningioma/Tr-me_0844.jpg,meningioma,171d1d4c3991c36885c576883d5ebf72f2782d9f5844ee35d2b97de84b285171
Training/meningioma/Tr-me_0845.jpg,meningioma,1f95ac6affaf86af219e79383b279c8d66ce7c35e2951cf7ce3c19085710ee30
Training/meningioma/Tr-me_0846.jpg,meningioma,ef2b556a342123447b0937647244437ba8d40034bbe1716d1166cc31fd7fdcde
Training/meningioma/Tr-me_0847.jpg,meningioma,b3893ffd054431dc15aeaabfca849371033f2d3ff2e14bc523fdf3e7db31241c
Training/meningioma/Tr-me_0848.jpg,meningioma,682523775c8ec9f968c344796535db0fa567860811f8c98ea2dab724755b5697
Training/meningioma/Tr-me_0849.jpg,meningioma,d9ddc18041215d16f105e4d45a39edd077a37101d5b7a024688d6ffe2be5579e
Training/meningioma/Tr-me_0850.jpg,meningioma,e432dbdddb99a2db75dc8afdf7c55798ff04da75278c51b92d35c179d75407fe
Training/meningioma/Tr-me_0851.jpg,meningioma,3cdb002f853f95ec9f631a4276bfd9bbe9423a8fda4f543a8972c3a4c5402c94
Training/meningioma/Tr-me_0852.jpg,meningioma,eb08da0838481f7226783b16e9eec0d446fbc148f15bf66413babdba4de39d3e
Training/meningioma/Tr-me_0853.jpg,meningioma,c111af08bdddc6df35f7c6b7dbea559eff19da34d39be12dc9d352d32dd26943
Training/meningioma/Tr-me_0854.jpg,meningioma,f15c64016033c5b6d9aa05efd5e467f0d597fed0dee931d59a752010b6c5d9e0
Training/meningioma/Tr-me_0855.jpg,meningioma,5214cdfa47cec95c858bf2baf4c778e43bf0c182bf614cd821da282b5ff55e9a
Training/meningioma/Tr-me_0856.jpg,meningioma,c282b470613a1af9407200431a6f36d0ab1685c047d3c5afdd6e97e448cd1d49
Training/meningioma/Tr-me_0858.jpg,meningioma,1201151a49c26ab3829c823345d241be167d6de6a9db2f1a0ca0a04493992b98
Training/meningioma/Tr-me_0859.jpg,meningioma,8f9c305ee1ad7c0f9e616d2f95e5536f5858b575e81d7a56e98b574bb8a20666
Training/meningioma/Tr-me_0860.jpg,meningioma,fc773d1444dd3b05bda35e50d85820fb9670362939cc635ca924384bd60827e1
Training/meningioma/Tr-me_0861.jpg,meningioma,193a67c6940542684a72ac8d2353cf27d3702dd9cf5c16ae79f23bfcf24b4287
Training/meningioma/Tr-me_0862.jpg,meningioma,e6b9f660492f5cd2937fb04ca3aadb150aebdfac5331bb08aab31580b4500e23
Training/meningioma/Tr-me_0864.jpg,meningioma,eb94dccbfc0c49e461d880259411c5dc62cbf2b0b779d5636a607061d694eddf
Training/meningioma/Tr-me_0865.jpg,meningioma,b3d3bbcc6e706fd486974a879874158c9584d9d11b102b3c43144f03e5551af8
Training/meningioma/Tr-me_0866.jpg,meningioma,4dda96119006088eabab66211b1cdd0f9f3f3448366ec8e08f07fc630c857466
Training/meningioma/Tr-me_0867.jpg,meningioma,0e3718ea040f5836250df218b2c806dd2f7115316b98895193114a05ab35c915
Training/meningioma/Tr-me_0868.jpg,meningioma,c99100c3c43b0394d68e6535b9e3832d5a06d02f077b3ff218f0e84266d29f24
Training/meningioma/Tr-me_0869.jpg,meningioma,da5da424e765704b2cb9978665dfdbee5c1bbdc50a75de3de55732ba6e95ab54
Training/meningioma/Tr-me_0870.jpg,meningioma,3f03fc483fa6279f804aec9c58d385069682d00961e2e717c40ae5f786b9dbf0
Training/meningioma/Tr-me_0871.jpg,meningioma,4562491cebe7661ce1600c644c0caa09196a84e22860fe691f6102d6546d927a
Training/meningioma/Tr-me_0872.jpg,meningioma,b8a72a6ed1229b7b33dc11c8641ebf15e55e9db20fd933e6372234013b8707b8
Training/meningioma/Tr-me_0874.jpg,meningioma,5f2e5157244d403351232fcfaeef874e7a065576b768a28c42b6bee1dab03301
Training/meningioma/Tr-me_0875.jpg,meningioma,46f9052c034db957c95bd30de2bc63a2da16044dc2f698d62aa66b2f4973d4c7
Training/meningioma/Tr-me_0876.jpg,meningioma,0be7085b104fb22b95d95780cc5ba4de0c443f6ca86b9e4263843c6ffdbfc61f
Training/meningioma/Tr-me_0877.jpg,meningioma,cf6c6452629f82caf858493dc4fd1b7f8750e80c6734f8c24534234a12a2d788
Training/meningioma/Tr-me_0878.jpg,meningioma,2ac5ec24d5501be6c5b23d23ee86df06cb86a95fc52920eb8e657581edc45e0a
Training/meningioma/Tr-me_0879.jpg,meningioma,0d4d561fc6d794c4c6eca2f198f746afe51a361b6fbc90c193abf84221fc60a4
Training/meningioma/Tr-me_0880.jpg,meningioma,6e108bd2a8d2f90d7b7d7d9b2a647c6a9c04afe3eff3a17a27824e0375d5cc53
Training/meningioma/Tr-me_0881.jpg,meningioma,6d9fb8240f0d35b16a5c82dac3308d13dcfe6c19e060b40bec0e513ee8281985
Training/meningioma/Tr-me_0882.jpg,meningioma,8a58fce28d57c212232783221157ebbb36039d6ddb8de607add5d52e990c2abc
Training/meningioma/Tr-me_0883.jpg,meningioma,8a93fa4100f47a1a8fb87927c91e5c2714066e0dce7227776a15cf293bc2cb38
Training/meningioma/Tr-me_0884.jpg,meningioma,26ae8d4fdb29db2cd71d56dd92008993473ab04daab4efbb92a4af06706f7d19
Training/meningioma/Tr-me_0885.jpg,meningioma,e6ea24487fb4f7c12da673f4d2115e454937ed52b81e094d1271d2b797a56695
Training/meningioma/Tr-me_0887.jpg,meningioma,299c81643275bf300c7fb3eddddfc40c287309f015db6caef7c7f4514ae43808
Training/meningioma/Tr-me_0888.jpg,meningioma,b57a76a9d3617f97323f664ebf06c63765770d44a131a40340fd0c215c6423d8
Training/meningioma/Tr-me_0889.jpg,meningioma,835de73568b6bd9676643f57131473129643447ba3c7887044c522f27e9d9eee
Training/meningioma/Tr-me_0891.jpg,meningioma,af3fbd000715366bd584ae555c6a464a432cd033f8fc5e19d48de3c236bb813d
Training/meningioma/Tr-me_0895.jpg,meningioma,78f72b844decbdbb6011503e649e074a185a2a6ec94d28fea628336b270f98ee
Training/meningioma/Tr-me_0896.jpg,meningioma,083a956e37459fd225cec6467ba136502bfe79bad88eb7dd5b4f4e761074de03
Training/meningioma/Tr-me_0897.jpg,meningioma,db01a452cd2bc8950a03e6ea270b6b20e439fde923c9a2cd30b212f3443b698b
Training/meningioma/Tr-me_0898.jpg,meningioma,212cc0a46983666254c8b5ea9f838d855b55b8a38e187f1e65051cc26f1664cc
Training/meningioma/Tr-me_0899.jpg,meningioma,f23f2338a966cbf9798835bfbf72b3efa8b0073dc5b037a22368b24acd0c1395
Training/meningioma/Tr-me_0902.jpg,meningioma,e4cf760997fa3b39d5834843362ac514b89e4d3b7192aadea5ef8872bb57b358
Training/meningioma/Tr-me_0903.jpg,meningioma,f2eb393a8fb13bb66e2909c17b871fa9d18d74f38c9f7198b83160284ba6eeea
Training/meningioma/Tr-me_0904.jpg,meningioma,b34810d0804622c37395da5bdda94a935c636de31b45e267902bedbf8dbc2803
Training/meningioma/Tr-me_0905.jpg,meningioma,29a669056d1951becc040e7fbf475d0d0ad802cb80084f43f88da23e001da340
Training/meningioma/Tr-me_0906.jpg,meningioma,b7dfa8de41871a3de811d28358f1845760b15f950e5a9b508bc3d27f5b4766d6
Training/meningioma/Tr-me_0907.jpg,meningioma,4632235f0b739980b35b1afb70a946ce6be8aebe284add9cfd8048973baf152e
Training/meningioma/Tr-me_0908.jpg,meningioma,e7da6788587df82c314c573c00743f9839f2698825612b2f4156e57cbdbe6102
Training/meningioma/Tr-me_0909.jpg,meningioma,a5c709f5add49de5fb3c826eab17bf990ac6557812aced0c84c75521a56617e4
Training/meningioma/Tr-me_0910.jpg,meningioma,115f57a68b82a81dddec88373e3a9a4cc98df3bfcc91234ff765393a631633bb
Training/meningioma/Tr-me_0911.jpg,meningioma,c74ef830a9aa3d16a52a81ffdc451e7b20cfbd2cc9ffeec622f1620c00c93a3e
Training/meningioma/Tr-me_0912.jpg,meningioma,5b3f94611cdfa73ef3d0e5f4411ef66cccbdee60069e14712613bd59dcd4ad51
Training/meningioma/Tr-me_0913.jpg,meningioma,4316e4fabe777e66d3e1f60e7daa9a54cb599381b7e7d3f1d218402bbc7f7450
Training/meningioma/Tr-me_0915.jpg,meningioma,3f12ecdae00cc994e441a58d5a0f2364d17521d0bcc7ccda9a9d60855ab6849f
Training/meningioma/Tr-me_0916.jpg,meningioma,c4f8020ec6ff0675faa718e796f58867102bd5a2d70e8bda7f9ad7af6da669df
Training/meningioma/Tr-me_0917.jpg,meningioma,2a4e4cb02b24f583eecd3ce4abd57653d4ac938e8a76e0d5422b574a5a39d103
Training/meningioma/Tr-me_0918.jpg,meningioma,3707ea594367d53f0a22dc9075deda0a7321a5fbfeca6607eda18d13e5858388
Training/meningioma/Tr-me_0919.jpg,meningioma,5e1e4798d4516b8b85323f1cb098f0f5f08349eb4f15b9415a4d6436e2282d7d
Training/meningioma/Tr-me_0920.jpg,meningioma,49015205f06081a262490c8de5234054d9abdfa0457a479b74760f671a0b1550
Training/meningioma/Tr-me_0922.jpg,meningioma,77f83f3bd676163880f120369ca7745e7c12baefa7da6f93ad9448ec23e5d860
Training/meningioma/Tr-me_0924.jpg,meningioma,d4a14fd648e9bbc3bd50369e835f1cd372ce29d02d43de2a769031a7fef8ef6f
Training/meningioma/Tr-me_0926.jpg,meningioma,4f6e426282e18a7182cb6b0a2efbac62202042023bb134a5b6379060382f29f0
Training/meningioma/Tr-me_0927.jpg,meningioma,1d6a6ced3db1997b2ab25ee8858868975ab022d9187a146ddb3f76329d32384b
Training/meningioma/Tr-me_0929.jpg,meningioma,32324abd581102ec05f9ad699c5a4fc38e664d82ab6dd3e2fc93ddce75918a36
Training/meningioma/Tr-me_0930.jpg,meningioma,77e7bffcd7905411751bf2f7e3fd8aa2d8eb915763793e2d08005ba0e46b9377
Training/meningioma/Tr-me_0931.jpg,meningioma,87ec0c44706a2d12a6b7210106bad4941b2b61067ef3a68491458fc54bd4661e
Training/meningioma/Tr-me_0932.jpg,meningioma,046b9b75be07703df500622fef3bd9c49a1386ea6f4325f730c91489856db016
Training/meningioma/Tr-me_0934.jpg,meningioma,0fface2876f4eee17fab15c92a0e35e311c20605286b0462783fc42d0753dd29
Training/meningioma/Tr-me_0935.jpg,meningioma,05730c1b2603d901d540a8f923fa3db4ebaf6513e21fd385ae4a8aee0539682c
Training/meningioma/Tr-me_0936.jpg,meningioma,e74dddb4b95faba88f5fe9678d74ed4a2a5f52c126ddbc218f86c3bd1637bf0d
Training/meningioma/Tr-me_0937.jpg,meningioma,c950530c6349426746704816c74b9fc21330dd4d51769636ed56517c128db04e
Training/meningioma/Tr-me_0938.jpg,meningioma,6b8329eccb52af1a216e7798f56d8e086aac0c6a6a3c31875f27fef4d5ae66fd
Training/meningioma/Tr-me_0939.jpg,meningioma,2a42cc2372b9058882bead2cfa56ad9707a5d0b3986fdb1b55ab9ca895ab6652
Training/meningioma/Tr-me_0940.jpg,meningioma,1c213d91ecbba161aadd41538ea75e46a8c08724190fa9fc6c8ed1ff26220632
Training/meningioma/Tr-me_0941.jpg,meningioma,00cdc02ec1dcdaa9a7ddd44fa2a83d09a5aedadbee67bce4ea4109addeb92980
Training/meningioma/Tr-me_0945.jpg,meningioma,ec9e9138932388700a981364fd5b8f0a06f4765bae131f6fade48f715e9790df
Training/meningioma/Tr-me_0947.jpg,meningioma,1158db9f1479a89bdcfc60e5e3ca6854ca9849c9ccd5ca16198910ecbe5dc508
Training/meningioma/Tr-me_0948.jpg,meningioma,5e8e2946e2749673cd561721a7a0cd978a1f1c9eb38ce755c082190250acd1ce
Training/meningioma/Tr-me_0949.jpg,meningioma,a941f05c3aae124fc6496ae095c76b8a1361579eda0f873cd9f10aa7b1e20939
Training/meningioma/Tr-me_0950.jpg,meningioma,db743f0002b6b0e17906740df1df1a2e517c71a532ca761d56a3ae93d5df7a57
Training/meningioma/Tr-me_0951.jpg,meningioma,5efa81291c0219d42b27d3998a46985dc4ad68e5f233f92ad92570b6ca89db4f
Training/meningioma/Tr-me_0952.jpg,meningioma,93da26ce4aa406d21c4b6eb9231de815f716e6219b1aa2ed1785586531ea8472
Training/meningioma/Tr-me_0953.jpg,meningioma,09c1396bd32bd4199756c3dbe63adee47c7ca836bb06ec0520e9d89c33f36d4b
Training/meningioma/Tr-me_0957.jpg,meningioma,158653c1b018f163aeebd3b34bc67366a957984550e6db191552f4a1a37daedf
Training/meningioma/Tr-me_0958.jpg,meningioma,6b81ce896eb33f6415ce178bc07b255864777970461f852268ad768027c13e53
Training/meningioma/Tr-me_0960.jpg,meningioma,27c163186722b07c45fdd1807ea6763e139b230f2c7844d2bac1214666f07197
Training/meningioma/Tr-me_0961.jpg,meningioma,a233dc29ae4b3f9b03465e94104d737d077bdc7a80cf49160800ab7d31be9cd2
Training/meningioma/Tr-me_0963.jpg,meningioma,5f5fe0c5da7692506609203787c3964b2a245664e09c3594f7e8be6a3fcf8d1d
Training/meningioma/Tr-me_0966.jpg,meningioma,de50c28825365e33874a63c04d528dc0fd0eff3efa26da2f63477eb17373b5ab
Training/meningioma/Tr-me_0967.jpg,meningioma,b53ed9da4d37c9ff4b8e125f4367b962695063a08f19385b1995a91a2ff5b187
Training/meningioma/Tr-me_0968.jpg,meningioma,ec8051542e21d423900015c9906a51027c9e1cbf0e061bc8b6819b69cf8a83a0
Training/meningioma/Tr-me_0969.jpg,meningioma,a73b92b2a5899b0d8ae739c4c6f26131aafa432aaa88f5949524ad0e4c893461
Training/meningioma/Tr-me_0970.jpg,meningioma,1d1056830d82a247803d606cbfeceed9647cfb988a1c0d878b51f0b1d9270473
Training/meningioma/Tr-me_0972.jpg,meningioma,8870ce93c9be0b37cc81ce3b8c5ed9f737187e039054ece85345956734b3199d
Training/meningioma/Tr-me_0973.jpg,meningioma,49b2e82b60e3b7e3e0bb916263a924eccbbc67833eabef47a67d261c71f56e75
Training/meningioma/Tr-me_0974.jpg,meningioma,c3362744c0994ebd0642a9355466c22916434e2c3924f282f4ae6068630b7ee7
Training/meningioma/Tr-me_0975.jpg,meningioma,d0179dc2484764f0e0eab0b57af706705d96985d0e2d09a003b39f18be90f205
Training/meningioma/Tr-me_0976.jpg,meningioma,fca372e5646fd82756b1e6c1e75e0aa44a2b2243e6beabb2a445468e3c2575bb
Training/meningioma/Tr-me_0977.jpg,meningioma,7452b36e76df158f377c4ba25e0ae8ac0921c16ce2480fbeab398512097eddf2
Training/meningioma/Tr-me_0978.jpg,meningioma,aa6942a9edaba84b70a661135622d5d3c2aa7c294222087c6437ce2bdb23c8a9
Training/meningioma/Tr-me_0979.jpg,meningioma,8095b6db7da097f6358d1982ab320a75f85903629f4be721528c290b14d2d295
Training/meningioma/Tr-me_0981.jpg,meningioma,66e1e9385c5297082c51ed029e517e1e0f3d1654e8ce6697626a916fef7c49cf
Training/meningioma/Tr-me_0984.jpg,meningioma,d0d72e428a13c8a186e4712b143be02c57063dd985e02475d4028ded83fed025
Training/meningioma/Tr-me_0985.jpg,meningioma,23a5c32e914eba2dcb9d116dfa56e433bbffe4378ced9629a13c72c35b6a5b87
Training/meningioma/Tr-me_0986.jpg,meningioma,b9aa698b99536815fdc8d4b0ff114a8da24c3249eaaac5dc1e89a3eeef33fb02
Training/meningioma/Tr-me_0987.jpg,meningioma,9c29b5b481465aa7bd177d6580d12788ae76266880f230e966d8461eb8acf1e7
Training/meningioma/Tr-me_0992.jpg,meningioma,09b7ab00dbdca52f9f7f84bbe26813b53f8ff68e23340b39ec3ec8741df9d01b
Training/meningioma/Tr-me_0994.jpg,meningioma,1c3f42440631d3c607073bb42aee34fc49d2095af54f025d77711749fae6160f
Training/meningioma/Tr-me_0998.jpg,meningioma,018e55314ac60df9796597db3911457bae576cf7faa6fc24fdb9c554ac0b854a
Training/meningioma/Tr-me_0999.jpg,meningioma,e6125f1ea41de85ac6b688d1d7168cf10c876adbc3cf739f2122c693fc6bf097
Training/meningioma/Tr-me_1000.jpg,meningioma,790af09dbd29e0767f7dc4952ffc8386d386c205652bd6f504612c1bdeea103e
Training/meningioma/Tr-me_1003.jpg,meningioma,cc643ea393c2dbf4200f6fb2707b4613d1312073ac5c9f1d32a7ce55723c79bd
Training/meningioma/Tr-me_1004.jpg,meningioma,9cc7995cd7d4d945f4ee2bfcc32de48dc5d04fa43ee8369faca47a6727b35651
Training/meningioma/Tr-me_1005.jpg,meningioma,ef0e11d139ea444dbd4e266a8ccd3f79d22d82c5b16189481ec4047b605fb9c8
Training/meningioma/Tr-me_1006.jpg,meningioma,c95863e647b475a893895158643ea492ef7feef445f97a0c03cf98b821c92487
Training/meningioma/Tr-me_1007.jpg,meningioma,95a98907bf363a65182925038668cdaeb760e61713ea32c2b8c65457326d5316
Training/meningioma/Tr-me_1008.jpg,meningioma,e81d0f403c74778339c645f8789c6cbd2cf191bfb8e497678a036af8c405d899
Training/meningioma/Tr-me_1009.jpg,meningioma,abca2b22229fea165162669f2f856566968ae17b61ffa60a43913fd97481e9bc
Training/meningioma/Tr-me_1010.jpg,meningioma,255a8722a287e7aa70bb0765415e21cb94470e096777c65ae23678a27bfadf21
Training/meningioma/Tr-me_1011.jpg,meningioma,63c21bf53f5514e0aeee2cdb42439186f19849ce90b225ecaf673fa4790d70e3
Training/meningioma/Tr-me_1012.jpg,meningioma,a60799afb014eb9b4aede4e355e166f35f629e5c93b0012698f6019b39b7d9c8
Training/meningioma/Tr-me_1013.jpg,meningioma,48320b830e359bb421b2e29d7293844eebdf618cc267fb36b3c6f6680fc28d72
Training/meningioma/Tr-me_1014.jpg,meningioma,afdc92194ce5223cd1cf538436398d3855730d885a63599df0b6a2605a45d0a7
Training/meningioma/Tr-me_1016.jpg,meningioma,2ecb212c2b913faf36ccd2073676f4db48ed90adf9fc0608610c5e3eb31b8db1
Training/meningioma/Tr-me_1017.jpg,meningioma,fcafbf9c8eb652d8181ab368ca7c4dde56c6a13db0e7484e5d62b040382d1ae5
Training/meningioma/Tr-me_1018.jpg,meningioma,4a9c32b6d8edc02bb12c97ad55f1dbc43307a8b7912bfd7e15e3e2bbeea19ce3
Training/meningioma/Tr-me_1019.jpg,meningioma,c391670b8548cae15dd1e59be7f7ba416334f2e20aba39a21b60a9a3c625e42c
Training/meningioma/Tr-me_1020.jpg,meningioma,c7de3bc9b62521d6a76feef121f77fc2fd41d854f8ac83fd4a6c9cdd6e7e9960
Training/meningioma/Tr-me_1021.jpg,meningioma,fde8600f7c94ecfc996d792ea6b7acf46cbe395aa2b0e792ab5aa877d142aad3
Training/meningioma/Tr-me_1022.jpg,meningioma,94784f09bb7f5f69d93fe9e6b5015c5155ad699cd409de607bd059be636c7279
Training/meningioma/Tr-me_1023.jpg,meningioma,e0696e146056ae48ed1c40f897117ea2dfbaf01562794bb1369eb0a06e875e04
Training/meningioma/Tr-me_1024.jpg,meningioma,684ad518242c43bd2f91bec2977b41c8347855753945b5732363eb1cfe94d4a0
Training/meningioma/Tr-me_1025.jpg,meningioma,2ed31f3415e9cae859bf94ee0f6758eaa94d32a148e1353d6fae108527de61cf
Training/meningioma/Tr-me_1026.jpg,meningioma,089a7ad8107e9ef50fc7c35e7407b18fcda170be3707749807a059a5cb46b3a8
Training/meningioma/Tr-me_1027.jpg,meningioma,ddd98e7e745b5d9c63996e274415f6e81ed026994aa0402483b40ab48af634ec
Training/meningioma/Tr-me_1028.jpg,meningioma,a3700c7bbe41e3f8231af20c9677c372faa3fab5e2fc718d40a5bd7493898f4d
Training/meningioma/Tr-me_1029.jpg,meningioma,fd5ae8ca80af53eadf86a19a5e28e90710cc795a48df9d68052fdf771bbbd274
Training/meningioma/Tr-me_1030.jpg,meningioma,dff24e77000735d77a3c02cffbddcabfe591ed9ae5d9263e588441dc78cd03f9
Training/meningioma/Tr-me_1031.jpg,meningioma,8c67f97827c1f777db46d601c7042276c762b636844b0d1d2d3361c58884d743
Training/meningioma/Tr-me_1032.jpg,meningioma,c59e752aa923884714155afcdfdd76f082e92f14de35e834d9a688821b0b9eff
Training/meningioma/Tr-me_1033.jpg,meningioma,67c4cb3fa5ff9572eab9c8275043ff331f5d1ed7b9cfd7343ca37ebf8b690823
Training/meningioma/Tr-me_1034.jpg,meningioma,7a150a1c581ccef225181a00f0b01518438bbcb6aee85c925746f2af3d8d0f63
Training/meningioma/Tr-me_1035.jpg,meningioma,e2a955142f1b608205f3bc0ef078d801a644682d608e894950e2d1d85b543e75
Training/meningioma/Tr-me_1036.jpg,meningioma,35e81a1b763295a5acecb1f54478b2ce1583ab334ad71f7e368043ab5ef176e8
Training/meningioma/Tr-me_1037.jpg,meningioma,3b7d1314e0187929a5ef5813ee5b954e3ad4973e4045d0d08141a385d5e14ebc
Training/meningioma/Tr-me_1039.jpg,meningioma,709b92f6da6aca8a5af8d5a7efb55d68bf595fb783b1d0559d558e04d1cd6bdf
Training/meningioma/Tr-me_1040.jpg,meningioma,b891dc32f03a2b15eed07c6dbdcff17bfb0f63a0bca6329b0c0273f482c01412
Training/meningioma/Tr-me_1041.jpg,meningioma,b5c411440c49e9f18a843b1314cc87c7bffed8f042e2cedad732c34e49d568d9
Training/meningioma/Tr-me_1042.jpg,meningioma,e73a94ef2f96e81a1311fce7b9407d4041be8020b8e77a649984e09ccabb082b
Training/meningioma/Tr-me_1043.jpg,meningioma,d3039cae81c2415c2de5e6217b19ecdad101db17547c4f8fd7e9e15b2d06f54c
Training/meningioma/Tr-me_1044.jpg,meningioma,905a727cd9023461278f49aea64e39987014ab2520a75c262d79239875528cb4
Training/meningioma/Tr-me_1045.jpg,meningioma,5ef4168c208d28d5d4c366ebda0143c9fc965f2d71ecd232318b59d743d64fc4
Training/meningioma/Tr-me_1046.jpg,meningioma,81e70405aa5733f422e9136c67b594e59dba34063eb47744186f498b70247c77
Training/meningioma/Tr-me_1049.jpg,meningioma,aa8642ef51365dd122024aa54621be250a86d01b3ce82ac00caf4f492a381505
Training/meningioma/Tr-me_1050.jpg,meningioma,3fa88fd951892f2e7571ac384e7171b4ead274e1f368ca9d65a48548aca490f8
Training/meningioma/Tr-me_1052.jpg,meningioma,23c5117dcdb5ffabb6815b588b0f51b833e623e1d1cdf8e55d24676a9d7425aa
Training/meningioma/Tr-me_1053.jpg,meningioma,75b9ed238e190bb3cbf41ce364e04cd6598e0e5b1c83a45dd051954d8c35359d
Training/meningioma/Tr-me_1054.jpg,meningioma,4a1f7e917c61390c2d697d3bee01f7155f175baa8534a1a3639d7ecbfa7b281a
Training/meningioma/Tr-me_1055.jpg,meningioma,b567a08b2de146d48c2c8ffde8c514007d9fdd0207450b5d3368f6ac9bb4ce5e
Training/meningioma/Tr-me_1056.jpg,meningioma,b93410e69e63bee0a7f524d50a09a8b77665fa8cf41490ff61c4853f9a4b5df5
Training/meningioma/Tr-me_1057.jpg,meningioma,83d3c0cf942cc37eed220dd62903487e5a27cf1757c864f5bde36c5c8d2a3c5d
Training/meningioma/Tr-me_1058.jpg,meningioma,852380cbf796b368639a416071390697d13b77007816825cc750ad5f3218256a
Training/meningioma/Tr-me_1059.jpg,meningioma,522e9b78f6e0d4ef7b261fe71da95981111f3f1be0ad5a0b19c7f9adba27dc4d
Training/meningioma/Tr-me_1060.jpg,meningioma,a07acc701cc6ec3c5e94e9eefa3f4cd9f362d85f2be2e1bf09dcadaedb5f8baf
Training/meningioma/Tr-me_1061.jpg,meningioma,c98611a4cf0ff3ad32f3faab010234809c98ff486a47fe703e0350b623d5104d
Training/meningioma/Tr-me_1063.jpg,meningioma,2d22290c1623e6be1773f6b22d7d1bfd659cfb8fac53ad227c4e26ec09356a49
Training/meningioma/Tr-me_1065.jpg,meningioma,43fb3666c2dcb6ffc2368c33ccc3641bd9b2d654e822fed5fd3520f51a7ca879
Training/meningioma/Tr-me_1066.jpg,meningioma,61bc0f978136de7a00fff77526de59149a3303ecd26b134752891486d279218f
Training/meningioma/Tr-me_1067.jpg,meningioma,36617ab48add83e19735fbdf059661a267925ea5ce3876927239c6909716aa07
Training/meningioma/Tr-me_1068.jpg,meningioma,30be43a1ef5d2f52d9d9738deeac4e0eb05c7da0d63708cf30066c75f618e81e
Training/meningioma/Tr-me_1069.jpg,meningioma,0ccd715ae7fa3daf1dc8580edf447b3124cf13f803cdceae6014daa188b20b0e
Training/meningioma/Tr-me_1072.jpg,meningioma,700b075f436278d304f5f83f542ae7ee28c0b3f7371ed5d765355a5f3e75a93b
Training/meningioma/Tr-me_1073.jpg,meningioma,89bcf7f5c756aef2c42cf5a7a2e3bf7f0284b48b0c9ceb76543a6b990b93f8bf
Training/meningioma/Tr-me_1074.jpg,meningioma,686a9249404bede1997dd14fb82cde958782e5c8403a6410e54ba7ea7c849553
Training/meningioma/Tr-me_1076.jpg,meningioma,d620cb0e3d960389b9a5a9684831c19e88736d2941e9bdb6b6a5a57effc79507
Training/meningioma/Tr-me_1079.jpg,meningioma,11daf07bd3397eb098f97d3d97e7e56f0122a78d89c3d82780b69d99c5a63462
Training/meningioma/Tr-me_1080.jpg,meningioma,694ccac77557acb2df1e007464b596d8bb2101a3c035f8fe2b81a6e0f24ccb9d
Training/meningioma/Tr-me_1081.jpg,meningioma,7cf6d10e0f346e398e88f9328c91bffbb32d40f94cb7e4c7ce64be18476b53ce
Training/meningioma/Tr-me_1082.jpg,meningioma,004a43ea02804dc17a75caefa0ff36b7161849acd8f9d3dbdde54d75c1455639
Training/meningioma/Tr-me_1083.jpg,meningioma,c4d1a0e83bf603a05a1da0495845384496bc05b59b8c71bcfc4e32260ec20443
Training/meningioma/Tr-me_1084.jpg,meningioma,4190c2678e334ce19070743e713dc7ad5854887d7724533f14169ee36bacea30
Training/meningioma/Tr-me_1085.jpg,meningioma,35c0a701abb6578a77312b9d5a5bc84d438283f52f3fc435e3995753541171ce
Training/meningioma/Tr-me_1086.jpg,meningioma,ffc772adb2e707b6e0898b85f70e4ca69c2739bdee2682e97df88efac5d06697
Training/meningioma/Tr-me_1087.jpg,meningioma,b75d3b17c45d310834ba37802dac2af44f72f92f033af6e5279ce998786abdc1
Training/meningioma/Tr-me_1088.jpg,meningioma,a1278dd9f48181c7e6581138c39a743a9ccec3e562719354edc8764404f739fb
Training/meningioma/Tr-me_1089.jpg,meningioma,6fbb477712c85964f6f10d62b4b0e3c1aa75d4207f89dfbe7bc17ba271f3971f
Training/meningioma/Tr-me_1090.jpg,meningioma,1ceeb7b59a66174a2832dd0524c15f79bc136d7ef907b7762860016ef47b51c4
Training/meningioma/Tr-me_1091.jpg,meningioma,fcd13413446c18f4014df86eb650ae3d1d734951308df23b580bb21e3ccb1d60
Training/meningioma/Tr-me_1092.jpg,meningioma,47659f0b7a3739148ba3a036ec2204283a0a233876b0a0458bf251bfae9c2da8
Training/meningioma/Tr-me_1094.jpg,meningioma,bfc2226aabd1831af607caa558cf7655a1d6662e84a555050084ab795caa2475
Training/meningioma/Tr-me_1095.jpg,meningioma,f8e9cf980bdac1de7740d880c4f9fe47efdb4668fdd804c1e795b8bf2632d066
Training/meningioma/Tr-me_1096.jpg,meningioma,f90bbaba2b34e9d551c627a7a23b6af727ada30a9b65526ffbaaf22f57662281
Training/meningioma/Tr-me_1097.jpg,meningioma,b28dea03969705adb64ad3bcdcd76f8b40532517c62608d48752cc9fe1e71ac6
Training/meningioma/Tr-me_1098.jpg,meningioma,000b5af2922fff3ea689f3132b43538ffe9d01a8b9b2a09d4d0aa47ba94cda01
Training/meningioma/Tr-me_1099.jpg,meningioma,7666c7b3227f7a8563cb8cb25d615e7dd495eb1dade1be5c31a9c5e7c1dc1865
Training/meningioma/Tr-me_1100.jpg,meningioma,69328c57ae068628af63643557d386f2318ee123b924c151a595299c56682b3c
Training/meningioma/Tr-me_1101.jpg,meningioma,a44c710ac3964568ff991581687b11b0c1390e4f2a1319c6f61509717bd78567
Training/meningioma/Tr-me_1102.jpg,meningioma,ebe6e738091b6e8e1388698bb4136d56f899a9beba92650b273e615527a97505
Training/meningioma/Tr-me_1103.jpg,meningioma,ab150f4a0649fd2d1843a0109dcb1f09516e7230952726321973693eb32f2084
Training/meningioma/Tr-me_1104.jpg,meningioma,70bc6bf62eba29b778424c75ee64990a0f0a790642c37b42b14da40b66436cf4
Training/meningioma/Tr-me_1105.jpg,meningioma,bd4f5d7bccfef518b7dc09b54df83d446230f633200bb446461714c511c80da9
Training/meningioma/Tr-me_1106.jpg,meningioma,e9abfff35458c49d99bd74249644c304e0ac74c9f1a1a1956e34813d9f110438
Training/meningioma/Tr-me_1107.jpg,meningioma,67d5ea06379513aa119368053fd81c336310361cc476eec56235e510a2bcc377
Training/meningioma/Tr-me_1108.jpg,meningioma,db9384e1a2ce28555ab52dc93fbef62aa9e30b0ef287a886cc7b6815e6ba1228
Training/meningioma/Tr-me_1109.jpg,meningioma,32e220c761d9d8c32c77543a7690b8bc904870d56f6af42cfbbaa32a9b7556ad
Training/meningioma/Tr-me_1110.jpg,meningioma,c6e8617297566fce8a711b96cad066cf12f38536cb1f0715433d1a63c8a18007
Training/meningioma/Tr-me_1111.jpg,meningioma,db605b8e0c793a72ac103bb7ac5ee568d717dae7438f01b3f082c54b5b813fd4
Training/meningioma/Tr-me_1113.jpg,meningioma,77604455f088a139091cfea6131958c208e67398e5017faba71cf22b06eb65e9
Training/meningioma/Tr-me_1114.jpg,meningioma,6f536f7347243b7be6b18ad7842c488c1bff7741bbfd8a6ea917800d4cafb3c4
Training/meningioma/Tr-me_1115.jpg,meningioma,6d45a914999f92115d439dbd3072131845afe89c0bb23a302605053aab30bef8
Training/meningioma/Tr-me_1116.jpg,meningioma,4ed28a901ad410724e09fd59e31b339afddda9646c2a1235d9363ea86a174031
Training/meningioma/Tr-me_1118.jpg,meningioma,4e6e9867b99160e8a0c65a241bb21a855dbaded140618a604d0fb3215951df9e
Training/meningioma/Tr-me_1119.jpg,meningioma,606cd0e234ca77dd6be78308a218e484f1530c3d879eff0b88aa806a654782ca
Training/meningioma/Tr-me_1121.jpg,meningioma,e9ab10556d677a57a21de09dc7bb77af9fe045817ef85ab467d745ad6a5a97fa
Training/meningioma/Tr-me_1122.jpg,meningioma,94c9fe8d5cf4af4c596b9f4798220592799effa44bfc19bc348232532a086381
Training/meningioma/Tr-me_1123.jpg,meningioma,d8934847ee16e6194ed30b5ba09727b530eaade5f8660632f768619a525a5bbd
Training/meningioma/Tr-me_1124.jpg,meningioma,8326a437c20c825f335c96ffb6144fe5df19ffec032b2160bd8adc7bea12938f
Training/meningioma/Tr-me_1125.jpg,meningioma,37f903232a54f0e401144d8d9d581cb7a8f558adf00cd7d8571a9b99e22be5ff
Training/meningioma/Tr-me_1126.jpg,meningioma,8889ecfb71b4bdbbc96afdd20f3ecb3ee411f75f48fec93600e4928cecd0aef1
Training/meningioma/Tr-me_1127.jpg,meningioma,0ae8bf426bdc0ca9fbdc0650d6bc63704c1bc6fdae606644e532a39795b70717
Training/meningioma/Tr-me_1128.jpg,meningioma,8e289866f700c054bb794a8708e4caa31dabc692ddb4db419d6ea8048eae63b1
Training/meningioma/Tr-me_1131.jpg,meningioma,7d83efc5ce126b48a189790e7c1abe776dc60aef3ea20491b19845989a459bdc
Training/meningioma/Tr-me_1132.jpg,meningioma,fa32c6d562d7556c701a0044efa90789f763e467777dc40d95f8d7300cc0d0ea
Training/meningioma/Tr-me_1133.jpg,meningioma,98e43989ca09a7cb73af0e1aa710d63d4d8d8a31ab35dbfe50fbd88b1df71c56
Training/meningioma/Tr-me_1134.jpg,meningioma,ed8066f5cf4eb2eec87f30ba65c8ccebfed6b84c123ecfccf679332bcbc92762
Training/meningioma/Tr-me_1135.jpg,meningioma,5401afead1b5252ced6bac4a77abf186830b9d1029db6976b58ae133d65d8879
Training/meningioma/Tr-me_1136.jpg,meningioma,82f6b22e92fd7487a649b81de7f6160ba3ff7905577758ec5f2bc91e6b0b4ba6
Training/meningioma/Tr-me_1137.jpg,meningioma,3b39dbaabf7765cbb4ae847409ccfd104e4137d73cd0d4b78b5568f051888184
Training/meningioma/Tr-me_1140.jpg,meningioma,2ea0080072fbf4b060fca64916403259e12c9fa8e2d413dc3ee5ac456d375391
Training/meningioma/Tr-me_1141.jpg,meningioma,63855e82e86b8acc3f0e1991dff271102482d646bb846c94ae440d492990782e
Training/meningioma/Tr-me_1143.jpg,meningioma,37a0d9f923e4381cceac3eaddb34a6449090dc745f818ca1400e598f8659eb5f
Training/meningioma/Tr-me_1144.jpg,meningioma,b205809df611ae3f90666bdec215f9b1ff3e3afb64f751d990a851e7334c5ed2
Training/meningioma/Tr-me_1148.jpg,meningioma,b958022543b5d3a414f7576f0856f38dbb94e3df68e475104c034228260ea44e
Training/meningioma/Tr-me_1149.jpg,meningioma,0761381702aaf26daaadc8ea2e01d2bb8201369c19567d3010606eb905973c6c
Training/meningioma/Tr-me_1150.jpg,meningioma,d12d7e3fb08258debce15cdb75ae0c964dbfebf86ce7e7756709d1130a317932
Training/meningioma/Tr-me_1152.jpg,meningioma,a25fd093675d15c313b36a1433ba81217f378e3a359ad1061a810cf4cb497e3f
Training/meningioma/Tr-me_1153.jpg,meningioma,aa050bde7cc73aaa0e59adc79f95ba3018346d444340ae65aef92add28224323
Training/meningioma/Tr-me_1154.jpg,meningioma,4dbfe46d26ece25aca46d4e29ae20acffd3c7741a6d8dc4c3a51d539c25cc9b0
Training/meningioma/Tr-me_1156.jpg,meningioma,d40871a7af3e6ac97ff6375735be9d2572d2e3fa9aae97c5c56802dd3561571d
Training/meningioma/Tr-me_1157.jpg,meningioma,ad7a68b24ec23cd0e5769e33f63c20b3cccf189531899cc074a01c9de84c7f65
Training/meningioma/Tr-me_1158.jpg,meningioma,5b9f94aee09d352e3fefa8692df1ff2197918feb527789464f4cd20874d2e13b
Training/meningioma/Tr-me_1159.jpg,meningioma,0994c0c45c34de7c98eb3014a5aead164a49d298d4eaa0fd00d787dcce5b644b
Training/meningioma/Tr-me_1160.jpg,meningioma,040a415afd40cde551ea35ff4fad705011f381f0700de2479ed124c6392dc505
Training/meningioma/Tr-me_1161.jpg,meningioma,d31f0c2ad843318ead4714a548373acb2bc59aedcb6f4f9091506d575b99d48c
Training/meningioma/Tr-me_1164.jpg,meningioma,ffe12100f5ef29258c67e195c72176965cebdd7e6e08527931b45475f92bb5e5
Training/meningioma/Tr-me_1165.jpg,meningioma,52213db7fcad57b87d8e841fe5cd5c329bf56f746b35a79c05ed9b675887f76d
Training/meningioma/Tr-me_1166.jpg,meningioma,f294a08f918075a02200b81540a9e6c4ca83a7c0a37bc8ce0b48ffa4ea8435ad
Training/meningioma/Tr-me_1169.jpg,meningioma,7303fd349b30125d3d0511f221be382fe76a7aafd1cc287894793a8a46619b5b
Training/meningioma/Tr-me_1170.jpg,meningioma,d4e5ae5861d2a1ce6b5c9c8c5fe36cf68586da10e6762a966b02af8870478075
Training/meningioma/Tr-me_1174.jpg,meningioma,0a2dc8260132599fdd077d98f17639b5c2c3cc009052fd96a5aaa7dd141ee049
Training/meningioma/Tr-me_1175.jpg,meningioma,c62d5368feb0e9f07bcc479c9388d4ee19e37070ca636c6cf62e33699e18f409
Training/meningioma/Tr-me_1178.jpg,meningioma,036c770275ee99660fd4d157a86baa843e8ce71848e182e62608ea758cf20637
Training/meningioma/Tr-me_1179.jpg,meningioma,72d18f0f1a434720e92125690b2c489657efa7a3eb7deaa9f829994981f7e97e
Training/meningioma/Tr-me_1181.jpg,meningioma,b7a0134500ea51bf896dbfa0c0aec0181e3051eb549a48117082d816ba7e0d0f
Training/meningioma/Tr-me_1182.jpg,meningioma,a1995f8caa2e4a81a3ccad7c541b87389890ad3fbea14f61fb125d9aadb7d38e
Training/meningioma/Tr-me_1185.jpg,meningioma,15165653e2f74753d79658c952547981e2dd1652149d077da44bedf1ebbafc4d
Training/meningioma/Tr-me_1186.jpg,meningioma,d886c9df6e7dd3205cd82ec24e3445daa63ee70f6509fd84cce21f1232776176
Training/meningioma/Tr-me_1187.jpg,meningioma,ecded406ea5dbf59141dc8084c5674b6c39578342457f27ba1eed1a2ad8512d3
Training/meningioma/Tr-me_1188.jpg,meningioma,8c3eceaa8cded4ac37c11779f2e42ccae32f0a50df46315da9516cd942dd6806
Training/meningioma/Tr-me_1189.jpg,meningioma,b6d7ef78e9ce636f4450f873fa24f23433683309f152b90c54f9380a64c46a6b
Training/meningioma/Tr-me_1191.jpg,meningioma,8f6527cb3fcade0ab52b3630bd918b0ee9096888321c1565d4334090055ab46f
Training/meningioma/Tr-me_1194.jpg,meningioma,b6453168febe3cb1ee951e72fc85793b6d278fe5931448d1283a7308c6052d5d
Training/meningioma/Tr-me_1195.jpg,meningioma,8ad5466463261f2e79c7b2d148eec32576fe869fbcd0b7e2b27bc329a1a2d963
Training/meningioma/Tr-me_1196.jpg,meningioma,dd959cd7ceb0fe232a0e9911d65e07b8f5076b4d7d5a4759842180460ee37d5a
Training/meningioma/Tr-me_1197.jpg,meningioma,60870bc1405033721a61e82207b508bbdf6b2f01e121894a31eb72e13dffd2a3
Training/meningioma/Tr-me_1198.jpg,meningioma,3165132dd63c814ba0adef2a8ec151544ef449caeca19eaf85ddfb0edcd717ae
Training/meningioma/Tr-me_1199.jpg,meningioma,a18f7a24947d75f5c4b3644ae2009bc0535bfd89f41959fa6bc44e130636dd31
Training/meningioma/Tr-me_1200.jpg,meningioma,e75720626eb32746c07a41520f13d60ecdf0c487634e2dc20ad64b4853a49238
Training/meningioma/Tr-me_1203.jpg,meningioma,5c00399c100f7ae60e4b437bce9cf608a5a58f2dee6de26a88fb8ed0a0644269
Training/meningioma/Tr-me_1204.jpg,meningioma,05302f1769113dcaf7e079654c98cdb81ae628ee6980073cfdf6d15324d9a0ea
Training/meningioma/Tr-me_1205.jpg,meningioma,54a3c180dc474ea94a7b55d9e0432b83d88a53fd96963545f4fbd621afbd39df
Training/meningioma/Tr-me_1206.jpg,meningioma,92d5d50298692e94b449306afd684a00c0b455a7562a0220783d9dd266f0911d
Training/meningioma/Tr-me_1207.jpg,meningioma,badbd142f39f6923505921f413eba2bca52cdc1361ad14fa3020774229382cc3
Training/meningioma/Tr-me_1208.jpg,meningioma,438e2d5a1afca3f938a5c8857c7a53a44fd947227e7e88c6be667a6f2396253f
Training/meningioma/Tr-me_1209.jpg,meningioma,ccb0b7bd5a5d3fe1472752c5d8d0ce5b6375b96a270f01e05c473088acaa16e5
Training/meningioma/Tr-me_1210.jpg,meningioma,ce6f19e400965b6c533697be11468c973074c4097248e32dc05eec0bfe6052e6
Training/meningioma/Tr-me_1211.jpg,meningioma,32338a1172458c475c2e39d062dccae24281caae11ecde679c08d27a94123415
Training/meningioma/Tr-me_1212.jpg,meningioma,225abe50809292c4375b10bb542c96011ed3a2539b685a679f133a84d1d1a05e
Training/meningioma/Tr-me_1213.jpg,meningioma,0c1b027704afd8e337caccb556eb95c2e79c3c2ca095b319e72185994ad511de
Training/meningioma/Tr-me_1214.jpg,meningioma,26adb6e4b5996a6aaa3465088a3c0ab86049841ca9d25d172b95a56ca98ccde7
Training/meningioma/Tr-me_1215.jpg,meningioma,dfc15adf26f7679e8642f03d8b7174c7c5a1e82df957dda45d1856ef53e0001e
Training/meningioma/Tr-me_1216.jpg,meningioma,7b0924608fe5ab085684f506cb90a86658fe18ccf542fb96f973df175956c0f6
Training/meningioma/Tr-me_1218.jpg,meningioma,da83973c065993e151f39c8cbc55ce78e93089b4c1d2603cc8478cff8d5054a9
Training/meningioma/Tr-me_1219.jpg,meningioma,cbe635a22965cc1254e4d5858e47f658733187cc11bb5792e445906c34c152aa
Training/meningioma/Tr-me_1220.jpg,meningioma,88ca952a0c59571a91cf0cc798269c3015493cc9405d5088c86a8699e89a3609
Training/meningioma/Tr-me_1221.jpg,meningioma,1d583a8aa36b04e77d40ce146668365e84d595f540dc53cbf3e203591d9f0351
Training/meningioma/Tr-me_1222.jpg,meningioma,2cf3e6483649fee9ca52b17126833d9af483748d77fbc00a30306c436ef7e57c
Training/meningioma/Tr-me_1223.jpg,meningioma,c097159f1a2d9d268408dc9241a29417ea278322eb9bcd8b98d45775b489446e
Training/meningioma/Tr-me_1224.jpg,meningioma,6ebc3f56bb9294781666c09a68801341951792429d2cc0ebd479bc371a6332ef
Training/meningioma/Tr-me_1225.jpg,meningioma,a90fc7abed8a1f201bcde7ca1bea2ed91655dd457913a7cb1835b54b721fedce
Training/meningioma/Tr-me_1226.jpg,meningioma,37b2cf4198aa4ae31c6404fd8d668fd6f6d5dc5b04d533cf9ef946af15ab0a55
Training/meningioma/Tr-me_1227.jpg,meningioma,a8e224da1be5e54d34c7aedcb2a9932724960c5c12cc60c4cfcec8837573dceb
Training/meningioma/Tr-me_1228.jpg,meningioma,d806575176db8c002268459749564914b08cc3a81876a56cd2d6ddd6adbee0af
Training/meningioma/Tr-me_1229.jpg,meningioma,c541cc4848e8d12a44bfc601d3f0dccf6c00b136df94c476a0046b0cd6a67c2f
Training/meningioma/Tr-me_1230.jpg,meningioma,96b7999d78feea97c724ef277bbfe2551f5c67ed1d1081f073ff7bf85a118b71
Training/meningioma/Tr-me_1232.jpg,meningioma,7e80f63a4dcd3ddecdd85159c7e49946b2b697990494c35d1b01880877ae1876
Training/meningioma/Tr-me_1233.jpg,meningioma,e19cda4b51d4cc2c866adac2461cacb9b7af0e630b1cecc4adac2bc1af5dfb4c
Training/meningioma/Tr-me_1234.jpg,meningioma,59df70102bef4614184ca2ae1ac830dcee5883a8c0c1fba1ed260e10e2952e71
Training/meningioma/Tr-me_1235.jpg,meningioma,c81fadb2923830851b530cf8546df1fe2416e99a080c9d0f85791c00b90a55a1
Training/meningioma/Tr-me_1236.jpg,meningioma,d910d7c014fcbe08d7813ef65d414946f4eaea0c96a125bb52ea6d09f00071eb
Training/meningioma/Tr-me_1237.jpg,meningioma,7301405d8487faeb7b2de0d4fa3bfeb990868b71899bfcc298ac688c0e44f2c3
Training/meningioma/Tr-me_1239.jpg,meningioma,de33127accb6c32fea21d9f3c9d440dd58e6a0ce2da277d38f19c52772165b81
Training/meningioma/Tr-me_1240.jpg,meningioma,b1704479620ead140befdd90d960e883383e9f494ad6a74a067b2022c8db0f0c
Training/meningioma/Tr-me_1241.jpg,meningioma,7d68c9ce77160beb707163625fc19fbad866b9f5b3b9dc92222ebfac3aa04eff
Training/meningioma/Tr-me_1243.jpg,meningioma,5e510a88f5471cea9be2e6ad5773e6d66784d0896a2b0fe40b550311fdb3202c
Training/meningioma/Tr-me_1244.jpg,meningioma,c6aeebf293a42f19fec5a6c6344bdc60d7dabcae4ac2fa0f11954271f8a501c0
Training/meningioma/Tr-me_1245.jpg,meningioma,f1ec2303f26d37ae9c9af8337a77e86e080dea5fdc698ea1491463521ae020fb
Training/meningioma/Tr-me_1246.jpg,meningioma,c7f51d9b15a5fd00e41bc5eedea2577ae7a871e160d9411d845572163d894066
Training/meningioma/Tr-me_1247.jpg,meningioma,2b90411e201b75d0a160417c6ea967c149d21fbdf2a5cb5456d4f60a480decb9
Training/meningioma/Tr-me_1248.jpg,meningioma,2b875448e43d7f2671bf8c7f1c90312b866f7b320d36fb6c49bc80d9254b06c4
Training/meningioma/Tr-me_1249.jpg,meningioma,063a15cbf29482883d8aa55a7060825695d32d64d94fe756d4e909dfab570784
Training/meningioma/Tr-me_1251.jpg,meningioma,2ed21f7288b32a003973077873c72f852210ad3fdf221c559b0ae1437ab308f6
Training/meningioma/Tr-me_1252.jpg,meningioma,bf46976e18b7fa8f64366de8a72bd0ad7e27588fa94db2fddcab1179f1998aa8
Training/meningioma/Tr-me_1255.jpg,meningioma,4e59dbda748f414bf4ea2045702210d9392b569c42ca39091ed2b0e0bbd1f253
Training/meningioma/Tr-me_1256.jpg,meningioma,828c41dd54e834a9afb13c81cd20b95151f275362e604dab49046dffdfa71c7a
Training/meningioma/Tr-me_1257.jpg,meningioma,490a0d6e3466257d99fbf51b6401281d15c6d2d44d58768c7fdcf65d58d2f6ee
Training/meningioma/Tr-me_1258.jpg,meningioma,23bbc9ca539f5111123740b742e485c6970ac47b8b5742e222a9d55b9402d5ef
Training/meningioma/Tr-me_1261.jpg,meningioma,2c126c408bfaddd7cbbc3e9ae05c7b39a30fefaf8c51b414a447d67cfec52d74
Training/meningioma/Tr-me_1262.jpg,meningioma,0a8a69c2909d4b13309e27eb5668c2639a7e4970fc8aa02289ba9e5e6c2e33eb
Training/meningioma/Tr-me_1263.jpg,meningioma,064c669277ae472eeaf876ff56ebf668f29d61db9c8781550c8bdb6e7ae86cb7
Training/meningioma/Tr-me_1264.jpg,meningioma,9d8ea2574de2641627c50bed19ff5f80e655b4fa2fd5fbec5978dba791a23886
Training/meningioma/Tr-me_1265.jpg,meningioma,4fe1491a41f0688812f4a6b3127d3729cfb8ca9a88095833f20f5c19b4e3fb98
Training/meningioma/Tr-me_1266.jpg,meningioma,f4336203bb527cc1d889f680fee99a208331cfa83b1fc0d5debbd2d1785e20b9
Training/meningioma/Tr-me_1267.jpg,meningioma,08ac61e62d0ea0ec6cb23be1efab6abb0195d8e1690e5d43ba2fbaf6dacbad0b
Training/meningioma/Tr-me_1268.jpg,meningioma,3251b864b391398e90075d0c27a4632122cec9bbdf338c1d48eb4caa2806fd09
Training/meningioma/Tr-me_1269.jpg,meningioma,1c53dec67a4e35fbdd912b283d6f26477792c7e0031f6af1b5ef9f8619c3f7c0
Training/meningioma/Tr-me_1271.jpg,meningioma,82237a774a82bb7fcf76fe6ed153c8201c8ec9e0b995b42df6ff871d553bfb21
Training/meningioma/Tr-me_1272.jpg,meningioma,bb2e338bcd6ec971cd1bbb8596caee31a066c6a26cd0707a283c6a5564addd39
Training/meningioma/Tr-me_1274.jpg,meningioma,daaf5064b5895e16f4a8fe610127c8e21b9714fe5775bce38fe48012f7f433af
Training/meningioma/Tr-me_1275.jpg,meningioma,3b711fbe1525515719e66f3085843213cac0ec0ae954e8da1da2f022efc03e34
Training/meningioma/Tr-me_1276.jpg,meningioma,f247589c36e263d330d56cbe5492889fa99a91de52b0b1e669062bb34a6e7fc8
Training/meningioma/Tr-me_1277.jpg,meningioma,649202f276b87a3439a6c95d8d019ec567a40d34a4397f9f5cacd8487aeab474
Training/meningioma/Tr-me_1278.jpg,meningioma,9aa06e1c64c3ed227742f8af8e462e1e37e584efe5b2aaffe937ffbf9d30fb10
Training/meningioma/Tr-me_1279.jpg,meningioma,745e3a766efa0d30969e4c2e317c26fbc335d325bfd5546d704ddf9ce1027148
Training/meningioma/Tr-me_1280.jpg,meningioma,895bff3e54d112ca6d1b3ae935367a834689b15b2e568ebe010330e34a94e1d0
Training/meningioma/Tr-me_1281.jpg,meningioma,487d68a61eb52b9480a81e8bf37cff849f00cece4967eec693d455cac4a68bff
Training/meningioma/Tr-me_1282.jpg,meningioma,f25836117e0385ef606b4ae31894bc79bce1297894aff203c369c07bd8b79eb2
Training/meningioma/Tr-me_1283.jpg,meningioma,5ce9eedd4f9f70c4195c70783f3e23ae03c6481e7e7e6fe6ba9a15d2c4c0d2f9
Training/meningioma/Tr-me_1284.jpg,meningioma,4e924cc86796586b03ec335f7bdf78549975bbd01b75a969d78543f090ae1043
Training/meningioma/Tr-me_1285.jpg,meningioma,d77d5e9ee1e8d3aa0dea888c462347f0a0c0eca51a26f21c284b78d30ff6edb3
Training/meningioma/Tr-me_1286.jpg,meningioma,4234d2b0229a17440443bf2cccc878749a9ecb00a858e89f12860d0e4635c94b
Training/meningioma/Tr-me_1288.jpg,meningioma,fad3ae6793fbd0b26f2e00169c2715a5deb16cd35ff27967e3046e9c4ab33c9b
Training/meningioma/Tr-me_1289.jpg,meningioma,0aed87ab9e7da701cbe170e3aece1b8432c8b17b960e54d3a05176233551d954
Training/meningioma/Tr-me_1291.jpg,meningioma,da04318c83603393abef1cfbb47dbee3b10686798af17aebd0c3f91b1a488b42
Training/meningioma/Tr-me_1292.jpg,meningioma,1e0ff4aa2c3002c35e9daa634f6c4dc6ad3f476ba1932646c8f1f760e289834b
Training/meningioma/Tr-me_1293.jpg,meningioma,de8592a85364773572a57567375e3e8e73e38913c60c51d1bbb5306354c61322
Training/meningioma/Tr-me_1294.jpg,meningioma,3f2e25e763d4bfa91cdeaed943912c4bebd420d9a370c22c6af26dc4182a79b7
Training/meningioma/Tr-me_1295.jpg,meningioma,792e660cefd290766a5fb1fae8b58a6d088b489029bb241fb6c288350fc33f03
Training/meningioma/Tr-me_1297.jpg,meningioma,1afff851654da771049e9fb10212bc3b4c5f10c9df31182d8f8268d849f3153d
Training/meningioma/Tr-me_1298.jpg,meningioma,e3d12652e684cb365af3340342a4058c0cb071a6b769f51dc3235c4c1369b7fa
Training/meningioma/Tr-me_1300.jpg,meningioma,152f252f8e7d20bd95470c602add6122debf721cb05d79a53eee429fbcfe297a
Training/meningioma/Tr-me_1301.jpg,meningioma,e09b1b0dd0f2add6376ad6d1e660cf8f906dc26b80f02f2cc77e025afb08600d
Training/meningioma/Tr-me_1303.jpg,meningioma,408ededbfb50ff89ca6e84e01d3a7f600981c3b7fedfff28711f05ad77e8cff8
Training/meningioma/Tr-me_1304.jpg,meningioma,6c89bce8cc692a0e0e236a6a20ac23254999b2d719cd0b1598fa95005a0271f6
Training/meningioma/Tr-me_1305.jpg,meningioma,80486d58b185d28ebde1256e90ea9049be3125bb12c6fd1096b8526479956565
Training/meningioma/Tr-me_1306.jpg,meningioma,aeeb441a1e96c8d23a3239893747a57f70d9542bfaeed0f1ff807bc363d6c0ee
Training/meningioma/Tr-me_1308.jpg,meningioma,eb146b9e04ca9c003c91ed73efcce09c2faada352cf6d25ef399609aff85eee4
Training/meningioma/Tr-me_1309.jpg,meningioma,7ef594e83cf6835f4322ef90acbf37f27bab5b3ec275e20d83c52f7f13e370a6
Training/meningioma/Tr-me_1310.jpg,meningioma,8875e0272391df44cdc2e9db35ef091327e8552d3326a800a3c470e57473cdab
Training/meningioma/Tr-me_1311.jpg,meningioma,71b54e3c376abe694ebaaf9e37ee366f9de7df49201f54cf76950b6c7baf6a3b
Training/meningioma/Tr-me_1312.jpg,meningioma,6e5ca8d2cbba5c2a2633f42b799660ff02b02dec3cbc72cc6263797f759137ea
Training/meningioma/Tr-me_1313.jpg,meningioma,592e6bac493629742729200e79098e971a4df440405a30e99810f82bf27b5427
Training/meningioma/Tr-me_1315.jpg,meningioma,c51e645b50c4ef0fefe1421a8f718fc5193793397a7141ac27a8993ee8812067
Training/meningioma/Tr-me_1318.jpg,meningioma,b9862b25aab2d2f9adcddca6cc4115f87a8824f9b551b7d7b6b02cc5d197c857
Training/meningioma/Tr-me_1319.jpg,meningioma,32b5b16dc07f7c117450f370519d23d1e59c9c09bd64df88b6bedddac3a0890b
Training/meningioma/Tr-me_1320.jpg,meningioma,75d0cfc7352f8a2f4d4a93fb92712e97e372655ea1513c47e0bb3d54d1c65dd5
Training/meningioma/Tr-me_1321.jpg,meningioma,47ab266e76d46a540e160b1f44dbcfe1ce7ec9f6b573c2a678b13e07f9b1f4e2
Training/meningioma/Tr-me_1322.jpg,meningioma,ecb405d8570c8c3fa2b0066a358dc7945eefc4de675e1666c91f11520ef9d889
Training/meningioma/Tr-me_1324.jpg,meningioma,0f5fba422dc5c627f62e136cd939f418a240e6439f55b095454c2f466e1c1f87
Training/meningioma/Tr-me_1325.jpg,meningioma,e947d5d5536684d057e899f7528701981d30ba958f625ade48b61f52e8267975
Training/meningioma/Tr-me_1327.jpg,meningioma,597d0c6711879663f4edf75b8594e3cc9c471b4e3aff2824cbbffc3ceb0b87e9
Training/meningioma/Tr-me_1329.jpg,meningioma,1827fb09ceb7313e036fd2f12d490253f81da2d0bfed3f52d4a8f4a667c9bf24
Training/meningioma/Tr-me_1330.jpg,meningioma,d96e418f4c86a0e362df23bc2898e6805e253fb7052cf6f4be440085916f6d26
Training/meningioma/Tr-me_1333.jpg,meningioma,e91f612c6450445b41762d00c6a5089b944f51e0a64871d6505ec95d3745ec80
Training/meningioma/Tr-me_1334.jpg,meningioma,4d8e4173289837bd7a7b7604f8b928dad7aae11ec1e7570f404b1e80d83e62df
Training/meningioma/Tr-me_1335.jpg,meningioma,0ccbcadd9fd11d4def972314225423ba9fa16d216dc6e0c1194f0e4361cd60eb
Training/meningioma/Tr-me_1336.jpg,meningioma,a068bff6dbdd03e294c077cb46ae6ea76983c832dc9ac4e5edd2610d2c74dce8
Training/notumor/Tr-noTr_0001.jpg,notumor,40d7d044791eb899226fee596caea6840e012bd91a2f16b2d241dc405d8b627d
Training/notumor/Tr-noTr_0002.jpg,notumor,303c5c415fc8be331907a13c78d499fa000f24788fab65f7c9171c448978b09f
Training/notumor/Tr-noTr_0003.jpg,notumor,7f04f0b6fd5821e19cf5a273a540df06a1f6bdcaa63bb235743e274fff825fbd
Training/notumor/Tr-noTr_0004.jpg,notumor,9bbcdc073ffd1abc1870ea9f9b1d5c203bdc03edd2f8f1638651b1d99ba1a798
Training/notumor/Tr-noTr_0005.jpg,notumor,5a66211168e2f92209f3aee80fe618a1555144bada16fdc2035d1780321c02cf
Training/notumor/Tr-noTr_0006.jpg,notumor,37d13e11e66c736b2174792a44b897777f212e935d5c74141ced8dc58d610672
Training/notumor/Tr-noTr_0008.jpg,notumor,e0fac499997e78af73b54bc6f9ffe412d70e42988e06ea8bd8a5bd6e4858e6fe
Training/notumor/Tr-noTr_0009.jpg,notumor,94309411fb2cbd21f34fcceb3d458e987f0b38207b282efa7a190fd2aaefecd7
Training/notumor/Tr-no_0010.jpg,notumor,857a5c89de61db4c33f5ce63b5a1aa20d936d6aaa7fe6022e286eb5f3d62d8bd
Training/notumor/Tr-no_0011.jpg,notumor,c1bf41ddb56396fd0e74b2eb7212c96a6a915ee86737c060c9db8e1439ff0390
Training/notumor/Tr-no_0013.jpg,notumor,dc811fda9f7bc3506f21d4094da84c5e3a81d3878b28967b830536fda342a33e
Training/notumor/Tr-no_0015.jpg,notumor,6296fc94ca1dba543a77ac0312ae4eda86053a44d81a9151e77e1e6b90bd91d3
Training/notumor/Tr-no_0016.jpg,notumor,fb32f456cca40bf1867369a4abcae84ff15d634bc56637a568d09449114f95ae
Training/notumor/Tr-no_0017.jpg,notumor,24d874e516a3da5ce8ada80135a0a62c8474538f72f098ad9d3e7ff794595f35
Training/notumor/Tr-no_0018.jpg,notumor,3fcd47df13022dff9310847e66344a301655fc62a565598336433f9c098e5074
Training/notumor/Tr-no_0019.jpg,notumor,7ed6a811bd909ad0ff886e4f72f0a05f58e63cdfd2cc7284a7bf08c83089c6cb
Training/notumor/Tr-no_0020.jpg,notumor,fa0c1c4fb6eabf57c61ae1afd2f24efd5aa69d47a6df7d468579cdee91a86c8a
Training/notumor/Tr-no_0021.jpg,notumor,68ca8d9c25994dca16189d114f6bc1f88dfd3614b34c5a1414fc328c374daa7c
Training/notumor/Tr-no_0025.jpg,notumor,84b2155377f2b5ec87d3988642b885d5b6249e7907486184ac311e15a8a599a9
Training/notumor/Tr-no_0026.jpg,notumor,d22f76ae6780bc947ddeb36446b3bb97bfcc5ada33b8db69753949c9d214111a
Training/notumor/Tr-no_0027.jpg,notumor,fe20d08e5475898e9b66661cddbe32d6d006438e57c36cd87be27b8dd9c0676d
Training/notumor/Tr-no_0028.jpg,notumor,ee17905768c01705c6abcc330d664f063c5ceada4e3ea6722be796cc9bc9986f
Training/notumor/Tr-no_0030.jpg,notumor,1672cc111ae4b8ef3c5b78264f8045177a3a5e9037d8eebed8edcd9a3fbc468b
Training/notumor/Tr-no_0032.jpg,notumor,3e66ecd9f2d07394ea13b8f2ce9212677a14aea1066e13a1445b00cbc59b998e
Training/notumor/Tr-no_0033.jpg,notumor,de08225737a2a8a8ddda2e0684baa925356b9c0fe77585f2992a0980398c2d07
Training/notumor/Tr-no_0034.jpg,notumor,84acb850a9c5348cd00623122246c83dffd727e007aedc1d484e39d06e784c6f
Training/notumor/Tr-no_0036.jpg,notumor,1180fefcd5ba2a8f43c541c3158c3d6b3edb8309eab8dc9c61f109d10d5b5050
Training/notumor/Tr-no_0037.jpg,notumor,b396caa83da170f384de32368fd40ab0fbb00232e12fd2b463eddff69741af44
Training/notumor/Tr-no_0038.jpg,notumor,f06746a9ab66398b89651de2012d3a39a48a6e44f191a465e46021d5eccc79a7
Training/notumor/Tr-no_0039.jpg,notumor,ae511b11b26309a2e60432852cb26d6b019057fc2aab35867badf8af04daa3b6
Training/notumor/Tr-no_0040.jpg,notumor,9eb2f206cd2e88f015f4b08bd4a399ba5f8d97b263306205c1cf54385c7dd352
Training/notumor/Tr-no_0041.jpg,notumor,bb9c025c5eb356f3320db5c35e8d2b0ce4489ca23cb78b5c9735d33db6ed6d61
Training/notumor/Tr-no_0042.jpg,notumor,3fe17b3fd3ce3aa90a87f7fec9e5ceb19fd057ad5f5e716ace23115a24ef66b6
Training/notumor/Tr-no_0045.jpg,notumor,d4977d06d30eeefc174fa2defb6dba7047e11204f10513fe8e5f7a106e880a77
Training/notumor/Tr-no_0047.jpg,notumor,77ed920e1688b867cf62bed46e5bcafb5d16d7a04f869cef88bce986d262ca6d
Training/notumor/Tr-no_0048.jpg,notumor,5974b1c4f3ed366ad867c794efc2ff3e2d7d47df283d5b25818f7b20d02f1081
Training/notumor/Tr-no_0049.jpg,notumor,4b232c157377de5c12642778035cbe40afb0344707bb4333f05a5b4a84b20bbd
Training/notumor/Tr-no_0050.jpg,notumor,70dcee96fcf70d803e3203f15fc691bffc6c0a6ca38780c530bc7d45a9b4bf32
Training/notumor/Tr-no_0051.jpg,notumor,22bf0f1e359f334d7346fe81383649fd75079daf61d151614dfdf9d19c766be4
Training/notumor/Tr-no_0053.jpg,notumor,856779c9208bce47defb64d82d26002ecf3c89161a4eafdceb1dc6082f06eefb
Training/notumor/Tr-no_0054.jpg,notumor,a3b52d8a675f4344381842cea58e6966d3a9bd4fff0e77685c0656b1838cce9e
Training/notumor/Tr-no_0055.jpg,notumor,f312e388a4ef96442e3e21fbbfd789d5d5b0f66a7a5dc73a69fc0bfc59a8ab11
Training/notumor/Tr-no_0056.jpg,notumor,bda484a632a2f6a5e8083fe8954759e1176bac99ca707af27f87dfbddf56feba
Training/notumor/Tr-no_0057.jpg,notumor,fb9efc392533bc8dbbc3d107a43a31b16d512b881955e4a9c37592305dbe58da
Training/notumor/Tr-no_0058.jpg,notumor,e2624788382fce1d1c00840375cdd541241d61de6137e9c1c6d69f83d7c99307
Training/notumor/Tr-no_0059.jpg,notumor,ad2f2c46d23d4c56b1848b62b38b5b4288e28e3ec7872235a6597b0def7171fb
Training/notumor/Tr-no_0060.jpg,notumor,990f8529b0518b15798a799b2d19fd8e5905711d6e4af3232f89e605550bca10
Training/notumor/Tr-no_0062.jpg,notumor,040daff6e5eb6eaa70b0f175576954db75ab0f754d1877736f019dccac1a2bd2
Training/notumor/Tr-no_0063.jpg,notumor,2f2b8e61cf480af3e41ad5cd553252ddff1774a1e17e25765c1c71582df89bb1
Training/notumor/Tr-no_0064.jpg,notumor,255a288c72a0761a522e99142d6f1a7e820769eebeeae585bf42a733db0e7b7a
Training/notumor/Tr-no_0065.jpg,notumor,4e3bfe7a0603559945c5c2de55311ce6d4269ebb816339bca3f13bd57f565994
Training/notumor/Tr-no_0066.jpg,notumor,4b0d57d86e8f5a1db58c18b2af1eb41aa7102cb1f3744ff13747465ba458852c
Training/notumor/Tr-no_0067.jpg,notumor,6b1af9a0b1a46d75fd390ae192911ef530cdb9e2a49fd92566453b87a34310e7
Training/notumor/Tr-no_0068.jpg,notumor,c7aa5e9c98960d18f83a7ab785422ab2de8429200f83dd733962225b42a86672
Training/notumor/Tr-no_0072.jpg,notumor,6f3bdbdba45d1f985b33e51c93c318e0f04f2c3186dfae874050a99a11b1af02
Training/notumor/Tr-no_0073.jpg,notumor,29f5011764730ed401f04b4978195c0b9fcedb005c3408f89a7586259cb1b675
Training/notumor/Tr-no_0074.jpg,notumor,23794834130a37699051efa29c29b9af12ae94b6a65d3957d7f9ad667f9bdf0f
Training/notumor/Tr-no_0075.jpg,notumor,ea5e64006d6755c910e81ff08f1bbad4aed5964999da6ba5521036cd18b4c305
Training/notumor/Tr-no_0076.jpg,notumor,f3ce33b26a3784299fc2bc72215752b531bb1ff11e9b65dc39376039f8809f64
Training/notumor/Tr-no_0082.jpg,notumor,b96dde0d87e4f8da2348fccd2a84cc1a793b0d0df3eec2750454d537b8f6c749
Training/notumor/Tr-no_0083.jpg,notumor,60d4458ae9b5588d5a4bdd78908e388d839ac6247fe559c3e2ab9169c62b9d23
Training/notumor/Tr-no_0084.jpg,notumor,e44e359eed2a16c1262d6b43d709bc29abd1d8d435afa03a8f975629a07676e6
Training/notumor/Tr-no_0085.jpg,notumor,ad38bcdb687b3b9ac046cb2aeada829c277d6ca59997efe5493d0b48322d1a0c
Training/notumor/Tr-no_0086.jpg,notumor,da99d997905f712cfb948d63b23a292382cbb2954e55ebda62fe39f160b50686
Training/notumor/Tr-no_0087.jpg,notumor,fd392bbd9dcdf2b793db3a1c5b04b3b336949388258bcf34f8b5ab5a6f8edfbb
Training/notumor/Tr-no_0088.jpg,notumor,957befb0c21fb7516256b50dc0bc5547436412fcd3d2288d4b776d4977a9f970
Training/notumor/Tr-no_0090.jpg,notumor,b6e9c396bef87cf93c5884af32f2ef2c6d3f15c5679cf461d926b66fb2e0b511
Training/notumor/Tr-no_0092.jpg,notumor,0ff08a1e38749c259d1cb4a8cdeb1bd4d435ca9ccd7e1256d7f711f2f0d10160
Training/notumor/Tr-no_0093.jpg,notumor,78c3277fad899d2b2314dc4d6a4e0de0f3bd783aab09e63af69f0f0b39683ec9
Training/notumor/Tr-no_0094.jpg,notumor,65053e5b65f0e3d78a8144e6de01578efd3e4462f4d527077e959ab41787dfa7
Training/notumor/Tr-no_0095.jpg,notumor,d168f347a54feb783afa919862c42f7a703df0a1607bda2bce52f6996d106dfe
Training/notumor/Tr-no_0096.jpg,notumor,a72083a8e41c3de74b09b3af545e37cdca6c056a78fadb558da48eba1fe8af77
Training/notumor/Tr-no_0097.jpg,notumor,34de2b099c59325babcd386ea5734efb593898f3a3ea89ae144d0670a9f1caf4
Training/notumor/Tr-no_0098.jpg,notumor,12778e04e10e5dc40ea8cbf15f4559888e71de3e9aa530037a5520f279fec262
Training/notumor/Tr-no_0099.jpg,notumor,f9ab73351fe5dd8b0cac9d28282c9faff3f83bb3aad1a4fb2769c6e94cb25eb4
Training/notumor/Tr-no_0100.jpg,notumor,ef8e5dac4b7b06771a1bcb6a7611fda993600cb15d10847f0378109e4d9c6d40
Training/notumor/Tr-no_0101.jpg,notumor,00ed3998e680242ef46c6bc7fd99ea34568ddc07278e17da69f2e64a81f81022
Training/notumor/Tr-no_0103.jpg,notumor,44e3116962be0d0972af84b834d6d0363fd627d31d7fdbd802dbe078a20a2a62
Training/notumor/Tr-no_0104.jpg,notumor,f52723256dbca6ac3faab458e0f39e7c5a0d676feef3e689604c1437ba71eb63
Training/notumor/Tr-no_0105.jpg,notumor,5c7f84410c09db7c2ad867d7da9ce7231be7c97e347b17aa1a76a06a9c3b3de4
Training/notumor/Tr-no_0106.jpg,notumor,720f1bff2d496a51c01921464574894d3c0d05e899eb6ed9c19d1db52531f942
Training/notumor/Tr-no_0107.jpg,notumor,4bad8f733f5502738f467db1919c6daaa64d6101649a1cd949ea55d71b88c869
Training/notumor/Tr-no_0108.jpg,notumor,20fa2b337507b53cfee00ae903eee735e68bb586cb0485dd86e853fa63caa507
Training/notumor/Tr-no_0109.jpg,notumor,45f94977b8dcdda3912f51dd1f12e6d58ad625545d37ce1771ac3b3fdd155c81
Training/notumor/Tr-no_0111.jpg,notumor,43c7fb765b0d878dca03cd26cb414b56a2e3280ce2510f3a84dac11003bbd0a0
Training/notumor/Tr-no_0112.jpg,notumor,d56567916b5975d9f260f61a4cad99040696bd105293112af3d703c4bec42feb
Training/notumor/Tr-no_0114.jpg,notumor,e02cfe85ef7294491fed9eecce00758829656f50d7b73ebef150ee2551770de6
Training/notumor/Tr-no_0115.jpg,notumor,e0469797181b80d7dbc8d52ad3bd187ed938065ff6d85a25c73eb8c0d0bae700
Training/notumor/Tr-no_0116.jpg,notumor,8c7a08207a2f8e5bf03ed590b3a482491a6abeb9b233a40604f3422065424112
Training/notumor/Tr-no_0117.jpg,notumor,2ed15a662d8dcdf6077f3bf8bb4d21722e2a3b90ff2cf194db18b75933a4d322
Training/notumor/Tr-no_0118.jpg,notumor,1e1a27e88f2812b4b950fca09bf5f4b8fe20514826756ac69b37b43c0c73214b
Training/notumor/Tr-no_0119.jpg,notumor,413708f4f5a9e003997c5c966035431a1bd741b16cde99a42ca6155cccf8f17d
Training/notumor/Tr-no_0120.jpg,notumor,25dbc9664f03a7af82b74aec6c5497cd94dc5f6f639907656725d0ac88cfd111
Training/notumor/Tr-no_0121.jpg,notumor,6eb81fdade7fe9fd565c5e71c5ae80afdae447935f0ac443ca1d1b9d8cb0909e
Training/notumor/Tr-no_0126.jpg,notumor,96c6e3e42abf41478d3c86c8edad8f89549957870de664a6b5d043dcb2afadab
Training/notumor/Tr-no_0127.jpg,notumor,c5c92e6954eacb5c6f9bba18eacdefb1fdb23cadbf7eef2e6e2e879f32d0a3e4
Training/notumor/Tr-no_0128.jpg,notumor,25c13de1f058a3b2d081828fab9a6589ac1feba9a0c3963e8033115e3b9bc2ee
Training/notumor/Tr-no_0129.jpg,notumor,b91fea611b8064eb12f0682b4c1f24d6b16fb0a536b8c3f5c059a2c156a82294
Training/notumor/Tr-no_0133.jpg,notumor,9a1a7d12c935c0029511710dba377c2d37ecf4924ec19c1644b6116b48c33610
Training/notumor/Tr-no_0134.jpg,notumor,ab198f545810b5a1455ffd1a56e82d1acbf5a22230bc2dea24c92d5ec73af1eb
Training/notumor/Tr-no_0138.jpg,notumor,2636d6ed84dc4e696bb7a75db106fdc31496baf23f1ce5cc50222d47410894ec
Training/notumor/Tr-no_0139.jpg,notumor,6b73dc365fbc93ff66b40c68f2e5cd259e650193088389a5f1b968b8c537f4f4
Training/notumor/Tr-no_0140.jpg,notumor,e9a63334af63a2ec8cab2149ec091466c60df5fe115cf36cc30c9304dacbb376
Training/notumor/Tr-no_0141.jpg,notumor,299e6bfe83723c62b02c0ba1ac8216e980b6ae6a11a37faf7be527ad987e0980
Training/notumor/Tr-no_0142.jpg,notumor,ac76ca3b933520e9519c3fa096e38e281e467ae4bda0412daa34cb966954ff68
Training/notumor/Tr-no_0144.jpg,notumor,280d387f9ef5c5407c3a5618fc7e3a861fed385c6f4c2e11e1ee9b13a7faa102
Training/notumor/Tr-no_0145.jpg,notumor,17bd1588f84aafbccb846c974ae1f24cef5ce6f0fc0f32a4417af50bfe9f52cd
Training/notumor/Tr-no_0147.jpg,notumor,694c3eee2c413f60fe0629f207a4572dea754788d2d6ae3a1fb7aef94f954b4a
Training/notumor/Tr-no_0150.jpg,notumor,2ad6ffff97ce8cbfd5d4785955ea16a6ccf7090eb67a8015e47cd8902571b827
Training/notumor/Tr-no_0152.jpg,notumor,a820973ab9e444f92fdc4e5eb2e584a72d5da660675f1793469f229f40199538
Training/notumor/Tr-no_0153.jpg,notumor,b7c27d5f1a82137601cc7630779fe2aa120bd9cfd9ddf3a2607c86255de7c9f0
Training/notumor/Tr-no_0154.jpg,notumor,5f51fecec97f1264f4cb6a9f7d0d847f17e49033ec034b11d2cc5c8b79ba6519
Training/notumor/Tr-no_0155.jpg,notumor,aaee2db8eadec5cb7381b35d0ee81ec4347702748cad50db6bb91e695a2a85c8
Training/notumor/Tr-no_0156.jpg,notumor,0fadab68bfdbea3a058334b19a656a26343e74598a908067b99f087857744200
Training/notumor/Tr-no_0158.jpg,notumor,f932387c00c74ebaede60e0b5e0d79dbff6b944e066d510f4c95834f05050e3e
Training/notumor/Tr-no_0161.jpg,notumor,49db0659a53802695ac4af817cff544f8034e7c9883a6751e0e321c86337f86a
Training/notumor/Tr-no_0162.jpg,notumor,036e55d93327e11840607155d2fe93643607756a9bb4532954e86ca7108276f6
Training/notumor/Tr-no_0163.jpg,notumor,0972f881fe5364a42f7df59998e80bb8d2b2e9f4dd93009ee23c3ba254c3746f
Training/notumor/Tr-no_0165.jpg,notumor,3a34904d65c8cc7579373460050623901047e49eec67a5d635390374c5b48634
Training/notumor/Tr-no_0166.jpg,notumor,1760da4ac516c8564bf06bc349176a1463dbb49f4de7b6d0b986ff015b96bd62
Training/notumor/Tr-no_0167.jpg,notumor,72c6acac6e7547ab9b9fa58f8e6f4f9fc26b1b8e09f9a5cbc2d4902415f85e20
Training/notumor/Tr-no_0169.jpg,notumor,a3d86920c0bc02e0c062091ab21078a4387ed519b881c89568ab969d3dc37d33
Training/notumor/Tr-no_0170.jpg,notumor,7adb02dafa127d16b635a76df10314f68ded12fa7a20457e4d666d2873a2130f
Training/notumor/Tr-no_0171.jpg,notumor,bd5b12c433485230720aa33032e1f6bd089702090481d7e56dccfa43435d6950
Training/notumor/Tr-no_0172.jpg,notumor,e4a82bfba02292959b4d9798a67a9faf223f047031d07e8b1a7285c0ac404389
Training/notumor/Tr-no_0175.jpg,notumor,1bf4beb75eb2152e7236e838651b88d335ad3f95d8e79cd34e9d15e17f22b0e6
Training/notumor/Tr-no_0176.jpg,notumor,ae40741151cb9f24a6eeec243d07b02dac299ecc33b9232adfb7d6a27589639a
Training/notumor/Tr-no_0177.jpg,notumor,092a6997f62fdbaa2bc49469a827ef799ebd70cc75d1b0bf8466c5054241905b
Training/notumor/Tr-no_0178.jpg,notumor,ef5addab9afd41d9a24d73711092b35f1610683975b03f80bff9d48d144970ef
Training/notumor/Tr-no_0183.jpg,notumor,8df1125bc5a3901ae602be99db7d676e79744a93eb6ed69de91b86cdb087a7a1
Training/notumor/Tr-no_0184.jpg,notumor,ef972f0c0ccaaef5fbf0e519361cb62641e9afea1ebfa0ed3831461434aa0172
Training/notumor/Tr-no_0185.jpg,notumor,840e12a9d0fc509d61fab11db74d1716234312bd96939b632e19b8f102ace3cf
Training/notumor/Tr-no_0186.jpg,notumor,92477bd71863c6bb92a759c01baf1da541f95a14748204a33319cd7fb5201ed2
Training/notumor/Tr-no_0188.jpg,notumor,2aac1c7e5ebac9dcfab248f7b6a784162e76f9ca17ed823908773efdb8d6a3cc
Training/notumor/Tr-no_0190.jpg,notumor,682871b3c7250e0c56b28688840ac15101ec847a891e0b2d2cb72f0436ff8073
Training/notumor/Tr-no_0192.jpg,notumor,05ec18666c6b751b8845a93824ea25c9bb251606b71f76c0c3875d69e973f72d
Training/notumor/Tr-no_0193.jpg,notumor,cc336bb30a64c66a0897e048331ca9818b553b8d0c313ed4980971c5b8ea1b46
Training/notumor/Tr-no_0195.jpg,notumor,fd701e8cdd7a47b2b7198334e09d7947edf3d2efdd68b73b8d47282256f9f475
Training/notumor/Tr-no_0196.jpg,notumor,f431914175104f5eed55c65b44347820eefcb61dff8ad47cacf6596f239266a2
Training/notumor/Tr-no_0197.jpg,notumor,20b0c7de1c131e75deff54e8f0c51eef6c48116cdcbf7bb1f47fc7e4c7f07ab1
Training/notumor/Tr-no_0198.jpg,notumor,7d0e904594eb462df4711a65e663881b180690be7c6d70c2279323332c468c86
Training/notumor/Tr-no_0201.jpg,notumor,34da25bd2e6f77deed656d4125459dd79a068f89a15aed64b4490fbf7b279a46
Training/notumor/Tr-no_0206.jpg,notumor,3dcd8366363463939aad20fb3421a4aff7b2539b9ecd7fb3ba6471915caa0b81
Training/notumor/Tr-no_0207.jpg,notumor,c5c3c342a808665131f102225f3cae7fb3234dfa5395ab9945cfd01e11fab6db
Training/notumor/Tr-no_0208.jpg,notumor,75fc5ddbe818ca8cb36cdf4aea83dba0f038a49c761e356c1e968c4ecd17774e
Training/notumor/Tr-no_0209.jpg,notumor,02d84c8f215bb8f8f94ad1456041dd8e0fd8e76097cecad324e06d40b429baf8
Training/notumor/Tr-no_0210.jpg,notumor,2ba3ab8476b3c01442345248264c7e0bad89f502bba98102c438e65c16ac0d73
Training/notumor/Tr-no_0211.jpg,notumor,e48a3849e2f1c02119c0eec442c26175e2832c2db14ce722fa9a9f814fc37f61
Training/notumor/Tr-no_0212.jpg,notumor,b3d48eaa67fc8a46bf8ef134ffa3b797c6d118804369ad6d981b800529787bc1
Training/notumor/Tr-no_0214.jpg,notumor,2d199bb9ce07fd48853b7514e64c237ab44cdbd2cf38b3973e001ae6d5852519
Training/notumor/Tr-no_0215.jpg,notumor,7d5fb3078f6ed56884ebf8c14928f4e8e05ffd2065cf1b5f4b23cd6dfa3f49ef
Training/notumor/Tr-no_0216.jpg,notumor,14963471b7c2744df51c1da54f4e519cecc34aa12944f1968620da1d36d2c5c2
Training/notumor/Tr-no_0217.jpg,notumor,54f6988e22d13ed8a6612371d0d2c725f2e163384d9059f3b25dd56f4bb11fab
Training/notumor/Tr-no_0220.jpg,notumor,537e7ad0a496f23042626741b362e936fc711da2aa25d4c5ce628d03bf4109cb
Training/notumor/Tr-no_0221.jpg,notumor,24994786d576883215ebeccd522d9b4eebf01a374fccdb30c3cb5e56035cd425
Training/notumor/Tr-no_0225.jpg,notumor,2bcf7f2051a470cc90e74522c8141783f4e6e3b36b033e622bb446070804fbce
Training/notumor/Tr-no_0226.jpg,notumor,2e9979eb629886f51f2e4b143f7526fe57537077b3bcb1bfd7d4ecad00b30547
Training/notumor/Tr-no_0227.jpg,notumor,b7217d07fe4b60f472aaeee4b36e8429d4a1685bbb9fd13c1d471835326e801d
Training/notumor/Tr-no_0228.jpg,notumor,e2883675188861ceba2436c5356ffbf253dc537731b257643c6544788acd52b9
Training/notumor/Tr-no_0230.jpg,notumor,b057deb4892d1d2a4ffd1b4be5c1e5d058f3fa01db86e38e177d470efa05b6a7
Training/notumor/Tr-no_0231.jpg,notumor,72f5f6723c7b92f641fb5d44513b6111c348e43005f8c1f4829f28eebd1117b2
Training/notumor/Tr-no_0232.jpg,notumor,2e1bb67ed663d3411dd867c433498aecb0aa50b426f2933a6d7b6ce194a116ae
Training/notumor/Tr-no_0233.jpg,notumor,72acc74eeb207d915e2a252dcecf6ba2302eec74946776027e095f1f20ce9955
Training/notumor/Tr-no_0236.jpg,notumor,7c103b082c141631e8475390a8b06ef7ef0cfba10e61cf2d4ce9dd1e2b08dfb0
Training/notumor/Tr-no_0241.jpg,notumor,aa66d8e967787f1f68a537f5300e72131b53cc4706620d41e67f74b1eb53d931
Training/notumor/Tr-no_0243.jpg,notumor,457bb992bb7e34fa6aab66824086e47d6751f00578cf6fac23016408b751f6cc
Training/notumor/Tr-no_0244.jpg,notumor,7a7fcfb55378e4367cb3f163dc510df7e4b5f95d8fee5e4407b6ef397d56e243
Training/notumor/Tr-no_0245.jpg,notumor,4c2c103442bacc20c289e01799a028f732816b392a316671549e21810560ac30
Training/notumor/Tr-no_0248.jpg,notumor,b19b70050792743117c0ca8237e721b433a3d76b7cd1ae7e2bfaa50f73985957
Training/notumor/Tr-no_0254.jpg,notumor,816f1f8b04796ca9fd174c859d5da8e9c5a0d55bc243ffe4ab26387552247c12
Training/notumor/Tr-no_0259.jpg,notumor,b509413a0acc8c116cabf3ba89af7be6e0b1ce1edcc9c73e24791d32204f5432
Training/notumor/Tr-no_0261.jpg,notumor,a3aeeb190902985d3583c8b9751cce3a4bc224ed01ed8797dddf920b3035f48f
Training/notumor/Tr-no_0262.jpg,notumor,90aa370bdde976ddb057adcadcda567e886f8e47f66f624b65d60c84092624cc
Training/notumor/Tr-no_0264.jpg,notumor,e3ea07d69e4b3242a2bc56046a2c9547c6e15d8169d3bdad7d4f8f9baf2a2442
Training/notumor/Tr-no_0265.jpg,notumor,1139856fed19589e9f95b7c059324c88a0e77baed54e8e726d496b2cc84b0c8e
Training/notumor/Tr-no_0266.jpg,notumor,4a2012a601825fbe03aa6861c17fa749077f4b31dfb60a71b96765f7f8415d93
Training/notumor/Tr-no_0269.jpg,notumor,30158c95efde792422007066f9e8662662e167f8817e2707ef9989d6c5580c68
Training/notumor/Tr-no_0273.jpg,notumor,a730dc01bde0288d92f3d175a1863c652162a8006964884a24b41ccaac5cbacd
Training/notumor/Tr-no_0277.jpg,notumor,65171c43207bd38c794fd14bf5f513325e8a4fe207f71539009bfb4f78b347d8
Training/notumor/Tr-no_0278.jpg,notumor,c715d389f6f52d451d66f141f87fb421f675e159129ada956a1e3ca54a231915
Training/notumor/Tr-no_0280.jpg,notumor,79b6fe05b46ee2a734c4da64cd109bc508bfd1b76f46e9c496dbb406f86139f9
Training/notumor/Tr-no_0281.jpg,notumor,2cd1096a6415c70403948e7aaac0694451619850a4ce545b4f9134b06401248b
Training/notumor/Tr-no_0285.jpg,notumor,b54132324f4c4684a54d7a0aeaa195e73ca027c410417ddc6bc3c303fa38aae0
Training/notumor/Tr-no_0286.jpg,notumor,98b975e302443759272d6d112532913d72094fa5f9fe318b2384243c1fd39bfe
Training/notumor/Tr-no_0287.jpg,notumor,aa321a4b9a3d2e127b8382a023679ea14cef3224e6540b49b126eb37cd44fa2c
Training/notumor/Tr-no_0288.jpg,notumor,4211925dc3a4fbb8585306ea6e18c7bde166dc4b7da97a8c638a885b48758f97
Training/notumor/Tr-no_0289.jpg,notumor,c89bab9606c9dd094eea949e80079eab03aba3936d3ff080ba766c06d8793030
Training/notumor/Tr-no_0292.jpg,notumor,1e44c67ea903803998454afc6c962b949f58d86eb4d07d66676fe3da4ccb27e6
Training/notumor/Tr-no_0295.jpg,notumor,3ccf2a64142d1276c14cef2289989feca82071c222df2145d9b037290e9f42c0
Training/notumor/Tr-no_0296.jpg,notumor,7259b858528de164f36d6751cdd6f34ef5579aa8a233314c0996accf49be6d34
Training/notumor/Tr-no_0297.jpg,notumor,666b50d0474c4ff31d28ac1c6a8cd9e0d7c91f378d34f6f8eb8932dc986a635b
Training/notumor/Tr-no_0299.jpg,notumor,509501865fbbd1634e82013e9b06bd397874787e481c89a5b0dcd28d3a44916e
Training/notumor/Tr-no_0300.jpg,notumor,95b8ce855e68fcce7fac77b3f4d27aa785b879a2d797d92f85ae232b0fe667e8
Training/notumor/Tr-no_0301.jpg,notumor,470cf49146ca3bb3c89ae1d085833bf3da87ca5e09d33669c35dc8b87e7a9332
Training/notumor/Tr-no_0303.jpg,notumor,072da5148018c213f2280b09a2ca903e5225df9e156a4d4abbb8af43b004e855
Training/notumor/Tr-no_0304.jpg,notumor,8d1b8cb2975b43db869caaecbffd11f51651b6c25d35928f84cc295215cfb822
Training/notumor/Tr-no_0305.jpg,notumor,79dfcbe9f00000f326252ce4af92f3d9f1ac0f33bb9a15b07a8b0a72dc65a304
Training/notumor/Tr-no_0306.jpg,notumor,de4262277efb99566dbd4ef736866baf2f04cc511c557ee6037d655b4e3c8d23
Training/notumor/Tr-no_0308.jpg,notumor,da9ef6cef60bdcf63e1cb2c07ebe5bfb5a1c08c74dadf280915d55d7c3e36d9a
Training/notumor/Tr-no_0309.jpg,notumor,cb5a323618d843a9c3b2bd73a6b7762f1e36a2f905a93cdf3c1b5454d2fcbea1
Training/notumor/Tr-no_0310.jpg,notumor,098a2c1bd3db7c38f1e03283a9fc8948dc31a497f163dc78a6e47037d59b0999
Training/notumor/Tr-no_0311.jpg,notumor,01ec12ef228dc2b9a9aa14a7c2b4e17169a43f8439890f94841672ea106a33e5
Training/notumor/Tr-no_0314.jpg,notumor,e7a0d82b59709a4d7c2a3570633b0e4888211a328cddb7d1497760ae14d3cbdd
Training/notumor/Tr-no_0315.jpg,notumor,868d144dc615a0032a80283be8b2c5488fcfb30c2f186f2fbf74c84c606a050b
Training/notumor/Tr-no_0316.jpg,notumor,76d577713f1cf4414f780058f2079f7e6446aba86e89a86d7dd36401ca79a727
Training/notumor/Tr-no_0321.jpg,notumor,824f3f6e1bdfb31b1af4990a29c553634e1e3893c53468748c58c53ef2c47c6f
Training/notumor/Tr-no_0371.jpg,notumor,fa212e03ec1757d375fc594d6f8884ff22b43b091d37dd1b7589a236289a6421
Training/notumor/Tr-no_0372.jpg,notumor,2f4b61c1399bbaa181cdf8e7fd191654a6e56f2b0616f2659773b81fe7110ea5
Training/notumor/Tr-no_0374.jpg,notumor,85c8594ea52ea7c8d812d2c4565ef0aa079ab021f4936b623f64bd7878ec0c6a
Training/notumor/Tr-no_0375.jpg,notumor,0e4c329816794910ea5acc4201d05217b93c22bbf138aa55cee98ae7680e1320
Training/notumor/Tr-no_0376.jpg,notumor,ef375318c39dd3089fb381021b975d732f5e2107e9c40acfa22a6a8b18fff8b5
Training/notumor/Tr-no_0377.jpg,notumor,8e69d582e948d4bdf753ad925311df27bab28db64ba2ee766d5e595cf95cd329
Training/notumor/Tr-no_0378.jpg,notumor,34d31c7dfbb142895581bf14a93b3875e4e6b08325bbe3cb0915a31d0df04ff7
Training/notumor/Tr-no_0379.jpg,notumor,0e94bed6ab99b6868c666ddefd0b4af8ac7a4ca0f7d70913eab82ef3c51911e0
Training/notumor/Tr-no_0383.jpg,notumor,06da2b63483ae3906acb5ae1e2c4b2056c28217f45d0e6183d68d08c31e717eb
Training/notumor/Tr-no_0385.jpg,notumor,db6d7869822e23929997eef08606215b36cd48cb881b64bf68fe65bb96a16287
Training/notumor/Tr-no_0386.jpg,notumor,464c99ab64b0cce69e6d36ae06e0cdeda7ed06b3b0516f6715c8e1e083ca0c9b
Training/notumor/Tr-no_0388.jpg,notumor,bb9c0c75cf6859ab320834f50a154e90e5ddc05c2acbf14eb386104a07e416f5
Training/notumor/Tr-no_0389.jpg,notumor,20b1c6ac9c63836a2145b71cb080790a76200ebf0c83383486cd8e2713862528
Training/notumor/Tr-no_0393.jpg,notumor,32c582d087d73d6ffaa20528c12ea6b81d9c348808789feb72b548a4fccc0d69
Training/notumor/Tr-no_0397.jpg,notumor,2ca91b5fa2b1bbca449039c10659e0acb52cdb5ee33b9b86dd819d9e0ffbbbdf
Training/notumor/Tr-no_0398.jpg,notumor,8a9c190999ed224a091cd15fd4f2acc69b6d4f2d3d0cf4cb1802ef9d55e2cf16
Training/notumor/Tr-no_0399.jpg,notumor,59129e8a5fc88835ba3706191fb392754e132c7a39d1efc655fd1cd4a52873de
Training/notumor/Tr-no_0401.jpg,notumor,e61f300036ee5e2db6a0e4df462189d41b39323efb6a7cffe2b454fffd2c18f0
Training/notumor/Tr-no_0403.jpg,notumor,6c2c4fcb9923392d2c2f6daeeb71897ef36e64ae54a1289136f07cdf079a0e1c
Training/notumor/Tr-no_0405.jpg,notumor,38ad22a77c6fd49336ffe1311bd64c7eb5cfaf116eed95f44126ff72fd467552
Training/notumor/Tr-no_0407.jpg,notumor,c3c288a174cbc69b5bba653fddc67c3f16cb1915be24442611d36929e695cd5b
Training/notumor/Tr-no_0408.jpg,notumor,55cad599c8f082abc58fad6aa16a2bdcdd846d93fdbbebcf753df3ab76e2d748
Training/notumor/Tr-no_0409.jpg,notumor,f8ec72ee4bd09880120f0839bd74bb2e88efd5576720d53e012ef945e0a56d3e
Training/notumor/Tr-no_0410.jpg,notumor,490f753826a6343e78d82eb39d7f08ae43ed1a87fa10212d5592678b1dd76943
Training/notumor/Tr-no_0411.jpg,notumor,a35fa2f008fae05b592a376704ffb1805f8883e393bee718253d8817bccfe18b
Training/notumor/Tr-no_0413.jpg,notumor,6f52961b316f3072bcc798a1178866f44d3f601ee1b5527dfa51907d02a95699
Training/notumor/Tr-no_0414.jpg,notumor,e14c98975c713efa6057723a4d1b5c8fabe76bde9a82528ad61e8099b8fcd8d1
Training/notumor/Tr-no_0415.jpg,notumor,075121ef05dad5a6adeae9ddc9c6d02e099e9890e100ca8f66cea83b0f4045a5
Training/notumor/Tr-no_0416.jpg,notumor,06b29e3d2fae28dad1e139950a7cbe2a5a688568d89ca92c82d9fada127a9df3
Training/notumor/Tr-no_0417.jpg,notumor,09ce7a954b8b4e8074666e36f2d33e6ade48051d6c9794b4e820e56d239843de
Training/notumor/Tr-no_0418.jpg,notumor,465860197b4ccc00fe717b90731d81699bcfd15f2e6d3768fd201ea34ae7910d
Training/notumor/Tr-no_0419.jpg,notumor,a35018439ac8eef2e60924dbaca2bbbe2892b063672a793b486af027ce6907b1
Training/notumor/Tr-no_0420.jpg,notumor,f7bcef6650bb0844ef3562033adfddb1f5db2c4b2c307df12a8f9cd79aa08e83
Training/notumor/Tr-no_0421.jpg,notumor,5b78a3ddd88c805610aee8a4bc247021c97e0133aab8c43966d8142f0b742ea6
Training/notumor/Tr-no_0422.jpg,notumor,ea7e5727b53448c5aef6a6fd946634d369bb7011e47c1cf1ae4aff54ccf8d6a0
Training/notumor/Tr-no_0423.jpg,notumor,f2de2f425f3bb3992229478d49d3ca7e10d1a0a32f301d88c8e5b93873538e12
Training/notumor/Tr-no_0424.jpg,notumor,0a832deee2b11878df626c5873e48ec32f206016d3d5e0492d6b32fc929e6c2c
Training/notumor/Tr-no_0425.jpg,notumor,febd779e6b385675f942d72995a0fb8be6ab15a13e2df1d90585a062f2428aa1
Training/notumor/Tr-no_0426.jpg,notumor,80e8ad1c7729005d2b8472f9419d38c0bf6ed9906376bd44b0ac5a06cfe032cb
Training/notumor/Tr-no_0427.jpg,notumor,353cdf95afc633edadfd70487a2057b04973dc53c0182268762b5581316a47eb
Training/notumor/Tr-no_0429.jpg,notumor,7b7fcf8f635b7328153076258bd5fddc6562c43bf24614148c2440a1d2062d26
Training/notumor/Tr-no_0431.jpg,notumor,faa1644d7275469310aceeb80795b5fed741df6b47cd6ab6565298620d6c469c
Training/notumor/Tr-no_0432.jpg,notumor,6fe64da08f0a8e68b2b0a183e78fad71fcc8db1c933fa632553ab8a8bca3bb95
Training/notumor/Tr-no_0433.jpg,notumor,eb5c5214771cb99a9041862ae16f2bcc9bb8aa8f56e784ff380905cb2f802a2c
Training/notumor/Tr-no_0434.jpg,notumor,fcb7cd50be588701514cf9b3a5e25721d54cf3df921548f4b04febac65c526ce
Training/notumor/Tr-no_0435.jpg,notumor,58dd3b58f9fd7c629ed3093f3b8cc6c4a1524e2b526f57bbb02e4601a2b8c738
Training/notumor/Tr-no_0436.jpg,notumor,bb3d2ea7dcb807285e538840186e14f75f7d007bd1d59caf71791e8cb43d2d84
Training/notumor/Tr-no_0438.jpg,notumor,03c103deb384241129d3ff041a75183af771fa1591da3ab60bd23e292928ec6c
Training/notumor/Tr-no_0439.jpg,notumor,6928bf994e8305a34bdc832e7df31b94c75b1d30418fbb6c503703b11f1259a9
Training/notumor/Tr-no_0440.jpg,notumor,b4531b317308ad08f6f4c96da6e7244a9875a52d490ecdcab426249236587074
Training/notumor/Tr-no_0441.jpg,notumor,61c63bf48f3af36c30ecd78f09f038ae86717b0ec2d435209bc830c1cce69ab9
Training/notumor/Tr-no_0442.jpg,notumor,090dac42b804f6ffe3719c23f945985189585b692901f195bac20bf5466ad98c
Training/notumor/Tr-no_0443.jpg,notumor,29ed9a897d633c24f388e753b6f81b9fa91ade7ba97b351f106b3fe954c0c036
Training/notumor/Tr-no_0444.jpg,notumor,834db082aecf03f2310a9599b16642f5f3a4d76da639d92bd083305cad59111e
Training/notumor/Tr-no_0445.jpg,notumor,233a5d8b0deeed1fc4a2d8ba343d38c761b76ed8b751945e350ca7e03aaefda5
Training/notumor/Tr-no_0446.jpg,notumor,7d3ed9bbd82529237c3a31107966ecad504ffb5d3ed73ba36d19d8cd1d8e0d48
Training/notumor/Tr-no_0447.jpg,notumor,cfadafdd993e776771e13f5e398f295c662fdce13df92524fadc4c28c0a95a4a
Training/notumor/Tr-no_0448.jpg,notumor,d73317ea7aca0dbb0e1d175362b9313e345d37e1174e787cad8b19425db38a80
Training/notumor/Tr-no_0449.jpg,notumor,a9dc1b9d61bdf2bcc9ff786cc211774f8e05a97343c837d6da93fce545e1f09e
Training/notumor/Tr-no_0451.jpg,notumor,2b79ef9856ccc1d8c850634eed1304cd937563662d35fa77f8e26c3991d4bc1a
Training/notumor/Tr-no_0452.jpg,notumor,ff4b41a44e9389717c3a0932fa35d6dd12170aca96f949c274ea22bad75366cd
Training/notumor/Tr-no_0453.jpg,notumor,ba7002495f10faabd61751b0acda4545a4c7e95f2f2a09b002f4ee3a572a5031
Training/notumor/Tr-no_0454.jpg,notumor,93f59c5b88dca15896cc04f9ee23a7ed580d2f46b1162e62f28e2026324fe002
Training/notumor/Tr-no_0455.jpg,notumor,3e1fe5eb8190fba74e150bd2e96beb304d2d7199cb23db50eda5785192f8095f
Training/notumor/Tr-no_0456.jpg,notumor,428c6e2a538eced2a14f9f3cd63534f10be023565bc4c611a76d8bf651195c67
Training/notumor/Tr-no_0457.jpg,notumor,84d46119ac6576ace21ef904553037e30b4c3c44b45b74e17ef04d908b51ee80
Training/notumor/Tr-no_0458.jpg,notumor,5efe78bafe3aa63b1c6950c4997a01df4bc4c8bf4dbee57305bb44f7a3606715
Training/notumor/Tr-no_0459.jpg,notumor,6774b2137c7f1785385cf64b7fde608287f3f7e05c29d7dfc114443b01e40b62
Training/notumor/Tr-no_0460.jpg,notumor,08e096f199049b3f1b99f6531e49b09898220f7aa37b7f8f45a55e34c8aed6e0
Training/notumor/Tr-no_0462.jpg,notumor,14ac2596baca8b83eadd347035b83d8e49507353477c1b5db527a036178876d1
Training/notumor/Tr-no_0463.jpg,notumor,d8aa0c290788373a5806b52c23736910308ca19e0164bd1984ec30eb67a7ab22
Training/notumor/Tr-no_0464.jpg,notumor,e7356b3c77c3b948e213b0d6c975294a448f46671ada0378127fdd90bb27c995
Training/notumor/Tr-no_0465.jpg,notumor,a060cabec183204f051f9c7d153b82d952b886fe2bb34efb8f812c50ce123287
Training/notumor/Tr-no_0466.jpg,notumor,8ecda324dfa8c3f67097bc3d520ae91b1ef587796bcab7ae3bd03f44c7ad539b
Training/notumor/Tr-no_0468.jpg,notumor,2377035d0d8766afc086440b729c815b7db06001abdcf6a6ecc0149326f41851
Training/notumor/Tr-no_0469.jpg,notumor,0de1aa4921ef73ef900b2b4301be1dc5aede22367540cdace4cff50a478f10b5
Training/notumor/Tr-no_0470.jpg,notumor,a6610fccc8e426e55937d6b8f887813791be179c8b5d2f64d8d9133430d2e988
Training/notumor/Tr-no_0471.jpg,notumor,06ea0c3b099ba4048faddf7220a226347dc69df955571500a46151b10b4ffb8d
Training/notumor/Tr-no_0472.jpg,notumor,1a60ff2f428d0de648525db7f45f6b816b3713d47aec29f854a81487511e9bf8
Training/notumor/Tr-no_0473.jpg,notumor,59fb3e772b92db63f473d2a2678efa29bb3ea681a1d7f8650127f03fc74ded3c
Training/notumor/Tr-no_0474.jpg,notumor,4eb5e748bc65552cad06a39372536dad3d835e34a17b81318a2e0c902947b207
Training/notumor/Tr-no_0475.jpg,notumor,f297f071b7275e5035418295810dae6cf2eda6a984e6354fff74b6041ea7cebb
Training/notumor/Tr-no_0477.jpg,notumor,342d3cce7b3cdc691766a7f1ea7df73ad66c39e2956310e907ff9e6fb3cd332f
Training/notumor/Tr-no_0478.jpg,notumor,6cbb1f1cf0aa91c28f78bbc17fe11b65af8d21f071e4f8c7c0fc3982a36e068b
Training/notumor/Tr-no_0480.jpg,notumor,fe93388b3da416a1e278cb601105acd609e546838c39c0490a8e9889ea950ec8
Training/notumor/Tr-no_0481.jpg,notumor,623dcb15881354e71f51e6584b0bbe479265c52ae627261301d9f2bb9386ec73
Training/notumor/Tr-no_0482.jpg,notumor,f5ff3a81392cd65dc311b94a0051b87013f1c65ad847889afd29dd4d92d91414
Training/notumor/Tr-no_0483.jpg,notumor,ec4bf9270aa3ef29260745b1bd95ca6577dee7c388d41999fb9eb2acd6874de1
Training/notumor/Tr-no_0484.jpg,notumor,eae386f0d473f0eafa88901fb52af30c5652b1f1fb4652fb7b5650ddcc390e4b
Training/notumor/Tr-no_0485.jpg,notumor,4db9154f74dc89a48c5414e3b48a33632cc64b0e61c9541649f7a9455ea09e63
Training/notumor/Tr-no_0486.jpg,notumor,76ef713871312b96b12f38b2748551637b3eb35ecf2ecffb5501cb0e02afeba3
Training/notumor/Tr-no_0487.jpg,notumor,92c7e180580f5f9e7adeef2101de2df68532ae02f2d2c8d75782801f07d64bc6
Training/notumor/Tr-no_0488.jpg,notumor,03b62d5927d31725332f245f09cd57a5c8fb8008dc87c1a26ee2af3b552c1016
Training/notumor/Tr-no_0490.jpg,notumor,309d4f241a4264a088af432645bbe8913dfc84e6cdd6b94fcf999beeb9a03c49
Training/notumor/Tr-no_0491.jpg,notumor,17250b18504f8760546d80281cb9d618e6f2af747cec2a19dd3bb1b1f165de8b
Training/notumor/Tr-no_0492.jpg,notumor,e7104cf03a0918840f020ffd6e728312e799235b0b9af04ecdcf4200b669e39b
Training/notumor/Tr-no_0493.jpg,notumor,f9650a60cedb447d86bbb6a8b7678487aace1d134171f384856a3b7569fd03f3
Training/notumor/Tr-no_0495.jpg,notumor,7779387d140bce1db722f1c938c6597dd716c7730fd5f904b7723ee7bdaee886
Training/notumor/Tr-no_0496.jpg,notumor,edbe8c19cf555eef1c295aa167bca4cef36d6504b9119116da0f9c145b2bb8b7
Training/notumor/Tr-no_0497.jpg,notumor,3708152413a96cc64a31fd18c72a28f91656d49ae51c1fa4b7e216135c4e73cc
Training/notumor/Tr-no_0498.jpg,notumor,03bb9c99ad697aa275960fbd9e11dc1bd23ae388fde6b6ea27bc3f67002768fc
Training/notumor/Tr-no_0500.jpg,notumor,0e7f71de6d556fdfa89b97262376d90b5cfda742e5673d3c4ce683cf57f0c9b3
Training/notumor/Tr-no_0501.jpg,notumor,36f99ff27130d024d8519002146f1bcfa1412717beee43f017d52711fd5b7a06
Training/notumor/Tr-no_0503.jpg,notumor,fb08cc7a7c75eb72d1965fbac1b47a0fc8a97cf9aa40944a14e4f7feca7fb5bd
Training/notumor/Tr-no_0504.jpg,notumor,4e8128f0ab7851669e46d62f1ce1b51dbcae2d24b1b13fe29efc0146c218364c
Training/notumor/Tr-no_0505.jpg,notumor,f8023e2a47e97478a24ab4374a6f1d27d5f3a9a98c8752e796887f32a5e5b66e
Training/notumor/Tr-no_0508.jpg,notumor,9e33acc45971a6b56813bb3e155e49741aa84de6d4f2f8c7f37f77a181077447
Training/notumor/Tr-no_0511.jpg,notumor,31146276bf6960c1c794841ef32a785e1623eb456d2bd22ac79c501cc6385803
Training/notumor/Tr-no_0512.jpg,notumor,d144a1a4272ccd429089664ca8e772afc3864714b2105f2cddfbdc88e5e8d59e
Training/notumor/Tr-no_0513.jpg,notumor,2bd550d2ddfec59aa815aedfad99541a90e7bdf7d78fe88fe739cfb5ad4fe3b5
Training/notumor/Tr-no_0515.jpg,notumor,19fc54500270852f25cfdded6c115994af103593746b527ab354680697fa31bf
Training/notumor/Tr-no_0517.jpg,notumor,06e3ba420bfe3e67af202f95309456d158c6496f86dce107aa546dd0a74b1ba4
Training/notumor/Tr-no_0518.jpg,notumor,a1a28845e45e575a6456513331c78c700aede806af4c05f3ba32c31fb0d09ac3
Training/notumor/Tr-no_0519.jpg,notumor,7aa1699982c823d0f2de7f11f0a946404d6aa59903639b6c841322d9ee40f1a0
Training/notumor/Tr-no_0520.jpg,notumor,5ef1200f31d60ff645fdafc6de8912912f603f92527f2a30a220acf0979f3227
Training/notumor/Tr-no_0521.jpg,notumor,2e8f3621ffd3aca8f681bea21f60c6af8958877fc6dcee69e02b5df94e114b36
Training/notumor/Tr-no_0522.jpg,notumor,95f67b2c818fe56d7b992736497cd7c43677cf4b48306683a81ddd649498d303
Training/notumor/Tr-no_0523.jpg,notumor,5f5390a3d81bdc854e5e498bfff76886d22c09112eeb2399b83faae4d70442e3
Training/notumor/Tr-no_0524.jpg,notumor,57aa3dae272093eb5efa407adf578957c666b056c2dad06c0f11ae2656c9eae8
Training/notumor/Tr-no_0525.jpg,notumor,7b931c3dc87c0650bbde75c91cbca6c235d6192b2e7a350492f82f798f055415
Training/notumor/Tr-no_0526.jpg,notumor,90bef7c8bf816ab5bd8a8b518f092f353383b5a373b726b79b8c795e291c6a3e
Training/notumor/Tr-no_0527.jpg,notumor,11710fc637162c21b6e62968d417c852ec8daa3c4cb42a403b775db39b44e3f0
Training/notumor/Tr-no_0528.jpg,notumor,6647a2404d60ef431ca20e7e204d085de00c6c2eb12e7594d681ba045b640aee
Training/notumor/Tr-no_0529.jpg,notumor,2f6983c9f48730166e79f260bad69efb9fb52d70e48accaeab161fbfcd8d2170
Training/notumor/Tr-no_0531.jpg,notumor,66569a97b24135d247166c11fe175dce65f9679a2cb9e949e0cd1fa8beb9989d
Training/notumor/Tr-no_0532.jpg,notumor,998c2a4700692782dcac1615edfacd957299b9d32a58a5b38a3640913e0e2005
Training/notumor/Tr-no_0533.jpg,notumor,07fcf1564f15ce96e1589d7186878ce55bec37950736fdb356d656ac1be21629
Training/notumor/Tr-no_0534.jpg,notumor,b57e5fb0713ee26e10a86db0ca4bd1a5ebfd6875202d4e81af0f10c5525bc01c
Training/notumor/Tr-no_0535.jpg,notumor,b1da8fe4e26b93b3fadab285538d4578e25cd114bb6e763477657f2be5688f95
Training/notumor/Tr-no_0536.jpg,notumor,b1b3498c1f371d2edad9ddcd8ae37af2fa9768ca12e9b14412e31217cfc486fa
Training/notumor/Tr-no_0538.jpg,notumor,a95b8b97b1987417234f09cf286460225e2f7b6b5ed1b9de00435a16e4947b93
Training/notumor/Tr-no_0539.jpg,notumor,bdadb2ad2c1f7ca91fa84e093ef6be3e684cf03a9f5ebf8c5951bf88fb73dd7f
Training/notumor/Tr-no_0540.jpg,notumor,8570d5134cffb9b72564702663cae2968a0d3bea506ac083db9f8ca46f992026
Training/notumor/Tr-no_0541.jpg,notumor,69c42f6c43bd792901c446df8bb12bcd3c49b4f40dfcba623c7e8ffcdb52aa24
Training/notumor/Tr-no_0542.jpg,notumor,896fc66682646e451ed9b2626bdc6241d2216b44c4b08607e134448b7f412184
Training/notumor/Tr-no_0543.jpg,notumor,e3d870254afb4646ef9c8ed65add1e52e4614142600fdae3d7f9cfbf8caf05e2
Training/notumor/Tr-no_0544.jpg,notumor,a1d40d38cf6cfaaa95406c9f404b6dfc0f784e3e3eae1cde503c6e5b30ebcb0e
Training/notumor/Tr-no_0545.jpg,notumor,15de12ab703d346ae376cd9733744eb06e094ff88fd36ce13f276aeed31b806e
Training/notumor/Tr-no_0549.jpg,notumor,d6b3563b0862978ec604592eafc323d3397589b70b23f07639032fc74f723a48
Training/notumor/Tr-no_0550.jpg,notumor,b15170faec1cda7cf01d47b472700acd098d7ea8702b6b33592d7f3a4bae7c9c
Training/notumor/Tr-no_0551.jpg,notumor,1afeb2b05c3047a0aadd48adbbdb4cfc4b9a973e441f3513d7798a82c5bc47c3
Training/notumor/Tr-no_0552.jpg,notumor,9abfd64736b07d86d5b188f0757e5ac7b57429b6d11ca46d072d90fff2b592b6
Training/notumor/Tr-no_0553.jpg,notumor,ad1d10ca71f6f4790709285a60994693a8330210298f3a8482dd70a1085dd38e
Training/notumor/Tr-no_0554.jpg,notumor,69707646dfb0dbebd705608020ebbe6aa8af87e6911c2b1ea8ccd6a523c8bf48
Training/notumor/Tr-no_0555.jpg,notumor,44488b852fa7ce7097caac1f031ab25e7bb922a6dc25117d31dda2b4d5ea71e9
Training/notumor/Tr-no_0556.jpg,notumor,e1996c35c340753d05bebd5392154a6fc8b8198ca3add27a9b30cf0428629b99
Training/notumor/Tr-no_0557.jpg,notumor,4df6b22426938011a6f818b43f17b9de4e4507ceeb9d573cad98b95460299baa
Training/notumor/Tr-no_0559.jpg,notumor,67850a5361df8dc320baf82e8bdf37cc496bb5d6ea91b17cdceab32a7cdd5cdb
Training/notumor/Tr-no_0560.jpg,notumor,42a3e40414c55e0c9ad1b9e091d33f5808d2e43d63fccc673778779975825ae5
Training/notumor/Tr-no_0561.jpg,notumor,b5f0f3d033c33e2435028ab956443bbbeb97dffda41e0afe175e81e286ff2431
Training/notumor/Tr-no_0562.jpg,notumor,658b9dbd6d87170f19ae33bcb2e9d7d211aba7be45c0a5069df271002d125a23
Training/notumor/Tr-no_0563.jpg,notumor,d3157a777c3f532d6ffa4885c4e0901957555ce124a86e6484fe94c059479b64
Training/notumor/Tr-no_0564.jpg,notumor,21fd26b23c30b4f39052dd1cccfaa6a73e453d300bcf4dd64e5491022c799acc
Training/notumor/Tr-no_0566.jpg,notumor,0d6d6f95c76758e01fc927fc0656f84b38fbdab1ac34efdbfe4b88c3100d68d6
Training/notumor/Tr-no_0567.jpg,notumor,c6f75a9e39f9f81945a1077e20d530972f8c2915d0fd2af7e1d4e2923f6c75ee
Training/notumor/Tr-no_0569.jpg,notumor,f4d232bf91cfdfbd899bb4fa7dc2b9de8d76f5160a70831999320c4e4d929ade
Training/notumor/Tr-no_0571.jpg,notumor,3ac497cd50c9eaad9f041c265de1853913cbd1565427d5f382c3d970fdd168e1
Training/notumor/Tr-no_0572.jpg,notumor,1c62114d3764a574332b44ab41847ac1b2104db7bd4cc92f47f3871632b67e4a
Training/notumor/Tr-no_0573.jpg,notumor,ed9b6842a0d0369d3525a8b78e8d7a54b64eb39efd68df8646e0c39c33454c75
Training/notumor/Tr-no_0574.jpg,notumor,cf6898c7c0c31dc8d79e1ac3088a0252eda426a767c0a21035c6303b4e20fdb9
Training/notumor/Tr-no_0575.jpg,notumor,da52822857f624458165dde147c7ea3a92eb42276d8dceb86423ea9ee52211c7
Training/notumor/Tr-no_0576.jpg,notumor,1acbf6dd671384bf02d91dba444822d266f99187a44a89b84f264bdf8afa0906
Training/notumor/Tr-no_0578.jpg,notumor,f05429fe15a2eba44cae6bfe2c3924d23e187cf34608ed8bf20a2547fb87b333
Training/notumor/Tr-no_0579.jpg,notumor,9330a2005429b499301a0573847d1fcfeb71276420068a5817fec5c9cee5be26
Training/notumor/Tr-no_0581.jpg,notumor,7062b5cacb6694c4b54fd799a8744d8a1f3f7a89110cc75a9fec2375f7fbb92b
Training/notumor/Tr-no_0582.jpg,notumor,478a02a2c7269cf6740e713bbf6ff27feac16ed6099baefd689610ea2320f832
Training/notumor/Tr-no_0584.jpg,notumor,425c40074835a12e058bcc81694b824021ecc04363fb21cc3c91fe04163bd64b
Training/notumor/Tr-no_0585.jpg,notumor,52dc429fb29de569bd64c1c891117f01f6c27d7dcc2d7b514aaad4a657cd170b
Training/notumor/Tr-no_0586.jpg,notumor,5672b0b6e7650e8f8675104fddf9af6c4dad65261191c353b87d782d2cffd58f
Training/notumor/Tr-no_0587.jpg,notumor,180e4ca84cdbde8a2edf05e45633eda74567cedb678dd49dfd3ceb65a1b58d7a
Training/notumor/Tr-no_0588.jpg,notumor,0da2d14203ca846b6299fc07a0f42a3918afb25fbffeb573f491036b4d6f628e
Training/notumor/Tr-no_0589.jpg,notumor,691bed662072caf352e875dd8e476b4a0cb425599d0c94b0a93d791c344f62f0
Training/notumor/Tr-no_0590.jpg,notumor,bad0f688c4ed9d93d3933b95bb003a54063d833b8beaec7c0d5436abbaf4c8d2
Training/notumor/Tr-no_0592.jpg,notumor,a3911d3779563b7e4a1750fd41041f2507924dd0fcd4a54d7feb2d9c7076cc01
Training/notumor/Tr-no_0593.jpg,notumor,c0811ba93dc812d4aefab3efcc7539791ee64b31f37e3b5f7964d92867664e93
Training/notumor/Tr-no_0594.jpg,notumor,e410709686ba34d96b64b8ddbbcf51e8bb5409b2c8918caa1a0642fe2ee7bcbf
Training/notumor/Tr-no_0595.jpg,notumor,1b4a6568da8580f8bb597211cb2edc505efae4cfc9cabcd78eeea2a081fe6724
Training/notumor/Tr-no_0596.jpg,notumor,6d6c2e5921ad3d0fbcc73a600a3ef2212adda94b68dcfdf4efa17093c5ebbf36
Training/notumor/Tr-no_0597.jpg,notumor,01f6e4a3aafdaac39be8f0b8f9602f7686a5fbc9c321e65bf8b5df081fb18528
Training/notumor/Tr-no_0598.jpg,notumor,aa56085d96a183736b9b934fe058814cce8486e6e56f7b99ed00f1a20e83ba3c
Training/notumor/Tr-no_0600.jpg,notumor,cbf2da8c6f0e9324fdcd07218a82848dee6acf0a6c317ff20bec7dcb1d30f340
Training/notumor/Tr-no_0601.jpg,notumor,d36d0f10bf921d8fdbdf2b927d2b92b41466f0ab1e065632fb19cc369f628288
Training/notumor/Tr-no_0602.jpg,notumor,bb7c3d6df2afe69ac893860e9177883a5a6cd60ebc70de8c3ae996ddb185ce2f
Training/notumor/Tr-no_0603.jpg,notumor,01b417ffb3ab8cb28cc4901e22ef7c2c412086743e17550c7a5b0ee0fc4480a7
Training/notumor/Tr-no_0604.jpg,notumor,095f490add721bac4d19a102bd1ca17506a98c75ef5a73eed77b9c9dc9b8ae6b
Training/notumor/Tr-no_0605.jpg,notumor,f7f5a375b5aeaea2aa0d8acfa4d171684f5fa49e810006317b271ebafc7b0824
Training/notumor/Tr-no_0607.jpg,notumor,05bb8561d5f9e49dcad37ed13eaa6fda5803109d9c2ed02023bb7eb0d0f82095
Training/notumor/Tr-no_0610.jpg,notumor,7c0124081a4ec0c5a2df2f72738fa5bb4ea5658f7d3454215225bab2d550030a
Training/notumor/Tr-no_0611.jpg,notumor,c6da826146f2cd6685c61df50964c6a9acb40f3593ce89bac85136eefbee9da3
Training/notumor/Tr-no_0612.jpg,notumor,9ac7747e95f562d77113e20b433fe5c0431bcb4120356bbddd9d8e34290b1112
Training/notumor/Tr-no_0614.jpg,notumor,fe9912cb2a3bbf99e64c6674791db7c6d926d465387208ce20f2b4b87efd6d7c
Training/notumor/Tr-no_0616.jpg,notumor,3d2e27086db6e9797258b3d352df32cc3a4a20f6038a9bf18dbc1472915177a6
Training/notumor/Tr-no_0617.jpg,notumor,f672a2bf40f16ec9b18576c2e811567fc768d0fffceff4f8d96db8761aed53aa
Training/notumor/Tr-no_0618.jpg,notumor,f8a4175365b64fbd9d2af3c2629748d5a9758df85555c1e254d89d57783413bc
Training/notumor/Tr-no_0619.jpg,notumor,f51b11bbf066cdb7d4841474e4c4cced014228f6e64586066c35658fd807ab8f
Training/notumor/Tr-no_0620.jpg,notumor,fa1705893cc95e676c894d4787a059491d886ccffa85f384ae878d3d580c18f1
Training/notumor/Tr-no_0621.jpg,notumor,92798602663bb77a4849b098abede41c448e235b74d9c34f14424d3046619748
Training/notumor/Tr-no_0622.jpg,notumor,1f55f2b11d511fb1cc425db152b7932ad057c3783674512875ea9f4435787902
Training/notumor/Tr-no_0623.jpg,notumor,5bbc95ca8b383bd16a7525d1a390e812ecaf7f650063a1aa3f0783840c5e575f
Training/notumor/Tr-no_0625.jpg,notumor,ae6286c9c96c4ffdf341ea4225bad64f222fdce3992bcf82de500dda991273b9
Training/notumor/Tr-no_0626.jpg,notumor,14c87d2077e57a62532215c91e53e34ed51f6a784f5750a917ef91852d2ce9dc
Training/notumor/Tr-no_0628.jpg,notumor,3f7bbed9fd337cfdc7d6a6aa2845e7f934e6ca177a8c7b3f22210a6f94e2f3cb
Training/notumor/Tr-no_0629.jpg,notumor,d0520b80772f2d18bc26de82d80bee9c6bf1513d518e6e5feb008fe44db4a65c
Training/notumor/Tr-no_0630.jpg,notumor,e20e0cca5af11c4f3b33f20cfe2de85a04c747bda579d8d0cb16d05e523deb06
Training/notumor/Tr-no_0632.jpg,notumor,c47f146249b8b6e4be77ba798bffd7791a9920d6147614309c4dde2aea1f45d9
Training/notumor/Tr-no_0633.jpg,notumor,86e086bc3b54fedf7ee6ee9a8d464b5fa68857083e71167674b6384b0c53a97b
Training/notumor/Tr-no_0634.jpg,notumor,717e52b12db9e89261fc353e2a86313e73c1fc9df5e6f503bbc8586d93a63283
Training/notumor/Tr-no_0635.jpg,notumor,3d8986475bbd0ec0b9219ebf916831272f408a194edd9696d992d1f1617bceec
Training/notumor/Tr-no_0636.jpg,notumor,576168c376f79a02a66ff6f3db8afcf0db303f5764c404ed0dbbb1cef4ef5942
Training/notumor/Tr-no_0637.jpg,notumor,e2a4a45b8d73d7155d20b5d1d27b4e13fe18b58c9b281c82bd3ba15df97117d6
Training/notumor/Tr-no_0638.jpg,notumor,7c253da5718d4579027b2a16b0fbb52bdaea592c53b85fafbf0940733daec2b9
Training/notumor/Tr-no_0640.jpg,notumor,8754d6582bc14adc7e7121a1c48e3c7768bb815646e0a77a9767a2b0cb373f29
Training/notumor/Tr-no_0641.jpg,notumor,36c69ebf62395f88607b82f7a9ebb541f8afde5ea753316bcaa7daacc0ad4dac
Training/notumor/Tr-no_0642.jpg,notumor,66505d78eec85bed4a8a78e9afe09c9e226a5bd0f7e1b4eb904ac6781ed107ef
Training/notumor/Tr-no_0643.jpg,notumor,873702425e38ee8c1e71bf486ed9c5aa4000bdde152ffa19e49f1d2f7672ce17
Training/notumor/Tr-no_0644.jpg,notumor,531e6649cb61bc0642c26701799dad7ef2551fa122e88218106c52a30204f4a8
Training/notumor/Tr-no_0645.jpg,notumor,27c9acaa0b75f4e86a4dfd8a1bdc1063e867598257e3b36365561a4c06ec37d7
Training/notumor/Tr-no_0646.jpg,notumor,000fc159d99f54d7f29d4e7c505e77c8854fd837a8a0eb10f616945024bd3876
Training/notumor/Tr-no_0647.jpg,notumor,183a45ce31d8c56ccb92b044538fc221d7842b1c27cbdf9e1b8d1caf1fa747c9
Training/notumor/Tr-no_0648.jpg,notumor,65012deda604e6f1461b2f55d0fd5d831b8e40bc4c98f291b1ba9edef231331a
Training/notumor/Tr-no_0649.jpg,notumor,00fca519867b97d9c0303d8a65c206a280930f81f63ae9d85ca224a31e01c88b
Training/notumor/Tr-no_0650.jpg,notumor,6dd5c3eae38413e4cb80e761c0930b7bdd92d1031a085074007d1bb183ee3e1f
Training/notumor/Tr-no_0651.jpg,notumor,3bd47e803ac5f4bc6c0d8821e46960901335fcaff222459a3b118ca508e7ecf2
Training/notumor/Tr-no_0653.jpg,notumor,549b72eb02e5a44e4d70d73a6bd92f676109522053877267cde4701b8590ea85
Training/notumor/Tr-no_0654.jpg,notumor,4999b1319219afd5b9cea87c5003d3a2a1e37981e4d113e4f319c1ad0243bb40
Training/notumor/Tr-no_0657.jpg,notumor,1943c6d2df4c2bb228ca1fb0da17f07584d25055c7640b1fbbac8f35483fa7af
Training/notumor/Tr-no_0658.jpg,notumor,fc9c7306a9e37fe355611025df9ece34a0671b2854323ec6b95c91f9dc0c308f
Training/notumor/Tr-no_0659.jpg,notumor,393c84a6a4f222c4f9276ed9b2ec5b0bfeadce0b573037fcafd072943938b131
Training/notumor/Tr-no_0660.jpg,notumor,4869859df6f30d2e66086a420701aafb72b7cc616c7544a84bf54b28a0145d14
Training/notumor/Tr-no_0661.jpg,notumor,84796689afa1621f1e129492fb53963dc9304027f334e4821050c8741ebef28e
Training/notumor/Tr-no_0662.jpg,notumor,30c2bcdec018ea1c33e5ce79110a2f981011b735e2ff770eb95b9e42e5ba27c7
Training/notumor/Tr-no_0663.jpg,notumor,8757fa3737d286d19c215eb10ba770a1e838c16343482d699ce4cc1a4aec21c1
Training/notumor/Tr-no_0664.jpg,notumor,619ec7d3c65308e8673bd3dfe3d193499262093974d565f88a47bc2419cb3400
Training/notumor/Tr-no_0665.jpg,notumor,672390a6f25f986ea8d9f6469ca9cad06e0be86a5712e99fce2139e0a909805c
Training/notumor/Tr-no_0666.jpg,notumor,a8ec609bf4bca5c827586ea5db4bd5456cf2b6d8a7d5218ccf12ab4526c75057
Training/notumor/Tr-no_0668.jpg,notumor,4de334efcbc030b2c983f0f527254fecd00a26f0c313aedd9883f506847529b3
Training/notumor/Tr-no_0670.jpg,notumor,b3194148761c0169717896116725e38e430812e6d5a6b6c62c9cf06e7cf00916
Training/notumor/Tr-no_0672.jpg,notumor,0b048e3ce5d4cfda7c432c524bbcad3d803a41e2f68e9b454024c84c5be22cbb
Training/notumor/Tr-no_0675.jpg,notumor,6c634cc4ac61fe526e6dbec903195ac33e498cf60906e1f6e143a588796bc636
Training/notumor/Tr-no_0676.jpg,notumor,ec6b7f977398cbd6e50c45a93032026314cef1d4414bc719f6c4e5146f313fac
Training/notumor/Tr-no_0678.jpg,notumor,0b2f96b2f4cd073d6d99dfd31d0c2d32130063e106cbac9d271090b229e6fb18
Training/notumor/Tr-no_0679.jpg,notumor,f1a7d06cc95ab62c362b48875dea1c4f35e99dd9bc23d667ad35efc213ea3742
Training/notumor/Tr-no_0680.jpg,notumor,c8fb9c6460ef410858fa717c1ab5f5d4828e51d3af2d59cc2982b1d5e14b840b
Training/notumor/Tr-no_0683.jpg,notumor,1511469e2b20a333ac550085faaa4235936b00e74722780e3537be54486f60de
Training/notumor/Tr-no_0685.jpg,notumor,50126bf62fc02a8d2a73941ea1cddc7f01510852e01e61a6da2e7fe89e08865e
Training/notumor/Tr-no_0686.jpg,notumor,124087407d6963f06d54d44a9dbfd710fcd127aa2dc7e57080d0a238b7a16499
Training/notumor/Tr-no_0687.jpg,notumor,cfb54c92b70a8fcad9e044176aa34896ad9accd8dcdbf75aaea06beda5bcf409
Training/notumor/Tr-no_0688.jpg,notumor,0831a46a239e0e0b128f643932e792ef883f01e3c3045c3a5330a8f1c4c596d8
Training/notumor/Tr-no_0689.jpg,notumor,67d1c8c2f09a78feafebbc20c3753b2b557f6f31ca32279b3d85117137ee2760
Training/notumor/Tr-no_0691.jpg,notumor,959ebfac7337756ed63684f218ab32f4181277e25990ae91accdc8f696cc4da1
Training/notumor/Tr-no_0692.jpg,notumor,02dc5494993363f9910138ba37f237ad978fb78fc85b371222b2b6867477c743
Training/notumor/Tr-no_0693.jpg,notumor,ac1439842e8a4df8a961f850cfa2eac0321d2a9ae626cfb95b64ba7a33212076
Training/notumor/Tr-no_0695.jpg,notumor,93171133cad17dcc6a31c80aca685a9a5ffec083cbddcb3be5242547a19b3962
Training/notumor/Tr-no_0697.jpg,notumor,c9717a332981ffed9fe067fa13b61c369ea87f8b2450e50fe38c9b126c9fcd94
Training/notumor/Tr-no_0699.jpg,notumor,3f3bddf1bfd9c18fada07d9a90325f3b238bc2249f27f9fc494c1d6cbfe5ae53
Training/notumor/Tr-no_0700.jpg,notumor,1078c732eff6883e3db6c562b5b50dfb68ba9a74b6ea49ca9595e12fe53b54c4
Training/notumor/Tr-no_0701.jpg,notumor,c2f84e30b7b642dfeb812ec6fdd5d4e6117893bc6ed0234373233171ea45e199
Training/notumor/Tr-no_0702.jpg,notumor,534da970738cf2897d8fa9a9b5e36a4a45f674018a4cd51756aea4a5241907d8
Training/notumor/Tr-no_0703.jpg,notumor,8e32a8ba56648406acb94a24fe5022766d4c0023d1bb49fba79e65bc36f9b9a2
Training/notumor/Tr-no_0704.jpg,notumor,e113abb316726acca30a3773c9680cc60e978ffa3f85c726f7b43b9723fad075
Training/notumor/Tr-no_0706.jpg,notumor,dfcdd1f41c110b6a2854c5db3512734c82e77bad2d11df796803f5f816bcb736
Training/notumor/Tr-no_0707.jpg,notumor,0104aa775534f5dab977014bb0256368f96f262f3c377bcd14a103b65679f73f
Training/notumor/Tr-no_0708.jpg,notumor,998e1573bff074902cce6e790ebdf6e115477a3d574f05cac0006db26ddc795d
Training/notumor/Tr-no_0709.jpg,notumor,3b4ba913a58ec57d88f8988f3c034d02ab99b065fd203f0ac602f5b47e72c73e
Training/notumor/Tr-no_0710.jpg,notumor,4d6d8345c31adf3d7df67e8cc18941af505c24d39c1dd1f3e7ad37b3fee2801a
Training/notumor/Tr-no_0712.jpg,notumor,a323163a029cffe0d7d5320c9662a6e83b11904ce894976c38f068de83dcb82b
Training/notumor/Tr-no_0713.jpg,notumor,aed37d89d0f678291c4c86bfb59a6fbbd539ab50cf807caf0e9bf2f038752249
Training/notumor/Tr-no_0714.jpg,notumor,1951d119c665308d6d1a1cbd3111392edca066f806f9f5e97ce65a4ab777ac28
Training/notumor/Tr-no_0715.jpg,notumor,2786732b776f8095831829db29086ccebbb48a9652e4d711ff2a8b5d529caec7
Training/notumor/Tr-no_0717.jpg,notumor,5d4fb7cb9017ab47d1a97226b878c4bc1b68d90423e98073dbd82764386f0b69
Training/notumor/Tr-no_0718.jpg,notumor,fc36ad246bb583e2f4abd45c8fb215dab8f2c9bdd7e0cfce1b787b6bad777d20
Training/notumor/Tr-no_0720.jpg,notumor,297b8b49c86eb127f38704062c6efb288ba28cc2a3209a267a9e57f6e0831546
Training/notumor/Tr-no_0722.jpg,notumor,9561ec8adfadc55b0e5ff07eb2b32ed3e0dc5fb89cc96a65a35e597728e54dec
Training/notumor/Tr-no_0723.jpg,notumor,61f9ff0caf5f1a1a84743aec1ef38f6760e2d3feca81875c89cbbaefa31d2d23
Training/notumor/Tr-no_0725.jpg,notumor,255308e8a1783223ff317744c2ea14fb8157fc90d93e520c308377246986f7ae
Training/notumor/Tr-no_0726.jpg,notumor,384454360e0fccee495e7053b7bc680370ec3542a9e07bd934d7abc9b7e8f1fe
Training/notumor/Tr-no_0728.jpg,notumor,285992cc5e5213f0d50887d757cb919a365129bff9038cec83e8df54f97fb155
Training/notumor/Tr-no_0729.jpg,notumor,efb3c3916e81dfe696832d0a8f8192b95b150930e856582ab241e04897c30098
Training/notumor/Tr-no_0730.jpg,notumor,3f0e57ddf3de34693e721ff3e1967a17d382d5614a8c6d7fe642acb95680b5e0
Training/notumor/Tr-no_0731.jpg,notumor,06a189deb65b1306c4bf2988d252c0e2b6c243292b825989d4c057c85cda06c9
Training/notumor/Tr-no_0732.jpg,notumor,d19b7c8b81bab21afb8e136346bdc5b3eb8d91739a5375a7cdce730176b2173c
Training/notumor/Tr-no_0737.jpg,notumor,481a8abcdddba35731594569b7f93c30823b807bc1b09ce1b0acf1c2d499de16
Training/notumor/Tr-no_0738.jpg,notumor,b2a572940217fc26afbe353dd1f45888244092f04144d6079f363922fc454604
Training/notumor/Tr-no_0739.jpg,notumor,dd22398acb3c70e63a2cb63bebedc242177d84866a703622ff572dc1de831711
Training/notumor/Tr-no_0740.jpg,notumor,7ee836b109f2c2c06227d2a76c839e8cb12031490f8aba49ebc97d42f6a96b0b
Training/notumor/Tr-no_0742.jpg,notumor,708374fafe25fe9ac4a30a9007674ebe32c6eaae7e07aaa91eab26b5cd6ba259
Training/notumor/Tr-no_0744.jpg,notumor,d0bd146ab7484e7c20897f5290b6dcaa44e9f2f2c2f6d78e70247e2ac022df15
Training/notumor/Tr-no_0745.jpg,notumor,1347df364f2c0743fd69f248c9eac6aebc183cc2221a07854ff6aafab040966f
Training/notumor/Tr-no_0746.jpg,notumor,d7793b2ef1f0fab8e5095fda766a59bbd9ae172f895a1b4767d78a4e901c927c
Training/notumor/Tr-no_0747.jpg,notumor,8de36f55e8e7f663a6f422607541e77cec76b367718c8dfe82164c8f46d1d3a6
Training/notumor/Tr-no_0748.jpg,notumor,5da649b1d62a1b0bf29d93a6ecf9d28b0706e6c2e8c360c04f3a0f8b8ef01257
Training/notumor/Tr-no_0749.jpg,notumor,3ae2cd1eec94301333185534de908d22349d0e0613375864553015757823294f
Training/notumor/Tr-no_0750.jpg,notumor,2c8e82b96387e394dba211c41b64525df23c392e0a0906a338a2583ca05d29b1
Training/notumor/Tr-no_0753.jpg,notumor,684796fa57521bf38e64647b6b68ada66d4e8aeb30cafcfec67cb70b674b977d
Training/notumor/Tr-no_0754.jpg,notumor,c87ac0be7cb4716bca03b19476d0c76211a89091694922d833682205e2871ebc
Training/notumor/Tr-no_0756.jpg,notumor,8f092899e26f64ca7de588afe0208aaff2c1da6ea13d34c3b18393c5d36a69d2
Training/notumor/Tr-no_0757.jpg,notumor,9d7027d104a627826433f73f6697d5f4c6a18d5f9a07f87c221798f544f81e81
Training/notumor/Tr-no_0758.jpg,notumor,a7594a2a89f734ea6586564609782cddb0c0046c1ae4f2f348890c76eafa9b3e
Training/notumor/Tr-no_0759.jpg,notumor,f98f84c8efdfc33cbad78e557e1e4dd58e22567d3f3bf0a42da1fd57d8653412
Training/notumor/Tr-no_0765.jpg,notumor,44c821a4b213d1b3d353f91393fdeb7fa076335610371436c3e3c450c0ba979e
Training/notumor/Tr-no_0766.jpg,notumor,7ddbef2556e368dd15908ede6107c308faeb8088d987fe05c4b1b09577f361c7
Training/notumor/Tr-no_0767.jpg,notumor,f61611c0a10bf84cce2213846a1b7454e9f9588e030bc8df7c20d3881aae85e3
Training/notumor/Tr-no_0770.jpg,notumor,4aa6ed6c6badda46f69ad31fa48b99534fd40a155bb0025229ec3671d1481a8c
Training/notumor/Tr-no_0771.jpg,notumor,d75c64e2da04dc6edb5c01f202e5359afa35f31efd067c873231b6de59dcd0fc
Training/notumor/Tr-no_0773.jpg,notumor,0bddde2da4588961ac9a1b5a8dd73496c7dbac62a6b56cebd0e04ac7d0e56788
Training/notumor/Tr-no_0774.jpg,notumor,f5d81910c4160f06ec27ae21368f22f860e7fbed5e4284487ef6d941dcba3d9d
Training/notumor/Tr-no_0775.jpg,notumor,ea2ef5b7033dc31e1f0dce350279139d6f2c25b154f547a10fa19275646058a4
Training/notumor/Tr-no_0776.jpg,notumor,2cfbc2d779fce343dfa5ec84d4715427a2a9c538ac2c532c99ee607e9cfe8619
Training/notumor/Tr-no_0777.jpg,notumor,975fd5ea57048f695381b21075ad371f387c86eedbcb2bc57b7793ea483e949f
Training/notumor/Tr-no_0778.jpg,notumor,2fc5160ae28cfb53b4d21a2cb098eed4f06f4e4ae122aad91da19e54eb54712d
Training/notumor/Tr-no_0779.jpg,notumor,5febfb7cb397b9900f845a025aeadb5a7244a49feffcd9e6af0848c47ddd03b0
Training/notumor/Tr-no_0780.jpg,notumor,629ff81d7fd1803afc6c8f1b8cdbec4f6e77b153a955a18e71c173134e522588
Training/notumor/Tr-no_0781.jpg,notumor,44a22876360230c9ff465532477b3a9e0dd4ce922856a26ca833de265a82f11e
Training/notumor/Tr-no_0782.jpg,notumor,1111e6db2f33eabc34a6c82da9b7d1b1f1c6e88e3fd086ea4ab11fb64f666789
Training/notumor/Tr-no_0783.jpg,notumor,d3eb1d0d9c022cdc5cea179f5825e1724664d2b7e6cf137c1b16dfb99884b8d6
Training/notumor/Tr-no_0784.jpg,notumor,4bb3818437f9c206ab6ed3c5dc21c496379037abc20c796369e31beb89001eea
Training/notumor/Tr-no_0785.jpg,notumor,5eed5f4469db6904469afad85b396855108204c53ab85d43614c49a98a5cc2e5
Training/notumor/Tr-no_0786.jpg,notumor,f5544e8c132575583b8ae8825062f1344f718a051d4c41f06e07a5a6cf983faa
Training/notumor/Tr-no_0787.jpg,notumor,cc6c2795310094ea9e9bc4a259b6c4ab7e56fd03303b7f3426849f9b573d05a8
Training/notumor/Tr-no_0788.jpg,notumor,ef90188c7b02ceb86456ae379b353a3eebbc6b2b844b7570963c66cf460a0b52
Training/notumor/Tr-no_0789.jpg,notumor,4e040abc6e5b98c41c6d16a3e15e83865f8329a87264ae7557f68192d22d3f48
Training/notumor/Tr-no_0790.jpg,notumor,b5c108d489d9ef13f1046b6f5ba3fe5720d3dc4b77ced0726f56cb587555a3dc
Training/notumor/Tr-no_0791.jpg,notumor,d8723069d6425a30345f16d9aba46c4205ba21532cc55ef038bf947264550903
Training/notumor/Tr-no_0792.jpg,notumor,ba77ba859aeb96a0fdc6072a46f2449bd119d5d8df31e20c73968596a9ba5ed9
Training/notumor/Tr-no_0794.jpg,notumor,b6a7fd10c633061dd2173bf5a2d95054361dfa038b31aef7a132b03ceeefa96c
Training/notumor/Tr-no_0796.jpg,notumor,7b48cc47c3fe1e92857bb93ca2ee73802c61ad8325b0e0be83bcdb85a8dc0719
Training/notumor/Tr-no_0797.jpg,notumor,514b6829e781e899a0b50be4a22cc34b2f3f46b5627c67dbcdaad67ac83e6af3
Training/notumor/Tr-no_0798.jpg,notumor,1a56af5171af33f4df909b7732dbe59ca8f6b3eadf0a9ef48e2383b005946e61
Training/notumor/Tr-no_0799.jpg,notumor,2f5281afa2d159a32589dc3b63446784128f62f6183a112cca790866a3f466fa
Training/notumor/Tr-no_0800.jpg,notumor,798324f97dd137055c18a0c703ef9380a9046ee6d5cb46d8c5a571d2dca8b29f
Training/notumor/Tr-no_0801.jpg,notumor,d030727998485dde92c001f43f924606d27d28d1d02ba4da1abf4d015e5ff20f
Training/notumor/Tr-no_0804.jpg,notumor,543743f311ac7ede8d2814ef7f2173f3fa5bbbb6f60df490ad4654ed1d141d16
Training/notumor/Tr-no_0805.jpg,notumor,1f070cd9f11e9408ef8f7df770e5f98db3c905f5e7d407100684758b7e323758
Training/notumor/Tr-no_0806.jpg,notumor,0e2534dd9fd55be6da171440c493e8199b098b4cbf1fdd2d994da59fb10a9a78
Training/notumor/Tr-no_0807.jpg,notumor,9d1829deb868b91a15dae8b8e5793ff516d6a5529b606adcfc6c3710b3ce3e74
Training/notumor/Tr-no_0808.jpg,notumor,59870eaca7eb7777eec53f8d67aabfd31b287723dff1753991fcf05e9e341652
Training/notumor/Tr-no_0810.jpg,notumor,9825288ca0ecdd46bb9b40ee15bfc5e27360ad86667442abd2e55972661ed8a1
Training/notumor/Tr-no_0812.jpg,notumor,dd5e0845bfd97f6b294f6b2788067c35b034dd9331e6cf1f441cabe753eb8c78
Training/notumor/Tr-no_0814.jpg,notumor,21394c2b24a72a1fd87b246f9e290290417420a5ddfb70810a9209ad6d747c06
Training/notumor/Tr-no_0815.jpg,notumor,fb73dcde320b4d1323be8ff5952744006156ee952d260bba2f747d54b0bdf18c
Training/notumor/Tr-no_0816.jpg,notumor,05211769975b0d173d0ddbff52bf1ff6a93ddb1945f406874724a14feef2ba9c
Training/notumor/Tr-no_0817.jpg,notumor,12ef28cd1bf90cc898c6d59a9a84f85298110ea7c53eb7e1267a37a9f9be272f
Training/notumor/Tr-no_0818.jpg,notumor,6fa8eb9bb2ed899a8d0a5c0d0e679ffe93eb0e7d518219b43a8b2f5434852d37
Training/notumor/Tr-no_0819.jpg,notumor,896aeba4c38ae004a7cd7c127a70931dd19d33cc7f42f10c7f2b75b463e9e791
Training/notumor/Tr-no_0820.jpg,notumor,55253bf7b87e4937dd30007c7419dd079a94470c89dcb6f183c50435b6687a3c
Training/notumor/Tr-no_0821.jpg,notumor,c4cb47faeb488806b904313c4a21780d779cfbe01b12358b2e42b0267472b8d7
Training/notumor/Tr-no_0822.jpg,notumor,1c2d997d9cd3b3168e84b8ffcd041e8e1ab826ba77f8bca07b88d0e5ec684334
Training/notumor/Tr-no_0823.jpg,notumor,614745f43bcc2e38ff7649483497d36c5bab2d4d32ce19e202fa362e3b5cd3bb
Training/notumor/Tr-no_0826.jpg,notumor,63aa7a3bcfd52ad4e04e25c867d5e0c6345062c54fa5b2e312a0d868a08c8b97
Training/notumor/Tr-no_0828.jpg,notumor,31aad1489b3f69b2aef9cf221803169dae32403984e8d0a9bda328362c833285
Training/notumor/Tr-no_0829.jpg,notumor,0729ee61cd7d09d2ec6ec054328331a5a76f30092cc882ca318532b20a024dc9
Training/notumor/Tr-no_0830.jpg,notumor,202b96508dfe277fccce086140c54e8ba0e048e87ebfb251bf1bb5d3cc11c37c
Training/notumor/Tr-no_0831.jpg,notumor,d8fa920cea8bccd0a81a0a185bdd422c950b4e47da68f829c1a54946f9fe59e7
Training/notumor/Tr-no_0833.jpg,notumor,df2906ba7e2dc5d018c368330e0f3dc30879b5b2cbac103a64e58d2779f76339
Training/notumor/Tr-no_0834.jpg,notumor,e4e59af6b70fdfd510384b898b121aa9207ffa90015edda999942594c82658e8
Training/notumor/Tr-no_0835.jpg,notumor,b0f15c0c73b699b73f8c939796523ddd76dc8bf6414712c0af34147aa863868b
Training/notumor/Tr-no_0836.jpg,notumor,93e842f97481631adee41bcde9b493d6ce88795a7561a77cfd06d67f5aadcab1
Training/notumor/Tr-no_0837.jpg,notumor,0f0fff78a8c8823d5cca151edd446de6f2c774546efae63487b7cbd08aa134e6
Training/notumor/Tr-no_0838.jpg,notumor,90303780224f24f31368418234e9de10c2ad701f7d8fc64afb718b8f24f7350c
Training/notumor/Tr-no_0839.jpg,notumor,2db2e0ab7cae5ab6bb3b3ed9ae2d585a204de3fefd75e4145dae878f8f2623bb
Training/notumor/Tr-no_0840.jpg,notumor,6288f6902aa4859c9e38bd5e8189ae591d8465a20e576fe0af11c384ed41ce99
Training/notumor/Tr-no_0841.jpg,notumor,12079534e32d05977f0bc45e10348492e4e3d84f8056631b725140af7795544d
Training/notumor/Tr-no_0842.jpg,notumor,7ee1f69d966ad5d30e75398ca8bd61eee48b2a8c3c1afc3dd3235e6329f1eeb1
Training/notumor/Tr-no_0843.jpg,notumor,b28a6673a8f92619cd725a3b8bf948c49044c33168a2b81f92bf96bdf6a7d90b
Training/notumor/Tr-no_0844.jpg,notumor,5a785594650c8103b9c089d0b1cf9c2b7fcbb4a140f2d39c9ee1c3f4152f1421
Training/notumor/Tr-no_0845.jpg,notumor,aff182708bd1fbbc5c5e97d755f010c031abe90aa01353e2c2d223afd22a4c47
Training/notumor/Tr-no_0846.jpg,notumor,9b2226c0b9f8ab1cd59851d6269133488b41238e95b06debbe305b4d1eeb7260
Training/notumor/Tr-no_0849.jpg,notumor,ab7d57cd630ecec65a8fa8700d52cf87702947ecfc7e855456fae192270570d9
Training/notumor/Tr-no_0850.jpg,notumor,e46f5d85df72f56bc2aa6204f83f8951b5c015ad8cf726ae231f41cee5ab3580
Training/notumor/Tr-no_0851.jpg,notumor,2f94091c3dd7e715d186ffecfb3d327e64c133866158ff392179f9edf0a31e32
Training/notumor/Tr-no_0852.jpg,notumor,1c3e63f75925d079060da9dcad74463d1ef6f7c4055fb0ff2d4daa2001711425
Training/notumor/Tr-no_0853.jpg,notumor,f74db364f3956e2822098c6aeadfc323301aedd299d42f1d05d73bcbb7def1d9
Training/notumor/Tr-no_0854.jpg,notumor,ec0ec5fefeaa88f1ccee4e0b117c21e422a575a8b4f1e03a54a36ec2edeb4340
Training/notumor/Tr-no_0855.jpg,notumor,64db7ecf017244f551f8757fef667bc2b3b233dfcdad83fcaf14e70f899d2533
Training/notumor/Tr-no_0856.jpg,notumor,3ddeea6a885fe0abe47b3ae14f4694a85e7b4a5cc2b43cb5407288ffc585a62c
Training/notumor/Tr-no_0857.jpg,notumor,216144235f80341092abdc4fd447133b0981352ced3a46f0edc78ba423031585
Training/notumor/Tr-no_0858.jpg,notumor,ceea03f4f2c5bbdfba1265c1eb9109decf59c27341816ccb63eeb75a2400401c
Training/notumor/Tr-no_0859.jpg,notumor,1c8c8783a6f563b0dbcd65ec42b1f7dda4d87822f9c397762fa62f3e2e447976
Training/notumor/Tr-no_0860.jpg,notumor,06bd8d4416302dd9ff6db20ab8a2e21b9940587ededa62dd73290f488b98915d
Training/notumor/Tr-no_0861.jpg,notumor,121f276186123104940c0e2aaa776dad03241d480faf51f422e6adf555d97797
Training/notumor/Tr-no_0862.jpg,notumor,b611e99a6e3bfc6412d3e023e81cc8bf3f987162a8cb602cb718e8dab11da24e
Training/notumor/Tr-no_0863.jpg,notumor,d7b43e8560c0be4667477174fa078bf811a9bda6d92b2cf62f334c783f6e59fe
Training/notumor/Tr-no_0864.jpg,notumor,9e3ef8b3dacc3d4f92b27370f8ecced01626827073e4e4bd44f8970884f5c791
Training/notumor/Tr-no_0865.jpg,notumor,158d04e6d973c091b89089703626b1eb39b0ebc73d43356b6cb1524f89b28a4b
Training/notumor/Tr-no_0868.jpg,notumor,75c2a48a3e922f47d95cd237eb578bae9b5ce17d5d451638c232fcb6d1f72413
Training/notumor/Tr-no_0869.jpg,notumor,081bcfab26e876dc90e39f896ed745bc3436d417207ac401ab9963def15b95b8
Training/notumor/Tr-no_0870.jpg,notumor,6b47a02dcff598db0a13519a4bbd5998fcb749c409338cfaec145b86a10aa4bd
Training/notumor/Tr-no_0871.jpg,notumor,60a26980077fb81c2b22a7a836a45a929a2e7e2768568d8f3c492fc7abef78e5
Training/notumor/Tr-no_0872.jpg,notumor,215f21ab7cf00415d45f282feac924265d603efb54021a785f7bd4ebdeb32b4f
Training/notumor/Tr-no_0873.jpg,notumor,998e5187eacfd2de5ffa84de58e20220620e70fac2d9900d9999abef6ad16a4f
Training/notumor/Tr-no_0874.jpg,notumor,07066a9fbd5996b6a2db1f21ad2cb12f9c324e68619eaea954ea610b216b217f
Training/notumor/Tr-no_0875.jpg,notumor,c187507616186b4a2e341158a41f000310d2665e522ae2cc7412fc8c0ec2b61b
Training/notumor/Tr-no_0876.jpg,notumor,1046691dbc5f4354039ab7a946f1c13ba1f0021cde258cf5a1fbe7611528b3bb
Training/notumor/Tr-no_0877.jpg,notumor,9e16dfeb865c44a91f37fe814f3f06a0989311ca2a348bbb0d132dc3800f9d9d
Training/notumor/Tr-no_0878.jpg,notumor,27ae033b50d7841f4418ed2ad22cd57dfac9b8518673e4d21509a2051c0ca342
Training/notumor/Tr-no_0879.jpg,notumor,be6ad251baa43cf4e22fe2382ba975783c01feb86b3cd27d34ebeb1875b5ac91
Training/notumor/Tr-no_0880.jpg,notumor,06c0e51c24274c29260fc2918eb708cc7abf60c3da05817ff502766f95022d8e
Training/notumor/Tr-no_0881.jpg,notumor,ae6a6d1d8c7502e38409b07c5336357a9160c8f11216c608f964c48551f15d79
Training/notumor/Tr-no_0882.jpg,notumor,c850a227b64a6c11c0642843de07d325ad88beac905d627409afb6a7863e2bbb
Training/notumor/Tr-no_0883.jpg,notumor,65c81149e99d99a9824ab86687788b641c72e7f426c5c6f805b05c6f5643b71d
Training/notumor/Tr-no_0884.jpg,notumor,87af705517a5acacab234a905b0f70d3d420fbd3d9af48817207503bd724d828
Training/notumor/Tr-no_0885.jpg,notumor,ae01d9f5e34679aab4488d7f0b6c41dcf9a3940e38aa706e5d980f988f7a3c37
Training/notumor/Tr-no_0886.jpg,notumor,60ec4e67e4c126c8889cb5321148433359a7256cedec00f1da9fe70e5ec52523
Training/notumor/Tr-no_0887.jpg,notumor,9e76a3bb0eee7e347d9c9ffb43350326d3e8eafa266aec9ad54f181cc3c7e8b7
Training/notumor/Tr-no_0888.jpg,notumor,dd8464bb81f9b983e6606da57006afc90d138b0d0d36a53bf92d39c2ad873413
Training/notumor/Tr-no_0889.jpg,notumor,874e7c23b35e4c0e6aa61a39cdd6bd551643ac0a3a0c23931c82d5f9ef05e56e
Training/notumor/Tr-no_0890.jpg,notumor,bbad9f3675757537d7df4ca3e8fffd004972709f3aa5c11cdea4957980d43134
Training/notumor/Tr-no_0891.jpg,notumor,9a4f751424c4a7d903f01cfaaf53d612f4ad88c6352446e85e0a5cc2bd67ef18
Training/notumor/Tr-no_0892.jpg,notumor,5b888a14a1cf61e384b5b5e8621ce6eeb3fa21d7f79f35883dace9181b576fa6
Training/notumor/Tr-no_0893.jpg,notumor,7e717f1cca7d05e22d1ad8d7b5ae40ab68bc9e36e3c5dcf35e6b5f5157e555d8
Training/notumor/Tr-no_0894.jpg,notumor,2ced89e5989f75f70abe892181d5fb9ce00d06b8af4849ad145ec5590ceaef36
Training/notumor/Tr-no_0895.jpg,notumor,d2bcef19c77e53fd723fb69d3bf34f22b9cc2a6538d8b91f8d82bc6084785ae2
Training/notumor/Tr-no_0896.jpg,notumor,aa1ab88b5dd2c99bfa434bf6df0d14c186bae4f2ca1b1a28eb9f8eabab8e8948
Training/notumor/Tr-no_0899.jpg,notumor,42f57c5489cadea13c23631c5a65b58d44b265478abf924373b577c11e682fab
Training/notumor/Tr-no_0900.jpg,notumor,d6928d1b3af3b0d3b06a7fea89a0990ab7bbc5739de25a72deeb109c52d20b95
Training/notumor/Tr-no_0901.jpg,notumor,238498fbbf7fa7715a69ca463c2696a27043f88c213975b232c10e938ce0ef21
Training/notumor/Tr-no_0903.jpg,notumor,cd2a52dc694609b8207c424774ccfe97c9cbc09338198175141cc13da1f4c8e5
Training/notumor/Tr-no_0904.jpg,notumor,125242e04e2478a6f51603858a639ef269f8027588686d002da096eddebdb371
Training/notumor/Tr-no_0906.jpg,notumor,9fad6d5f45ef9a1342e0a6bef1a6dae547f2f20115fc800dd1c88f88bf06df01
Training/notumor/Tr-no_0907.jpg,notumor,696741154e452a20115cc6ccf501cf8f0002f8d5d3d3eb26118c6d6f28446fc4
Training/notumor/Tr-no_0908.jpg,notumor,ee8aaf3f319d48b882744bbe13ae380df49b2c753de1ef75f925fd9fff0629f1
Training/notumor/Tr-no_0909.jpg,notumor,ac8f48d2acbfe09e5173341ec37ac01ad6790d1bb5c91df6c5a7577f3a43a718
Training/notumor/Tr-no_0910.jpg,notumor,6fb3bb7facb4a1ce49bd7fe43e2e9e426bdddb9cdcaa48b3462d80367dc60511
Training/notumor/Tr-no_0911.jpg,notumor,64491133e54022954317a012d8ab85e0932dd06b361d39b2f3a46dd7d808032c
Training/notumor/Tr-no_0912.jpg,notumor,c41a3a80c2b79e5aa8ab08f5773bcf1df8e4d75511a50676895cd77f4965a7d7
Training/notumor/Tr-no_0913.jpg,notumor,2c8205977954fc5ff8c7996076d037e894a682500a67143b40250f19cda87a45
Training/notumor/Tr-no_0914.jpg,notumor,008621858a0f998debf392faccc3b430b2971ec9ff7f8108391b22f35f787d16
Training/notumor/Tr-no_0916.jpg,notumor,a73f738967070b5a96649b06a87ec7557fa62617775b0c3c16a68dfce74bfa04
Training/notumor/Tr-no_0917.jpg,notumor,1e044e724e7a39067eb86dd8df724afc45fa6a7eb1a8254f9faf4056d73a14fd
Training/notumor/Tr-no_0918.jpg,notumor,03c8ba33e9897774838b68c219dacfbcb795d01b6643f309edce8c86fd992751
Training/notumor/Tr-no_0919.jpg,notumor,8b6670d9bdda88176944dd291811f53484fad0f8dbebf7bc0b3b223ded24f56b
Training/notumor/Tr-no_0920.jpg,notumor,fd8bbea7165cd7d8457e8096e44b73ba4430a8785fc5092f652bbb8e7f685f0b
Training/notumor/Tr-no_0921.jpg,notumor,325eb22cf5cd99f6c571b8df642f96dc5fa1ea1bbeb3962e0eb12066510e1dc4
Training/notumor/Tr-no_0922.jpg,notumor,c0d1e5abda85523b9d0dbe2bccc28a00e966e0f67a3e4168e39ad497ac7158e1
Training/notumor/Tr-no_0923.jpg,notumor,7ab0b7d284bfb14d725dfaa77f95f937e3e30da801971e80434021fc308d2c3b
Training/notumor/Tr-no_0924.jpg,notumor,0e21af3f99c0db75a5552eaacb6237f11240d5b32eb92db648971477f49c6e3b
Training/notumor/Tr-no_0925.jpg,notumor,bca46d27cc9a486f55a197c8c55e98a205f977151fa337b08646d6c393f1e6ec
Training/notumor/Tr-no_0926.jpg,notumor,691d68f037d4b2d725d164c8e3fa073eb4e59fe8ad7ec62bcf73909f0ce4520c
Training/notumor/Tr-no_0927.jpg,notumor,519722d60cde110ce1433c3bed764fcbd4f494f3ae5b19a237e06dd45503bc97
Training/notumor/Tr-no_0928.jpg,notumor,ad525a5529e5de143901e8c253446b981e9604776a6e2f9fb4963e9cec69de44
Training/notumor/Tr-no_0929.jpg,notumor,a2851299bdc7e8f89c38d4f2c224ceefed497be95a022b9cf367af178464cb21
Training/notumor/Tr-no_0930.jpg,notumor,efbf14514572ed899be487bedbc3a9ea627f89639a10c7f706a7a8a402732c14
Training/notumor/Tr-no_0931.jpg,notumor,80e201fae2dae2953697e104658c5fa26260cb81c624b464c0cc50428babda66
Training/notumor/Tr-no_0933.jpg,notumor,fb4f36cec8b0123a1579e9e02160a16a20e2c63b10241c496059f3b31148f359
Training/notumor/Tr-no_0934.jpg,notumor,c4ef1121f664289e8787ab63a3ff7c4fd5cf6c7ad7e7ca827c9a828285792bd7
Training/notumor/Tr-no_0935.jpg,notumor,5d77ea8169be6d8ec11abfd8ab5cce778309f60571069554a7a1dddda0f6586f
Training/notumor/Tr-no_0936.jpg,notumor,79fe7fdc4259ed31881bd31a2d5132a026d570e5d2dd91111dbefcae08b08c51
Training/notumor/Tr-no_0938.jpg,notumor,9de09993bc50d17ad3ddb2fd4202b758bad8f3c10fbf7a5aabb4a82b1e34eafc
Training/notumor/Tr-no_0939.jpg,notumor,f02decb2f38f7b0dcf3d05495e0c72e296fc0bad5ec66c5343e17af3692521a9
Training/notumor/Tr-no_0940.jpg,notumor,4215a056888ab3ce72818e5b604cad965a3ae6026ede59e5752ac55cbbceb389
Training/notumor/Tr-no_0941.jpg,notumor,02c8798f25febf7249e74bed752f4a25e205e674a647f0f37e2ba2b7cdcea275
Training/notumor/Tr-no_0942.jpg,notumor,449aa7997cfee77d779ecabffa0ea767732891158b4c9e1f499604573b56b93a
Training/notumor/Tr-no_0943.jpg,notumor,54e5ce4998356731dc854e82110bf8480f60323fcf900f4195f06081050f1802
Training/notumor/Tr-no_0944.jpg,notumor,6a3a0cec7ffa86b5e0e3170d728c367031a478ba92c1af75eeabc1deec3e7722
Training/notumor/Tr-no_0945.jpg,notumor,c2ba1e2132c272097f3b8ed80fbe3a13c932c20e0a058859fd9956702153048d
Training/notumor/Tr-no_0946.jpg,notumor,5c8b9340710c2d3be8c07eb02cd375d26ede088f74d3c1248c1292ba233c8854
Training/notumor/Tr-no_0947.jpg,notumor,048e254ee4d567c52d8e12aa00739ad6f8fe7b93a54dc838e5bd812df71dfddb
Training/notumor/Tr-no_0948.jpg,notumor,3638762e35802a4a7eb0ada08c6bd1cdf17f43f5a328d45d9ce7656893659b0a
Training/notumor/Tr-no_0949.jpg,notumor,0f89964adfa577ffc23f9417dc020f6d4954be54f0e2a4ad2cdef22657ba250f
Training/notumor/Tr-no_0950.jpg,notumor,114cf48b072d2e1983f7354e1a8505c56cfa64e9a4134ba4775aabe16a061e86
Training/notumor/Tr-no_0952.jpg,notumor,2c93d20ef3a295ac3553ad5bffe56076753ee2cb65f30e62022bd5c9ab32dfd4
Training/notumor/Tr-no_0953.jpg,notumor,9de46a6ed6c5c6ce5906890ff1d96ab5a544ec90d95c1712812889b72cc3593f
Training/notumor/Tr-no_0954.jpg,notumor,39e0e05182312576de8b46eea9c6b96908335a0ae2f4d25d50d86143b900d874
Training/notumor/Tr-no_0955.jpg,notumor,944929c7b08e3c51e615e6c37b9f6fe5cd534c647c7428906caf9213a7730d73
Training/notumor/Tr-no_0956.jpg,notumor,f70a80aea49fb68fdb3068eb134dda5bf5d4cea9075947e2c7e020e9d4adbad4
Training/notumor/Tr-no_0957.jpg,notumor,a4ed4586d703009da60b5a21b1202e9b828cf9e49bb29ccf38deb34756ce035e
Training/notumor/Tr-no_0958.jpg,notumor,fee91ce33fea3d3b942c9b8d7dd62f568590e9913a2862839f6655a5bea2c881
Training/notumor/Tr-no_0959.jpg,notumor,7586d1abc51137bd6659b59e83a38e9561fbe09cf300944459f4f08ccb56cae1
Training/notumor/Tr-no_0961.jpg,notumor,04d198008786b8d2c347edd4d2f4273cbcebbe7085a1837c6cb91db5a0219e23
Training/notumor/Tr-no_0963.jpg,notumor,8f4cf973bfd136232b43355b77f880e958cb6f5abd0f4f27bab19519deb794b2
Training/notumor/Tr-no_0975.jpg,notumor,5a3188e76509aef2e0668b515b6d88786e7f9e61aaf49f02f083e842ffbd4235
Training/notumor/Tr-no_0976.jpg,notumor,59b4ee83e5a97d77ddb3ea2c1036f578bc8fa9dd0b0e9896a346b74b7d511ad7
Training/notumor/Tr-no_0986.jpg,notumor,42c0923d95ea398b1e00bc74e55fc93c23b42d8a10d623b66150bfbe4c9fbee1
Training/notumor/Tr-no_0987.jpg,notumor,f9b574830e8bd289b44901ea99397d73d1d146b7c25d7e024966795180a49642
Training/notumor/Tr-no_0990.jpg,notumor,bbff47f934ea46331f73aff755f7f95f2092f7752e12073be33506a0401194f2
Training/notumor/Tr-no_0991.jpg,notumor,c9d574a467241cb359d2359735e7e00ab4b44579d46454b73c6373ca6f5f1777
Training/notumor/Tr-no_0992.jpg,notumor,bfcce139b2b992882ed67161669f89684eb87db34f22faf7ef5cd54f7f45b38f
Training/notumor/Tr-no_0993.jpg,notumor,c9687992fb9b08ab473b261f402dcf5c196db74f8f5b0a68a8dde724e6a58280
Training/notumor/Tr-no_0996.jpg,notumor,e34b6fd8d386909b5697d82c506f20094d1fdbde49009baf7dfb2009fa43d07e
Training/notumor/Tr-no_0999.jpg,notumor,7bd4d5d58606af2e040836ab4dd73e35130ec425c538d619dc514f5494d84c39
Training/notumor/Tr-no_1000.jpg,notumor,cf295c8a79eac47c584277004796711036d122ae829ceaca90099f1ec93f3884
Training/notumor/Tr-no_1001.jpg,notumor,6a028c0cf05b9ab47b44da36f2e934eaf2810f6c5fd00f98505a5925075d0256
Training/notumor/Tr-no_1002.jpg,notumor,f215d878500f122adf52a6e15d62144cd3d433208061903edfffa64fc6cd71bc
Training/notumor/Tr-no_1003.jpg,notumor,96eb6967090f99bcc7806d2bf9f194abcd66c9de089a1f642c1939cbc11e727b
Training/notumor/Tr-no_1005.jpg,notumor,744e69af8593f89a1e772aff23b8b52beef043f419337b5514ad90f4e0af748a
Training/notumor/Tr-no_1006.jpg,notumor,0223943a2b28b7ae5e7836f590dc9d3576b2b80202392a3692f2b4df830ab50e
Training/notumor/Tr-no_1007.jpg,notumor,f5c726bbddf4d79e8bb409819967264cd5b591e23f83d1ec78e3c847febda891
Training/notumor/Tr-no_1009.jpg,notumor,04248c478f495a3c88d414971223bcb94f659a66cf6a47fc22918ea94559e154
Training/notumor/Tr-no_1010.jpg,notumor,19e8748780ca3019a4dbf5e876c2ee31bcfa17d44967ee7ba23211865e271720
Training/notumor/Tr-no_1011.jpg,notumor,10546b7ed6867429b6685d4d246dadf04b0f66f900ed197a68bd9f8a29e40ce3
Training/notumor/Tr-no_1012.jpg,notumor,9f1843e9d1a4ed476714ed37cb22b406993a1e05b6a0869f052d46ad1e287836
Training/notumor/Tr-no_1013.jpg,notumor,e3e6a073b081f5d7fc2fad33e3c2337ebfc8cd327a7b44ad9e6bf0313a32e600
Training/notumor/Tr-no_1014.jpg,notumor,79d7586597473b154fa184970a2b90b41dc65e931356111c1a57620cc0ebccb4
Training/notumor/Tr-no_1015.jpg,notumor,3b098b0d2bee33d7fc3864ad7367a71538983f2b06eb83a23d72fa49a7ff5d3c
Training/notumor/Tr-no_1016.jpg,notumor,f6b9367846473d64daf63aac8580e1c9ba73d2000d8aaa1d715a118a3a8f0ca9
Training/notumor/Tr-no_1017.jpg,notumor,cc897565e991fd55c19b65310168a2b24bc37201e27634528d424e7b086edd70
Training/notumor/Tr-no_1021.jpg,notumor,7982b903d79440f68acb9e493c7e8c16b62d80cbef5231a1a01e9a6625158a84
Training/notumor/Tr-no_1022.jpg,notumor,5e984e1fb53f99176d490aa0122a7ebe4f5421c3f1dfe2d0e865efe621b67884
Training/notumor/Tr-no_1023.jpg,notumor,ab01efa9ce7ad51de522ba8cafa0de7d46ce3332215227459fa9e5794b9ce053
Training/notumor/Tr-no_1025.jpg,notumor,5933c7d02ae930f37d29bbe67bff5dd2890344a5c839c03ce3281a428a9c514d
Training/notumor/Tr-no_1026.jpg,notumor,c8280173142dbe052a428603990c3124edc9700d71fc33ed07975f164e07db50
Training/notumor/Tr-no_1029.jpg,notumor,e615defa5c0de164da4b279d1c8d9102250cd5b5189de0f5ca4596e7dc90fca2
Training/notumor/Tr-no_1030.jpg,notumor,173a41b949f0af0ea4e90b335de0e1885e92e9ad296cd59ab88646ac39e17fc7
Training/notumor/Tr-no_1031.jpg,notumor,3163618e3155c4d97bfb4719da81fcc720a161d43a4c2a853e9b7d07064849fe
Training/notumor/Tr-no_1033.jpg,notumor,ab2d50ea056994dda708a30bdd4b295da8c91653da936dcaa5474f5a077a5ab1
Training/notumor/Tr-no_1034.jpg,notumor,d65b09e2ad414b8c2489207954eaf7887b054f6640ce8d03ad3d83bbdbaa3304
Training/notumor/Tr-no_1035.jpg,notumor,1baef946656a32a680aea48c0b6536e74e5f9cc5bb69ceeb549b7247dea39184
Training/notumor/Tr-no_1036.jpg,notumor,cadc69402b71fdafac567216ada1281c48858cc5bde7b3b941fdf9c6bca09202
Training/notumor/Tr-no_1038.jpg,notumor,b494332cd5c534f3c093f5f26b9dacabad2119be1d8a0e955843adf647c9315d
Training/notumor/Tr-no_1042.jpg,notumor,e89b26e1115b48189869aaf3a7d3272fc90268ac400a2b36728cb106d9867858
Training/notumor/Tr-no_1043.jpg,notumor,0bbe8a2a1bfa6dd268852dee167c8e309391550370ef8dc656c360f260669abf
Training/notumor/Tr-no_1044.jpg,notumor,e068f498bea26909af4a8a27973cbcf12680252b353288f2f17f92e6bea663a8
Training/notumor/Tr-no_1045.jpg,notumor,9519716335d92af19b045426a223124da676fdab837698ebd2aa0026c647620d
Training/notumor/Tr-no_1046.jpg,notumor,4cfec6cb822f28e3e61f07804637656fa1545a67e0c6e54f38cfea363c33e35c
Training/notumor/Tr-no_1048.jpg,notumor,6b8f5ec5f96e63fb543ffb0fef90857004942af0c44839abf5b9ad297b161da1
Training/notumor/Tr-no_1051.jpg,notumor,3e7a6a53891855f9773da2427b7621464e87e48634af7203ae4416761d087b60
Training/notumor/Tr-no_1061.jpg,notumor,743457a3776a3e16f567e63bfda50f51e5a4f2eeef0f5f7bd8904c0d90387cdb
Training/notumor/Tr-no_1062.jpg,notumor,dd1bcc161b9ba29c97ec751de774e8d7e8b7e3d89798d0e915697d92f9925531
Training/notumor/Tr-no_1065.jpg,notumor,8a7eb14a7e419d4a71874ff2da3bf8a0e56b44d237f558720f9ad516f27b151c
Training/notumor/Tr-no_1074.jpg,notumor,46e2b5f4f2ffc80a80a948ac0d47a6c41f183f9edcd26e81408bb56f1b78bc3d
Training/notumor/Tr-no_1075.jpg,notumor,2d07d5dc31a6f83f8119f83bb45d75666c3b905eafab47609e407daf9951fd4a
Training/notumor/Tr-no_1076.jpg,notumor,7fee25502789cdb5539576d02fe3aa3ee9789559ded65b8fc7d67606d69f7ff0
Training/notumor/Tr-no_1085.jpg,notumor,912cec46265a5793dd381105a63596ed462bb13e92cd61b8dc51c942a5f063fe
Training/notumor/Tr-no_1086.jpg,notumor,d09b93a696c411e0ef88f7c979f07cc83a82ff8e5c468c186ae253dd8fd38127
Training/notumor/Tr-no_1087.jpg,notumor,01d1c6fbd532ffcffc8e8a12c8ce33f0f06a18d934e6a8eefd129837a318346e
Training/notumor/Tr-no_1097.jpg,notumor,4de73fbc94cb122829e9387d79a8260ac35bbf5f63e835c61764fb14cdbe2dfe
Training/notumor/Tr-no_1099.jpg,notumor,1b7214f86e5142ba4e52fbf7c0aa24b059e0896cf664df6b6236dc8960ac75dd
Training/notumor/Tr-no_1105.jpg,notumor,16d05c87bffe4fdd3313816728a6bcd3dbf3fa69a337a261937bffff184828dc
Training/notumor/Tr-no_1109.jpg,notumor,6a4b29fe5a2a1f98fc7e9f7c0a0f4af0b2f44ba0937e81a87d18a666d167ae91
Training/notumor/Tr-no_1111.jpg,notumor,cf67016627aedb51ffebc80d18bd21cba9dd61030788044907229b758e75d004
Training/notumor/Tr-no_1112.jpg,notumor,c3da82d44359f4a1507b3e235886d2e0e555d0d31fb27a32bb20e6937d401dfc
Training/notumor/Tr-no_1120.jpg,notumor,1afec70a83c19e1f4fe2523c1470ec69528745d5c2e21a032d2eaba4b7595d90
Training/notumor/Tr-no_1124.jpg,notumor,ef8c79a52597147b71ba5d0e448c12f65b359f71a3222ba2f255c3205ab2abd4
Training/notumor/Tr-no_1134.jpg,notumor,220e62fca790bcec10dd87a812af63ee18019ee2a711dd3101602743e556b07b
Training/notumor/Tr-no_1154.jpg,notumor,e130cfc24e95713dda3b1d5df0143d1a50a63e68c0e915f64d2a83a65a8e7524
Training/notumor/Tr-no_1160.jpg,notumor,0f89225efd176c55d0a06bdeb4c54b455a42921f86aa1f41deebc23f32e9275c
Training/notumor/Tr-no_1165.jpg,notumor,0df4c84f9c3a7e9fab1197ba6b9f31d1be65429c719ee296b7c884b51f2e9c60
Training/notumor/Tr-no_1167.jpg,notumor,f305c895d86e72b70bdf6f2821e2a2b6aecfc7e68439909484bcf3f31309152b
Training/notumor/Tr-no_1175.jpg,notumor,29504dbbe42208cd4a37cf150c088b005656454befe4015caa1a94c2b2d7c0eb
Training/notumor/Tr-no_1176.jpg,notumor,96c0b12ceaca65c8647e28dd45d269f3c320b99784bad067ebaf03f1c264a11d
Training/notumor/Tr-no_1180.jpg,notumor,e5c87d653a311de04785f51edbebb5cd06276ca38494f6a056e930f83015c46f
Training/notumor/Tr-no_1184.jpg,notumor,3aba3fb7333c274490ed972905597b9be21c9413803816f4e0d7db2886d8544f
Training/notumor/Tr-no_1185.jpg,notumor,a2e2c286c831cecbc9b4711f56aca139a9448724de18021654032784414fafbe
Training/notumor/Tr-no_1186.jpg,notumor,86f1acd7e6ff5e5f800ac718af1deee21ed2029aa3759cf5d931c3957d21d547
Training/notumor/Tr-no_1189.jpg,notumor,56d1040bd866a4d323a2c51a67f8be4d46b499d9271187f5a56ad5b2576dce45
Training/notumor/Tr-no_1190.jpg,notumor,893cca9d9dd93b1ec90d8b2b6e4ec17638153c4603c32e8b304bfc05aa8a42bc
Training/notumor/Tr-no_1191.jpg,notumor,1e9a68698f333ad8cf041620d3b9ecdfccc60154aa5adf215dc047b1ce16a8ef
Training/notumor/Tr-no_1192.jpg,notumor,1282b728ea8af80b1d72048d4535d7dc555e03caad8f6a8bd5deb03f9f3084e6
Training/notumor/Tr-no_1194.jpg,notumor,23ad945a2fba6972b2eaa9c6983f7b4cae45bb6573c7ba34d8372a06657e8c4b
Training/notumor/Tr-no_1195.jpg,notumor,71e009bf2b7388807dc1a7ea4543c59669e6e051b4f704c9fb7ad64e25ec2d4e
Training/notumor/Tr-no_1196.jpg,notumor,53121673ed6187260bc522e3b7e5f801f255ab0cfdfbc861849cd8f3f752fce8
Training/notumor/Tr-no_1199.jpg,notumor,4899e88fcfb9cbc13d3b4bc9528a1bcad65d42500b08a83f2de83e9dc8337b13
Training/notumor/Tr-no_1200.jpg,notumor,bd8280d85bf403a6647487a1911e3045e1b4a094a01de18aa0c3ef67c6fd0f3d
Training/notumor/Tr-no_1201.jpg,notumor,8d05b166ca62499ea2da6f109fcf0d38e4eb8f8505964add2078cb4fd246fcdf
Training/notumor/Tr-no_1202.jpg,notumor,fee5edb18380168ce398b6a4662ec6d59d79cc787aaa5640b9c5a78aefbf50e5
Training/notumor/Tr-no_1203.jpg,notumor,7656c4aaa80937bc0135b900897e98862c15ef668d9db3c301d81bd05bae1cdb
Training/notumor/Tr-no_1205.jpg,notumor,518245b468a13675f104390acccc8b631faa0cd5a2a061b6b86f3110fc691fe0
Training/notumor/Tr-no_1206.jpg,notumor,7885b62a460199a352cb9df4117bae2b9cd9b2354614805f1b17bcf2cbcbe5e2
Training/notumor/Tr-no_1207.jpg,notumor,f71a379e1d54e9eea8f531389fabc0915f6bdd6dba69659bc21b2ee2de9b6b32
Training/notumor/Tr-no_1208.jpg,notumor,6b5118bc2c05b7d260c614a5b1f8e15edd4cf7ecf687ebd1b30049df1c3c10b7
Training/notumor/Tr-no_1209.jpg,notumor,b944ccb1f8b4c09fb5231419837ef912d06e10d001ef0768cfc227c0e80d8e7f
Training/notumor/Tr-no_1211.jpg,notumor,e55bb9a6583a9504dbc7db02b03c81ff314943755f5b14faf4b405a61daf4edc
Training/notumor/Tr-no_1213.jpg,notumor,22172f933e947add6f66a689d6924fc7dbfbe7824d31779d5755e4c5a2faf349
Training/notumor/Tr-no_1214.jpg,notumor,39b8c88b93b1b64f6b83da51843937c211ae28c489edabeedf694959f7d80b1b
Training/notumor/Tr-no_1215.jpg,notumor,46b3792a79c61057a09aff260024f7919e41e13308a1417dae4d74785cb5da35
Training/notumor/Tr-no_1216.jpg,notumor,c48e0a107f985bec88dd81d6f27432ad61539aa516c4396a71fe9e55cdce351d
Training/notumor/Tr-no_1217.jpg,notumor,7a5a26a0032039fc8f9ee00aba86460ae5a65edf95e3febadb9bea5baf5b5e31
Training/notumor/Tr-no_1218.jpg,notumor,5251cbe73ab9ba7b7c06c268b4c46b8741b7655d52eb5210373cc470ced739fb
Training/notumor/Tr-no_1219.jpg,notumor,7e9376ca19b889811fd5c904b731fdea1e313413ee1ac882008847ae926d2773
Training/notumor/Tr-no_1220.jpg,notumor,96152c5bfbd1d53c62398db5e62854e91456ab467fa5c504cce204ee4b6b0646
Training/notumor/Tr-no_1221.jpg,notumor,29640e5630fc34bacfcabe9e4669020c44be5f2223d93432b4b89df1077126bd
Training/notumor/Tr-no_1222.jpg,notumor,138da28f706b893f2bbc65877117e7c456ff3df7d406b2b065a710027b92c050
Training/notumor/Tr-no_1223.jpg,notumor,216effa15cdd3f403ec9c5423d503cb8081c11123e02952b2068fe80b68eef4d
Training/notumor/Tr-no_1224.jpg,notumor,ca06f964bab906298da01a46237016884198562f55086c0e465f7a9aa23228a0
Training/notumor/Tr-no_1227.jpg,notumor,389a371de918ef6f7e1f4088657a2845c37e655c5c2472bfd2238a0c4eb2933e
Training/notumor/Tr-no_1231.jpg,notumor,6aa103ff2ff051edcb48349b226b15b64fc0ae5382a33de8339f31429b899d41
Training/notumor/Tr-no_1232.jpg,notumor,8f4c7f1f6533019316f71d734eeca9a4f4cb5b066bf91295d7ec98e4e7223e68
Training/notumor/Tr-no_1233.jpg,notumor,2e8a7a42d1d1b5cac0644c89fbb29a570ae282b9ef66500f8340ec8220468367
Training/notumor/Tr-no_1235.jpg,notumor,0278e9fafedb70f3338d0813b1dc4b2793bddfbef955e6a9af860d43d2ecee36
Training/notumor/Tr-no_1236.jpg,notumor,a965bc16995def531b0b94dcf46eb46ebcb15e1c485efebcaed5081aea06b23d
Training/notumor/Tr-no_1237.jpg,notumor,e5d0461d84fcaff5702c3ceab42d533eb7fcfde3242579d9862bf2262609c6c0
Training/notumor/Tr-no_1238.jpg,notumor,68e4a6e2fa36af0cda6ca472fd6f94eb84b7fbc4d808032b0ebf9952727c164d
Training/notumor/Tr-no_1239.jpg,notumor,5e74a27d2103751a8dc39c59bc9a8effacb82c3914a6fc78c2d55e3c77703f84
Training/notumor/Tr-no_1240.jpg,notumor,49162a07e2f8acbe34d48d550a1cb52fd3c916136d7d4988e4d0db5595aaee47
Training/notumor/Tr-no_1241.jpg,notumor,580738fcbb7a6e65340fbdaea4ee0132ec6bacde94a82139d80c5cd4d9291524
Training/notumor/Tr-no_1242.jpg,notumor,d47e918928c4d21e7e6d266c1ce4013a9a99a0417eeca7680abdf3ae56ebf713
Training/notumor/Tr-no_1243.jpg,notumor,7fb3ddbb14d06fc17f27a24c124031463b8a5d410877d272495a460de1c5b841
Training/notumor/Tr-no_1244.jpg,notumor,b40c80842358663ba771d188038e44454bf6fcb5654ba953a6a2b946f9c65c3f
Training/notumor/Tr-no_1246.jpg,notumor,c147c084cf14afcea5ea73fb631b934a52626df039f6c43f08f9c17c94c683fa
Training/notumor/Tr-no_1247.jpg,notumor,0f2549d28e6393bec633a58842b5410e2d73c5dd7b3a35cdaca4745e9aa37726
Training/notumor/Tr-no_1248.jpg,notumor,91a564e72b7cd02bfd3d14592d0ac4ad84ee2b8e44bc5c1479f269e2f1ef0acd
Training/notumor/Tr-no_1249.jpg,notumor,7fc77a030dc7e2098bc82150d298940040ab470f13fc7eeeb0e5bb876e767b84
Training/notumor/Tr-no_1250.jpg,notumor,2a85269a7484f04608c93c57c46bfd8f28a0c411189cd5cb2d1eb4e13be1a42a
Training/notumor/Tr-no_1251.jpg,notumor,e1b254a21bc888bd0a4ecfc378a9416b7844b06baaa7f7a13d63bcaae871e5e9
Training/notumor/Tr-no_1252.jpg,notumor,7adf2a6f7adfa45e65caf2818e2afccca62b96c370a254de3c860a154cc756f4
Training/notumor/Tr-no_1253.jpg,notumor,ed3d377bbe7b539af48204acad6a3c6089978f523bb8e4934e9dc367f95ab8ab
Training/notumor/Tr-no_1255.jpg,notumor,9abc17e36fae0216bb2b2fe2829af1d92f05cf2db522947070e88f7ade9f266a
Training/notumor/Tr-no_1258.jpg,notumor,da242ce7b5523961d341ba274f4e87382e856a8223aa0e4793000ae2c8b4ed40
Training/notumor/Tr-no_1260.jpg,notumor,b2fd5ee388ee55d2379d51713bed67a7cca266291e8f3a8c6a1fbeef449f49e4
Training/notumor/Tr-no_1262.jpg,notumor,6ee6a66bde9c2bdff02b49daeceec936aa338c75df519148b7255a391d4a7c2b
Training/notumor/Tr-no_1263.jpg,notumor,94d9a27262d2e96031f87785b92cd3bb889216e5a16f27c07064ec37e8489c14
Training/notumor/Tr-no_1264.jpg,notumor,a85697f68f9915cb255d94d8fd874b23aaebf2ef6f89eef06521cc9a16af32d7
Training/notumor/Tr-no_1265.jpg,notumor,d8642f2eb5e48b9def1b8ae3adfb53ffc462a1f98202ae944382aaa4ad12e0fd
Training/notumor/Tr-no_1267.jpg,notumor,473ca73a3383ab0c3be65edf0afd0d24739cf53086fea2236221a84161ce13b3
Training/notumor/Tr-no_1269.jpg,notumor,eb24722154a51b65511c985ab4989d7b85d6da4c4b92118c9d451589e22ed859
Training/notumor/Tr-no_1270.jpg,notumor,a03a70e8f62edf2dd3e60adf6f1c193075ee0c0b8ddef1e16151cd27e0c23746
Training/notumor/Tr-no_1271.jpg,notumor,ba0eb3efd6559c9ca78d043c9e7d29646f87eda93d6e0966b0b4e2edbb74f210
Training/notumor/Tr-no_1272.jpg,notumor,f015cab76c9b8378ef66902ba7829a46925e85719d87f78b3be4dfd897e4ba70
Training/notumor/Tr-no_1273.jpg,notumor,3780abe010fcbb94ea719d0b01278f42e93c9f838644b4463cc0f57bdebb152b
Training/notumor/Tr-no_1274.jpg,notumor,86da65eee3ebc97960b0744f0fe9d743dd1303138da51a795ddb912ccfcca939
Training/notumor/Tr-no_1275.jpg,notumor,414705b05592d4ac130c7e518f8ed6372819e8be0b7d6e6d7a706fb96503047b
Training/notumor/Tr-no_1276.jpg,notumor,b2b557367e280104aa990ff5b1116471c9a0895e48c6bad01725b8b14c138fb2
Training/notumor/Tr-no_1277.jpg,notumor,1e8c600c9e7421f1308e2d10a8854ba8b86e52d312dbce15358948bcc9c901fd
Training/notumor/Tr-no_1278.jpg,notumor,02c2f0e942534a18965e8bf30f8d17df35b265d5587e8c920d8faed6032e537b
Training/notumor/Tr-no_1279.jpg,notumor,b1baea653235312bb0772cce442121b75030b839ce123dd830e264af4f54f59c
Training/notumor/Tr-no_1280.jpg,notumor,6ce57e5943e2753a1642f6520d7b0b783af337fec0623e2cd4a8c604c17550c6
Training/notumor/Tr-no_1281.jpg,notumor,fb431dc337cae81d48acf600434614115bb4e972a550395b396ff317f8e8523d
Training/notumor/Tr-no_1282.jpg,notumor,73b8d229e52865c8ca3bf6f214c69544c4167f759f1562de40c89947fd7422c5
Training/notumor/Tr-no_1283.jpg,notumor,d10c29554c3eccaeaeff28573a81c71ea09483c27b23ab67693d5e2c1eb8509d
Training/notumor/Tr-no_1285.jpg,notumor,8927ebe063a6ae13a712b63337c07ee2ed17c1f68e4644f1acdd2f9189c27e43
Training/notumor/Tr-no_1286.jpg,notumor,96d55b46d8270ad1b4aceb9069ba23ce65ec2b1c4a9a9763062729715d0e48a9
Training/notumor/Tr-no_1287.jpg,notumor,3a28d8b3e8326826fc551923379d3c249bc39fd2fd8c0def3ee0fb044633c7b3
Training/notumor/Tr-no_1288.jpg,notumor,5f6bdd7669245dd73ea4024663fa2240a13ba3bfc812c6442a23d9067aa96d8d
Training/notumor/Tr-no_1289.jpg,notumor,2da4892ae42747cfdda846378af2e16282996d376d758a5700e8a2c297080a33
Training/notumor/Tr-no_1290.jpg,notumor,88a15f695036adbb23aa18fa0c77fd5a17a349df724e1f53d2048ee3436e60d6
Training/notumor/Tr-no_1291.jpg,notumor,0e5b5a82f0cdfb21eec4ef29b7353f80a4061743d9d3813104bb06331cbe86f4
Training/notumor/Tr-no_1292.jpg,notumor,e0c4e90be96ecadc5b633a6dea95cbafefd17bce417e81291ff9c6e778b621a5
Training/notumor/Tr-no_1293.jpg,notumor,3f9bbd6bcf3ed8d611183024645200a6573970e6c04f9d1cd30e94c98b2bad58
Training/notumor/Tr-no_1295.jpg,notumor,5865295199900345459fc27f5627714da942a67d44d5005f43fb7d31d1f6889c
Training/notumor/Tr-no_1296.jpg,notumor,b3a049210a1a46c61dad530451191928d55038e8a4a6695bcb7d4faaafe74844
Training/notumor/Tr-no_1297.jpg,notumor,7f4893c200922446c40dee9b80d47b7db205c32fd75d613b7271baebb95886e2
Training/notumor/Tr-no_1298.jpg,notumor,ff327029647fe54de0a6bcf042b5f4914eb71fa7d60647fd6aafefedf9fc7fdb
Training/notumor/Tr-no_1299.jpg,notumor,7910d64875068af85b6de1da00b6ded567df9fee073ee903f8b07d2e06b741bf
Training/notumor/Tr-no_1300.jpg,notumor,f1b05dbaf79ef7ed9f35cbc79d1aaedbd07ae94c53f51df118b62061f3eed6e9
Training/notumor/Tr-no_1301.jpg,notumor,ce6093596321b795e9c3eaeddba59cf700e766b11731592c4d9389383b5598ad
Training/notumor/Tr-no_1302.jpg,notumor,c69f02452d498465d7c2da27b4e04a64ddacd7f51bbb4e1cba181e4befa0913d
Training/notumor/Tr-no_1303.jpg,notumor,751d2b331faaa59454c4ee8b5e012ad1c495c1be7813057bec6f9cdfb77f71b7
Training/notumor/Tr-no_1304.jpg,notumor,bc802bac8ff69922680339822c1e173b9c28ad6979a1a648a314a4592ae828af
Training/notumor/Tr-no_1305.jpg,notumor,ad230bf0aebb24de6ceeb950bb13077474db5226b3944333fe425795012f62ac
Training/notumor/Tr-no_1306.jpg,notumor,e6b33fecf8045e0bc7abc70fc15eed83fa7e20cfd8af95ea96b02b46224f97c8
Training/notumor/Tr-no_1307.jpg,notumor,c74e4880a72b8e540582bbbfa648f10a129b661651e61b23c7a0c8534e0229a5
Training/notumor/Tr-no_1308.jpg,notumor,4580b59f02f21e9873f8183f2237a3e489d37061cfd2c4442c3748312af6a8b0
Training/notumor/Tr-no_1309.jpg,notumor,20180c994fd895056939fec0b0f94fcce85e8e81b3fde34a2b59914326796d30
Training/notumor/Tr-no_1310.jpg,notumor,a28f2397c962d7e4207c9239404af0ae174a5e5ef4045ad85e929ad58f721bf8
Training/notumor/Tr-no_1311.jpg,notumor,402fcfa164480358b2e92c40c9d41a18fbb132dca3a09cebe9a24d26cde2ea87
Training/notumor/Tr-no_1313.jpg,notumor,e229f5c11b2985e90bc93a180f67344eb8b8a6230e1ff0a48ff74c3277770869
Training/notumor/Tr-no_1314.jpg,notumor,a3fbebe743b82a3cfdfc22ba77aecec7867a8e773cb7b4a6ef05896a2b0bde8e
Training/notumor/Tr-no_1316.jpg,notumor,84524f431db761466c684c75f26cd438b9ec9c2cc926ae9c87692f2ddb095248
Training/notumor/Tr-no_1317.jpg,notumor,c2353df44f417f9e43873aef86e51eebd9d23863b94766834d210618b89b4b26
Training/notumor/Tr-no_1318.jpg,notumor,6bbd598920e7e8473cd34f3543be8a4d46b4f593ed26935de5daea9fbcbca628
Training/notumor/Tr-no_1319.jpg,notumor,23a2be16cb8ca2772593b365bc3016b5c84aa1267e4fa2d82128678b29bd5904
Training/notumor/Tr-no_1320.jpg,notumor,e69ab02cc85462e6194a6931db2759b14dd1298d708e1f854662d9b85c652397
Training/notumor/Tr-no_1321.jpg,notumor,f7dc467d49233a4fe34bc1a36369250a38a68d54042bc11bd45376cc78ee9bac
Training/notumor/Tr-no_1322.jpg,notumor,925becfda8733c27027b4c4d6e38ad4ef8c0ba136177dbc9e1f0c54f7065ecfc
Training/notumor/Tr-no_1323.jpg,notumor,d1e83afe507db54907646f7b17ad524d821efa3e19343532712870a6c381b339
Training/notumor/Tr-no_1324.jpg,notumor,b1b258f417fb1dd61e6c530031e231bd351464c402ac80ada15642ed3cdbdf71
Training/notumor/Tr-no_1326.jpg,notumor,5320f1056b0c6bed19df56dc3cfdce2f415cc986ce67f2406514a5a9d7cedb40
Training/notumor/Tr-no_1327.jpg,notumor,c021a736b725b0269c03f235df99c88ee35431a429d519c4445d8ea34ab2948c
Training/notumor/Tr-no_1328.jpg,notumor,f96479a07b08255511c3e4df39eebb87ea3d6bc41c0b6a5ddb6f29462a6d22c9
Training/notumor/Tr-no_1329.jpg,notumor,83d7a49f701e50fe38666dd108d3af0b6ef2128c0d6fde14473f39f07ff10197
Training/notumor/Tr-no_1330.jpg,notumor,2cbcad258c5d791aa285b1fcaee532ca53b7b3c1b5aa98e29058655b56157c2c
Training/notumor/Tr-no_1331.jpg,notumor,6e19d56c4541641458145227f5d6ce8970d34f5555df32b06a041401bcb90838
Training/notumor/Tr-no_1332.jpg,notumor,fd1cdad6cbf8fa8dc2f67f5bf931313042ab22e0246488d120a7d51a760e8875
Training/notumor/Tr-no_1333.jpg,notumor,9665a634778add156fdc68dd68695ced8f9fa37b606398dc169b31938aa2d7f2
Training/notumor/Tr-no_1335.jpg,notumor,5668800a67d13c63586c08dfb5b7728ca279819f6112076bee641871d20063a1
Training/notumor/Tr-no_1337.jpg,notumor,b53b2e120a974735fb7fe2a0c543c4b17dc9553aaa221f36d53e85c3e75d04d6
Training/notumor/Tr-no_1339.jpg,notumor,7db498b0c0da45b720bf64225ab78d2bb03023c9fad87303f07758d7b549471a
Training/notumor/Tr-no_1341.jpg,notumor,0c4a4a499be2d6e2bdaf587a6b722d014c0675ed9999f571d829ad72d0724439
Training/notumor/Tr-no_1344.jpg,notumor,eed7c6503c6f5fa2b9c0bf17e4f1eb55835c5b71353c08842b4039c62f2289dd
Training/notumor/Tr-no_1345.jpg,notumor,6961473365de7b6378f5572fe8556b980ca08140c23210c7d77533430fa904aa
Training/notumor/Tr-no_1346.jpg,notumor,7c9d6460de08492cb945d38d884e54a035d58f89ff65a87831d9bfa2cd9b3ec9
Training/notumor/Tr-no_1347.jpg,notumor,95642624477def636281ab4dcf9f113da90aa0158007e0f0a65e41aa4bd7365c
Training/notumor/Tr-no_1348.jpg,notumor,85c49c178011e38b128c46b38054f9e8d31a793ea56764be0e07a0a0bbf1124a
Training/notumor/Tr-no_1349.jpg,notumor,78c0ff19b71d9c8bef0458fe599f6dd7e7f452b257988b19a36852e160c5ecf5
Training/notumor/Tr-no_1351.jpg,notumor,734b5ba695008974e9d1dffa5a2f3b10b3a7d0fcdc753370ef21649118977303
Training/notumor/Tr-no_1352.jpg,notumor,d5e2a3c0f54875c7f3291a7c651b091db54d4aa1a6a7bc39a00b97cf3b3e3494
Training/notumor/Tr-no_1353.jpg,notumor,0841062307b8a925d89cae0ddadb015d9213153952aad7490b6c9c7df5864e77
Training/notumor/Tr-no_1355.jpg,notumor,38fe0004cd2687faff096d4f69f781dd10e03b4950129d38023ac46a701ad402
Training/notumor/Tr-no_1356.jpg,notumor,bce62a8ea2cf130bcf91de7c03c2c6e9c8e93d4f0b0fd07915dcc493a5af0b52
Training/notumor/Tr-no_1357.jpg,notumor,fbaa8d065f778f2b7e1b7723351fcbd2347756bc00a0c7b5860906bcb8af68cd
Training/notumor/Tr-no_1358.jpg,notumor,208c35463539c6d8b138d2644234d1e0f790df935eb5214dd3849c7b35967f86
Training/notumor/Tr-no_1359.jpg,notumor,193b1ca0bd3352e41e46d90ae247d0c706e61579889e814403de1c091bfe9bf1
Training/notumor/Tr-no_1360.jpg,notumor,a2a1103d1f5e1cc125a15049d0f9f9027c4d716782e6dabe131dba6d74436ff8
Training/notumor/Tr-no_1361.jpg,notumor,384faba98e97f13d58c91f82db66f2c6588b9fc1639d6498feec62604f45ec5e
Training/notumor/Tr-no_1362.jpg,notumor,c38c368116fc00a41aa598c97a4a6d3d89ec8e52a63a8d55ecf74c1dc05f1cfe
Training/notumor/Tr-no_1363.jpg,notumor,0c7c551a0a247e33aa03901bcfa5a3cc63d72dab805d03ac6c7d7854decd640c
Training/notumor/Tr-no_1364.jpg,notumor,92a322e56c4901f5f15ccbae7c8be951d73ac18f882c7b7bdbb8992d481904f3
Training/notumor/Tr-no_1366.jpg,notumor,fbc22e6422e4080e0cc43f4183359d813487f41df1b5fdf7c68e463c5951c7a7
Training/notumor/Tr-no_1367.jpg,notumor,8a47d6d488d122406a6af786e347f342089b6dc2b763895324f9fedac98b6026
Training/notumor/Tr-no_1368.jpg,notumor,89663f18a09d693ce01dc05b0b28254082efff91761d64448f4cb86a009268bc
Training/notumor/Tr-no_1369.jpg,notumor,da403175d7fad140cfc7f2026fdc171a6a23a10c19cea69b522d3eeb757be19a
Training/notumor/Tr-no_1371.jpg,notumor,4be242d24f503e383f7631090a7de2df84f1805570a9a146ddd9f5942d6fdc64
Training/notumor/Tr-no_1373.jpg,notumor,1e497ddc88e70fb61070941f96497f06778d4919c2ef53075861d6d6013c5856
Training/notumor/Tr-no_1374.jpg,notumor,dd7af9f5e54b40896c522ab0d6b7042d5d58a98bbaf9cf2c4541f3358bd5e06e
Training/notumor/Tr-no_1375.jpg,notumor,36a771c8d5d8fbe4ae847d31503aa0dcd667fa43e82178201d3ea6300aa75f98
Training/notumor/Tr-no_1376.jpg,notumor,7023c4dcf7120a2bd4dd9064ea400f14aa323af508bd805eadee4c928e021ff8
Training/notumor/Tr-no_1378.jpg,notumor,e16f9dc53246a23892b21a1da8af3e0029df02b09c262c4a6b184284abb8e25c
Training/notumor/Tr-no_1379.jpg,notumor,c318738441125eabe7c3a6b2e3da11c6962416f340001b646d453f891668fd50
Training/notumor/Tr-no_1381.jpg,notumor,764714ba40505a6169dc1eabab98eab43a03a74f77c1e5d80f3494510b3538f4
Training/notumor/Tr-no_1382.jpg,notumor,36d2baee29de4e8dcea2bcbe2bdb22ce156cd2171a3f8f5437794b5d0f87d86e
Training/notumor/Tr-no_1383.jpg,notumor,29bd72d00d4c467e039beaaf119d9aad893f402adc94c19cdd203a7ec8b4aace
Training/notumor/Tr-no_1384.jpg,notumor,b79ec74d5f7686394f48d176332f0db7cc86f4d2f4f6aed6a474b7ac2f464002
Training/notumor/Tr-no_1386.jpg,notumor,410e3ae47ad56ed269b81be74e42519dfaba661fd9429449b21dc0d505533bb9
Training/notumor/Tr-no_1387.jpg,notumor,b8952666dd8feebb54954be18277298c7861c098e64d0063abfc5ec4a8eca2b6
Training/notumor/Tr-no_1388.jpg,notumor,c6eab5a180a3db800d5eeb4531d01b57ae5aa432171cfafa8b1f8cfecfed4c53
Training/notumor/Tr-no_1389.jpg,notumor,77c03bf0bdbf7d7f70c89b85855d4d3a299bb0bcc74f931641d9620b274e9e0b
Training/notumor/Tr-no_1390.jpg,notumor,910fb825186027431acdc9664e9afb2ddbea0736c3be1214c9c2d2d3f9316c56
Training/notumor/Tr-no_1391.jpg,notumor,1e394438009755fe13c8d32c8f27d49f1ba28dce7d6fd00de8ab8b3714a19a33
Training/notumor/Tr-no_1393.jpg,notumor,b12a59c1d52b2588972e8ee936e0cebba985e5c126b19c46c93d12c1a9170b4b
Training/notumor/Tr-no_1395.jpg,notumor,6b2b365eff7c670b90a03b2d243f191dccf506d9c37ae055aa35d303aba17847
Training/notumor/Tr-no_1396.jpg,notumor,8d8e2b5d1b09b10df30a1352aa16f6951d7765cf58c19035076e3cb3627aa2de
Training/notumor/Tr-no_1398.jpg,notumor,0d03b683c130b56f02af618fdc28d4063393f976f7e17d1fb87c0d4780614bdb
Training/notumor/Tr-no_1400.jpg,notumor,b85761e66260b5fb7c8198db594c455c16b926705379433315443af308c60de3
Training/notumor/Tr-no_1401.jpg,notumor,5822193726fefe5c96d1bbd23b51d328dcde13167d5d1a7cdc3e93ba545a3e03
Training/notumor/Tr-no_1402.jpg,notumor,f9db6c451eb3bd3fa309844106e461aea682cbb08395fa8cae70e49e19feffaf
Training/notumor/Tr-no_1403.jpg,notumor,7bc71c9c82e90be7aabf30fef051d022f3e6311ff563e26b109cee89ad971d85
Training/notumor/Tr-no_1404.jpg,notumor,29273d7176d172d331108aabfa065c4ae7ca6dd366549a9b141259b3967b33df
Training/notumor/Tr-no_1405.jpg,notumor,70c586be13ad8ed0f19b5e416b3aaf1c0fea720f23ec4a7df1f0e09519d66c64
Training/notumor/Tr-no_1406.jpg,notumor,c1865a7d0979fb7726e1ec00bf23c6a32cd0592dd4777baa4bc8129e8e18621c
Training/notumor/Tr-no_1407.jpg,notumor,c4669032b38b760872c7bcde1090d24e7294ff817b6c4e63ee62f42a63cea373
Training/notumor/Tr-no_1408.jpg,notumor,fe24daa88baf76924782a693df2e59e39ffceaa4ff75212ffbc8d3a5d25aaef0
Training/notumor/Tr-no_1409.jpg,notumor,51dd3cfab8c5fd3f9222390f595f9559d5d7ba2c8469a01e7c4e74bc3e6691f5
Training/notumor/Tr-no_1410.jpg,notumor,8a45b787f89d6dd6accedda6d9399445ae04a0fdbcfe00cc97d6a6c1217fdd3c
Training/notumor/Tr-no_1411.jpg,notumor,b8052107fc01a03c9ea936bb3cc16b50ecea33821b76b93d15403cbf3330cad9
Training/notumor/Tr-no_1413.jpg,notumor,e58e2b84af6654a25cac176c521a4f754de589736dc950314b45d88cca37e03c
Training/notumor/Tr-no_1414.jpg,notumor,6ced304ed3adbe48aeba4e5d4731d7702b9afd5ec8564588335ef0db4e37ee4d
Training/notumor/Tr-no_1415.jpg,notumor,e8a0c918da9bad8a26e2e5ac950a03dc2711eb7454741a89ddc4272fc22ea9e3
Training/notumor/Tr-no_1417.jpg,notumor,bfb2ba1aaacaa90bf7eac52cf8953ca98abbb7070f91051a908e092d294bdb8c
Training/notumor/Tr-no_1418.jpg,notumor,0fb7581d2b443234f4c4b8e736cd758a19c11dab42ac0ee5d7aee8518456f7d7
Training/notumor/Tr-no_1419.jpg,notumor,0baf6f0119238a2541b20c2821986f07164a1849d34dbfa02fd507dae84d9e59
Training/notumor/Tr-no_1420.jpg,notumor,80c1e26515b602303a00bdcf8ace68439b07bf2cf68fde044ece9bd66661e3d3
Training/notumor/Tr-no_1421.jpg,notumor,102fa3d1e695596fe1dc29e98c8f75c4790a9ad436186fd18c628ad36f517531
Training/notumor/Tr-no_1423.jpg,notumor,bbb969da9e00cad757ce4cfed82cc780afa9a95f02720d0a9dcbaf64423f166b
Training/notumor/Tr-no_1425.jpg,notumor,bdef603b240dd8e891ba1dc5e738ed36439029bc87085399ac7ea06a458db07a
Training/notumor/Tr-no_1426.jpg,notumor,b10cac313e55aab0da2c7445d973c89ccb32603fddcbc9b4c4ea14db1f7e9fbc
Training/notumor/Tr-no_1428.jpg,notumor,f4a1d4c3d0a9c1b373be1c073d86138dd2c4fbda191a030000a9eee81fbcd3b0
Training/notumor/Tr-no_1429.jpg,notumor,3f486aba4804ed293276babc1ab1f3add7462c682688b5397433152be9d7139d
Training/notumor/Tr-no_1430.jpg,notumor,2a3b9b423f3d550d79219fca9633548aeb909b9b514497dca4e662829a1fc094
Training/notumor/Tr-no_1431.jpg,notumor,38dfe45378698299ba30251d083745ffd2865c1f320c3227be16f97d0bbe9d26
Training/notumor/Tr-no_1432.jpg,notumor,dcec21068465d771bb815fe25baafbe607a6452e4d3d35060aaff7f1748dbf4d
Training/notumor/Tr-no_1433.jpg,notumor,34d45fb699f5183b9b859f9bc071e1f23d9b0d3ca77129699c25191c313d22ae
Training/notumor/Tr-no_1434.jpg,notumor,440b5229fa098b3b180aae3a1c6a2bc4362c46e0f80261e4546713d699779833
Training/notumor/Tr-no_1435.jpg,notumor,caec4c2809ef3f3f943f8fa22cb564d9fb998be43cb0bad27f4895b677ca953b
Training/notumor/Tr-no_1436.jpg,notumor,9a858533a6d8ca133d2c6d83a8ae92115d1df82a57d88b8a57c77e3b145d38d7
Training/notumor/Tr-no_1437.jpg,notumor,a23838b6281d2fe4496c1122ae4c2284ece545a009577438ed49577df3b1a5c5
Training/notumor/Tr-no_1438.jpg,notumor,4eee49e2f60ad31735106ffcdce241a02c08303bf8fd4dbc4641c4dd48133a27
Training/notumor/Tr-no_1439.jpg,notumor,8f4ef79856f1fc0a9cb81ee959c78c85df8d9c7b37a1f290f453a5f8c84f123e
Training/notumor/Tr-no_1440.jpg,notumor,55a5c27e341608b7608d0fae31ea7a3db7eb111f99fed274c9cf0d6b081fa973
Training/notumor/Tr-no_1441.jpg,notumor,ff1f0ec772796998808d4b171e4842e0995da59c23ba54f803c3508f14c73a1e
Training/notumor/Tr-no_1442.jpg,notumor,1213a51af133b06ae1be9f2c724c17e4c64c0b2d0bcda72175dd29bab67e2750
Training/notumor/Tr-no_1443.jpg,notumor,098eadaf0e35aef92003ca4352795e7156a19f303b9516cb371efda69eece18d
Training/notumor/Tr-no_1444.jpg,notumor,da6936779e8db4c1fad48c802e36230cf0b51ec882134446685aebc24b7829e3
Training/notumor/Tr-no_1445.jpg,notumor,4eccc20320ba58dff7472b35b154f1bafcf941e78a7ae1063843a7db356a41f0
Training/notumor/Tr-no_1447.jpg,notumor,c84a66636fe92271311d54bef432765ec45aadb216ede8770c5f4688d9bd4c17
Training/notumor/Tr-no_1448.jpg,notumor,d09d2f9a7c8c699f980c21a2924579572df6154450db27f3580872edff5e5ac2
Training/notumor/Tr-no_1449.jpg,notumor,7938f228f86ee04ced8832994d1ee6bbd83c1c1c201145899e07df0c21727a20
Training/notumor/Tr-no_1451.jpg,notumor,e16a2a24b2764e4719eb40895cd29937f5d5efca5a2fe9f7c9bac3810ef21348
Training/notumor/Tr-no_1452.jpg,notumor,e5996ba69ce3955174a4ac90bb72484b6260914348c59e3c5dec7aa53a7ba973
Training/notumor/Tr-no_1453.jpg,notumor,a55539d13d137f43a7af01f6ad97a8a88b4e495fbe9d0a5803611c908b03f5a2
Training/notumor/Tr-no_1454.jpg,notumor,d2415a0edbf2b07965c430d3aaf4a2e149f3afeec3480d521d800a757b69d447
Training/notumor/Tr-no_1455.jpg,notumor,e22d67d921a2663d6bf14de06248488fcc2feb8984ba1fd2a3951f02057b3206
Training/notumor/Tr-no_1457.jpg,notumor,2efebb3666e534338df87352b667c5a31ce913fe877960f9daf662bf0ff2f935
Training/notumor/Tr-no_1458.jpg,notumor,3bdea941af422f4ce83048fd3f8b2eef9d07ea639e87e061b6a2d56ff63df7ab
Training/notumor/Tr-no_1459.jpg,notumor,b3f6a96b6386830fc22c6f05420cba27038e5b9a7a0e19ce34cc7fde88f4f1e2
Training/notumor/Tr-no_1460.jpg,notumor,c39002f0707b330af0043db8c58aed85b4b13dd79da7f442a444d496a832d1c9
Training/notumor/Tr-no_1461.jpg,notumor,03e248ffc72dc76fa9bec9e742867f1ed95fac71faf30b2e6249eee1b1e2a766
Training/notumor/Tr-no_1462.jpg,notumor,d2766e3fcb581dc53fcda4bf40b7e9eae2e524e71c5ac4601da745923699e2ff
Training/notumor/Tr-no_1464.jpg,notumor,f4950bd9cb329adc2478c9bed9f3bf9e041f3f845e39b209f79d052d07114119
Training/notumor/Tr-no_1465.jpg,notumor,1d9c9f0e06ea80897c95d816c7ea55f6e217781de993759da522afe11f60ad68
Training/notumor/Tr-no_1466.jpg,notumor,43f646cbd0bf727fe1eb1cfc50a803c82d28bc6fa0ee424da2c9ee49d83cdcb7
Training/notumor/Tr-no_1467.jpg,notumor,0790454183ebd29490578919e0dc9d91909bd39679b70cd1aba0ba3e5f61e160
Training/notumor/Tr-no_1468.jpg,notumor,9e3370a38da7cc705145018245022d2ee3e67db2b09d6bab21078f84a799d2da
Training/notumor/Tr-no_1469.jpg,notumor,6ba1c1f8fd72214b603ab1b654d8a01b36c4e903226b58190da2f614eb348077
Training/notumor/Tr-no_1470.jpg,notumor,233edd18fdd991f4fd5960eb0076de22f3347afe983cf303f40f7bf154ac4bd6
Training/notumor/Tr-no_1472.jpg,notumor,25cfc5504689ad704bbf6ecd5c7ffa8a8d0c03250ebf43a38a40841cd4344165
Training/notumor/Tr-no_1473.jpg,notumor,a5a11e528b6d4756c9a8b3180d40410efe1b27b2a5ad13ecce512fa3bf214330
Training/notumor/Tr-no_1474.jpg,notumor,e4ffd8cd98fc469a2d402a7cb4a5dcdde14cba76a3ebfbcd5afc4564ef869132
Training/notumor/Tr-no_1475.jpg,notumor,6f94742aa97b416c86a75709d1ec3af8f697cbdd9e9366bd22af4e3a3eb38ec7
Training/notumor/Tr-no_1476.jpg,notumor,f37e9a7028f2ae0c6fa644dc51758e111394dcd37a8cd4cea6d60df7f1ac8a15
Training/notumor/Tr-no_1477.jpg,notumor,a0403fae82625981833d0e4727deec2d6109244f740dd56ddc8b87bda3c7fa6c
Training/notumor/Tr-no_1478.jpg,notumor,4453e2325932d861c16712a4d73303de901666016822b57ac92067674b39b931
Training/notumor/Tr-no_1479.jpg,notumor,4ecb46f875c1e55e2d87191df563e22a308afb2c21f1059adac320e5e7cc6d73
Training/notumor/Tr-no_1480.jpg,notumor,e6a9288e50d9d34a78a859692e43a0529311ae9389345684874fdc6bd32699c5
Training/notumor/Tr-no_1481.jpg,notumor,ee497f653c46ea86b561d7c82aa3de3ceb9bf58613463cc41d8862e3b8500be1
Training/notumor/Tr-no_1482.jpg,notumor,d40d92532a039b9826ad4e94e3b6606944ba11b1fae6b257ae56dd9ccd026348
Training/notumor/Tr-no_1483.jpg,notumor,a1661a8202874ff2a6a244a3e1a96978a7d994b30b9ce857a3e677089295f72e
Training/notumor/Tr-no_1484.jpg,notumor,29ccdffcab86e68a3c02fa995b2d9702a8726a3897722e059155618a39be6612
Training/notumor/Tr-no_1485.jpg,notumor,13b6227c7aa1df2940de091d9b5a0287feb6236d775ae3a1d38737f759aab821
Training/notumor/Tr-no_1486.jpg,notumor,79f84d67e7bc8f7984c795f3e882430f9ebc2dabdce712a24e183dba92431215
Training/notumor/Tr-no_1487.jpg,notumor,153620cd50478c8e2cf60eb8b853c5e02e3f1bd1a34a596d119ab65779eca867
Training/notumor/Tr-no_1489.jpg,notumor,32a0eb4e3a870bbec5b8667ca563152d29a0fbe042b223d40879c42bd6621e68
Training/notumor/Tr-no_1490.jpg,notumor,80934515f5b90d7280a96712d42102567958e18453f421b63c486905c519889e
Training/notumor/Tr-no_1491.jpg,notumor,e07a87bafac05a5c65dde219c38a3692ea0d8e7ce478e43da873a99919c704a2
Training/notumor/Tr-no_1492.jpg,notumor,e6a61061ea6a377caa69d01232e7a4e194e3e24d36c76bfd98efaaee398b4e32
Training/notumor/Tr-no_1493.jpg,notumor,9e3d760bc57c57ba974dc2d146ae911d649c3dc3181e3fbc69bbb54bba47cd49
Training/notumor/Tr-no_1494.jpg,notumor,302df10d00e135b347f4475b911a5ce525d7f04020a61a2eb06559f65fc1480b
Training/notumor/Tr-no_1495.jpg,notumor,de3ece9dae81af89c99aec5bf08e92b5dcd97a2e266572b1cbf39bf6b067c6c2
Training/notumor/Tr-no_1497.jpg,notumor,c86091470f7c55b51ff0c4ce4e85f477709f9858e3108cec5e2d4cec47aedda2
Training/notumor/Tr-no_1498.jpg,notumor,94de5f21de2ea7293f146d4f14024b336447e6816fd63b152cc59b725027990f
Training/notumor/Tr-no_1499.jpg,notumor,0578ce3a9dc5761f9374d76cbd36a3d9c5937a6cedc02d44cfc6ee5c1abc6b90
Training/notumor/Tr-no_1501.jpg,notumor,2a055cc23c75ea981e23554482566a4a60a130c27621bb4d70f888ca4c5f49ca
Training/notumor/Tr-no_1502.jpg,notumor,e36a735a676432cfafc66fff4cf7a340dcfe5cf2590e3c7c1f6e46047277886f
Training/notumor/Tr-no_1504.jpg,notumor,0e1eeb0a5c28d0b74aca27f1ec212932f73d57032592ef4f5038d40709ec77c4
Training/notumor/Tr-no_1505.jpg,notumor,c6015c1900cd1ed60ad2b0f1fefef8de6f70d65d40e8a03d3918cc82235055c9
Training/notumor/Tr-no_1506.jpg,notumor,9305ed12cb1d4091d9b99e5c6891b6cbe9254cf3471a494c5f1ab1b7b349d9f8
Training/notumor/Tr-no_1507.jpg,notumor,38fbdf5a92e342a807e00b9fd622c72f379d6addcf01244ff721a2dad00e34db
Training/notumor/Tr-no_1509.jpg,notumor,7ae81216a482c2ed3f01ded4a70f9bf7e480405ff04811b42f17fbc054000002
Training/notumor/Tr-no_1510.jpg,notumor,24886192c0b8853b52660fe46f93f24fb12d3fe2b5a8cfa78d2f8d3e0102dd23
Training/notumor/Tr-no_1512.jpg,notumor,7b04a004841b4302bd06435e1aef24008fffcf2bfb097dab54766bd29f4a1ab4
Training/notumor/Tr-no_1513.jpg,notumor,084e3535059ecd9c8ab9f30734eaa0a703a9eb9d18a2d6ea1ff7d0fbcaa75674
Training/notumor/Tr-no_1514.jpg,notumor,04f6340e82ee8ae08e2f2d94de0dbf29940632c44b37b898b3d21e53473ffbfd
Training/notumor/Tr-no_1515.jpg,notumor,8f62e2711e8a47fed04ec2b58ed3c7f00765dc8152779657130c83c50c642a56
Training/notumor/Tr-no_1516.jpg,notumor,2d77796b66b2f1d24e87e9f6276bbb6ad8ad41f5f0d1041bccbc1081bf311243
Training/notumor/Tr-no_1517.jpg,notumor,4afc550b85d145cdff8a9b9f734aa7fe76268082ea2663a62f61fe2dc80e9bcd
Training/notumor/Tr-no_1518.jpg,notumor,ec2314a74699373fbe7aa757449a7c788804eb79aeebd23b0ae58fd80f83a906
Training/notumor/Tr-no_1519.jpg,notumor,987f6c59964c7af4760e6b186080f4c896bdb48a23a2fc00f58becf1459733dd
Training/notumor/Tr-no_1522.jpg,notumor,8826a18f0354d2522083e6195bf793452bcf89fd63fe638167607322a6bc5735
Training/notumor/Tr-no_1523.jpg,notumor,452942abff3995f74856ba442b88a802b260e0272ebf81bf758ff39b4ca796dd
Training/notumor/Tr-no_1524.jpg,notumor,96e0b30537dc76bbde04854bd9f2e8f315ecdb3d25d212a4b8fa77b430036e8e
Training/notumor/Tr-no_1525.jpg,notumor,e246b1cab918f931273733935bb86c27d66de199124a1f256f4bd8968551272f
Training/notumor/Tr-no_1526.jpg,notumor,64e98777753045eeeb185ea5112c60bc972802ac3143d8bca3f087ea1d3066f4
Training/notumor/Tr-no_1527.jpg,notumor,ed09971821af521d9dd6c2c97d02ffe8b118b80b65b4dd0ffe14965d3f037c6d
Training/notumor/Tr-no_1529.jpg,notumor,665b1b5fff624147dda0c76ac1b4d0e1e3c893b109f882c6c321b07f78a3ec11
Training/notumor/Tr-no_1530.jpg,notumor,d721612a89ca5408c199219d5a33441bf912d5357921e6086f7addbc836401ca
Training/notumor/Tr-no_1531.jpg,notumor,0ed7fa954c70bf8678e896d2da0fc222b463c4cd510f32903b5cb8a83bbabdab
Training/notumor/Tr-no_1532.jpg,notumor,8e300af04a1c9b826b8d260c098e2f1dad04ae448fb331cf8556641a269f7a4c
Training/notumor/Tr-no_1534.jpg,notumor,03489779af4617033a1c8136c1fa838b590907eeab1d8a705ee69442427678b6
Training/notumor/Tr-no_1535.jpg,notumor,864b804ff3c081862917b438344e07dab66f2e0748e4dc55951a5195fe7ea4de
Training/notumor/Tr-no_1536.jpg,notumor,2a0d862cf6cebf385f5f7786553ff575d109f90c525719ceaa577e3481ab6b78
Training/notumor/Tr-no_1537.jpg,notumor,84240ec60b33618eac7ffda5a505321f22dddb0be10ade2a418f999403e3f4d7
Training/notumor/Tr-no_1538.jpg,notumor,1b19bf20364894e5435a1eb93791eea0499cb9b1e51a2687ea231775eeb60301
Training/notumor/Tr-no_1539.jpg,notumor,bd14ea171ca357ed6a4757207964945b655f74d787ce6f25920334045938f12e
Training/notumor/Tr-no_1540.jpg,notumor,70df451fc393f2aae317864049c7cb24b070a9db9a6d8a25604c5d7706443899
Training/notumor/Tr-no_1541.jpg,notumor,dc758e1347a0d6393878f783fa5360a49de5a4e026b9426fa1f1d01127041f33
Training/notumor/Tr-no_1544.jpg,notumor,d4a63c560b06deec6d4e858321fc4c6e39d964a967ecc4c5018e3266f9e08c6d
Training/notumor/Tr-no_1545.jpg,notumor,680425f849399c93d5fb0130a72f25e80d45766a143b319f130101c5736ff7b6
Training/notumor/Tr-no_1546.jpg,notumor,8f32f8c179b5c2a49617237281b2b69de7ec49f943cdaf6a7aa71b4159b3ecbf
Training/notumor/Tr-no_1547.jpg,notumor,2b2ea092113b72d563711d1d06b629af9c60987399a948743b02aa57e343548a
Training/notumor/Tr-no_1548.jpg,notumor,fd0d2831396fc7676fe2872309985064ecde76e5526bd10a4c0792d6c1c39bd5
Training/notumor/Tr-no_1549.jpg,notumor,2c5cb34155e0c757274659d6948d26b9bb6d461f123df46c7dccd8595c7941ef
Training/notumor/Tr-no_1550.jpg,notumor,e74d396c05403aa3c9b6bb4d18c7efc66ac7ce338162218958a506521e16f9fb
Training/notumor/Tr-no_1551.jpg,notumor,229a9cb596bb8c38bc6ff0bca530ebc255ddcba6c8db546a3754355a89556eaa
Training/notumor/Tr-no_1552.jpg,notumor,e81dc213af82dd767843da1fece52fc410277aac66c908607b6fabfe139e0746
Training/notumor/Tr-no_1554.jpg,notumor,5c12d946f493e7b0ca83a49840da335c51439207864eaa1bc03503dcfa7a6945
Training/notumor/Tr-no_1555.jpg,notumor,91b99fd9286190da0e9b32ec230febff101e5e0bbda327e33adda41719376c99
Training/notumor/Tr-no_1558.jpg,notumor,d45422237960316e6944889b7796756e0b96def02be9749c2b79ae91956ea6cf
Training/notumor/Tr-no_1559.jpg,notumor,c20b650777309dcebeeab766f3988746a135788d94c4e250b42f6a5a46443bde
Training/notumor/Tr-no_1560.jpg,notumor,55bcba416fb0e4c10d49f3695f17878887131c923116c4c3898f637c1cc499b1
Training/notumor/Tr-no_1562.jpg,notumor,c4f0a102942afa9db975be8c329ba502857a69045f12b49609d8b2605c21cdff
Training/notumor/Tr-no_1564.jpg,notumor,95ca879ebc84c46066a4bbcd5ccb93d915a902563925c5e4cca24960c6e8db7a
Training/notumor/Tr-no_1565.jpg,notumor,1d72c942ca546e56143c9fe62da4c0b80b44d5a3452aa47c0b19ea6890243032
Training/notumor/Tr-no_1566.jpg,notumor,12dea1367f4c85486ca32acba4b915e86ec0a091ee87c9e8014385460753246c
Training/notumor/Tr-no_1567.jpg,notumor,bc54b86b73a644a2c67585c4d6b556ececc4713548066067779c86cd461db1bf
Training/notumor/Tr-no_1569.jpg,notumor,5686520a02cc01b823225b241c449c32086b9847f2cf1ef2febf81db8f6077c2
Training/notumor/Tr-no_1570.jpg,notumor,f9c32ab22c24121cdfc9e4b27f87f96eb9bdb8ca97658d30d6c18d30ba5d8975
Training/notumor/Tr-no_1571.jpg,notumor,033b1d33ec791d3888f4cf483521bb26c46a27b81a6cbb8384974d8239c5ca7c
Training/notumor/Tr-no_1572.jpg,notumor,9c83e0a0be08e43bb596822caf1bc8c534851e17e93863bdde8760e475749536
Training/notumor/Tr-no_1574.jpg,notumor,ed0fcbbc6d436f8544a6f821920635e5b9b9ccaa5a3c6eb79be0976df19e0bdb
Training/notumor/Tr-no_1575.jpg,notumor,71230ae86dcadacc54e26ca012aa57e02c2d9e0ec42527c491c89c48b2f76939
Training/notumor/Tr-no_1576.jpg,notumor,a4110c65f3875b9cd837a33bc235d6c35fee3c3da3420a561de2fe8218d2c628
Training/notumor/Tr-no_1577.jpg,notumor,0b9de205c7d1d5572a4ef50aa83c1a54a3664a653f98ed470d9fe5af82bb8772
Training/notumor/Tr-no_1579.jpg,notumor,430ee4f67fa7d1d810985e2aa1080e7da56d7a41a2e54ac05517c41d20ab8069
Training/notumor/Tr-no_1581.jpg,notumor,970c05d3beaa4074b676fcc58bb8cc1d4dafd28e09063f12ad36d7f80f3d485f
Training/notumor/Tr-no_1582.jpg,notumor,846f56ed235636d20b2484d6bebef36869982ad90ab4b2e49ea99e554812d46e
Training/notumor/Tr-no_1584.jpg,notumor,1851040638c4f0f6bb966c6c9eb0959e7b81ecacd50a8b6f7cc232294933963b
Training/notumor/Tr-no_1585.jpg,notumor,60506456714ce82a48c1410a0bb0edbab95fa05edab712fc4d50ac62ff881cd6
Training/notumor/Tr-no_1586.jpg,notumor,8c456383de5bc89b4a058786d65ba3700414ea08c62c317d0fcc8ee7f2e7d830
Training/notumor/Tr-no_1587.jpg,notumor,6a0773c8ba10d0bbc1e1b49f045dd7bbf2b5b42a860ea8d83934335d80ea16b6
Training/notumor/Tr-no_1589.jpg,notumor,7bbdbbe3be5a0ffad79572688dd2d7ed1f3d25ed8e0411598a652714544c8f41
Training/notumor/Tr-no_1590.jpg,notumor,0ba589063521e0a143aa504a7857d1cb32254c01213868a8bd31b130de66b841
Training/notumor/Tr-no_1591.jpg,notumor,353a0d20df1c3dcf7c982e04f9bebee7b74b7a2a2fd098a349dc9690b1db7b89
Training/notumor/Tr-no_1592.jpg,notumor,88948e4fe187de80e7f60913f1aaf8c6d3f3580a0347ae801f0661c52e571dbf
Training/notumor/Tr-no_1593.jpg,notumor,56e59c568fce8096810d8a7e03d171330587df7fd8756f70138ddae23a2b1c1c
Training/notumor/Tr-no_1594.jpg,notumor,23377addb366a253955df1e43c887b3202da5f23967f0bc20d5c1cdd4a11d3fb
Training/pituitary/Tr-piTr_0000.jpg,pituitary,66992eca54a17cd33dca57590925193da7c675e221dfaadcfc4c634b76a9ebf1
Training/pituitary/Tr-piTr_0001.jpg,pituitary,0abe2a79782500fc6ec3c7082e46f7dd7da4725e87d71a3c86440525ce0e5cde
Training/pituitary/Tr-piTr_0002.jpg,pituitary,734b7a652fc0b92bfb7577176819feef5c8480ca5da3220f6d1c8e14ce614650
Training/pituitary/Tr-piTr_0003.jpg,pituitary,8261551302536c576ad38f301bd7ff22d2e3128e9cf445fcd5a378ff6ba1ffae
Training/pituitary/Tr-piTr_0004.jpg,pituitary,2a2411fc9568145820d780902ad485dc45d5085964227070c9fdd1926fd7d120
Training/pituitary/Tr-piTr_0005.jpg,pituitary,670e83f9182cfe0c097002322ff42cccda0fe426b6ab93487746f7f23aabcb84
Training/pituitary/Tr-piTr_0006.jpg,pituitary,ed918091f270bd61149f52c3b512baea271645f5e29c1c10fa7de3ea6b006a45
Training/pituitary/Tr-piTr_0007.jpg,pituitary,cb20adda28855fae467d0910545a3c7bcd287a19072326ee1f04ce74a895f2c9
Training/pituitary/Tr-piTr_0008.jpg,pituitary,d955fad4d89d6f85ab71a9a40fe2bada5b0406d4a7125b9ab28d52a7c6316133
Training/pituitary/Tr-piTr_0009.jpg,pituitary,a4ed1a2e34f60bbc8deb53dfe8c789a6765fec3d70b9919c0f19c40b8709d783
Training/pituitary/Tr-pi_0010.jpg,pituitary,9a63b51d98fb7d5aa1def8ef432cbed62796a6db95de5a04b1e6ea6e425645b4
Training/pituitary/Tr-pi_0011.jpg,pituitary,3527efa9cede765cf98fd0b1978b48b39738bf199d4eb9b7055b03ccc9419a41
Training/pituitary/Tr-pi_0012.jpg,pituitary,6e8cc16bea89eef62eff38a84cc6cfabab1804172a48eb9e9a8a7844e68ba50b
Training/pituitary/Tr-pi_0013.jpg,pituitary,8a52c45a4b3561782cb59cbe55e16d6de30ebe13ee52dc9d3c1a0ad9f67502f1
Training/pituitary/Tr-pi_0014.jpg,pituitary,5072337e7f907af73f212ad03ff574dd4839d87afa68c62dfe999b812e313cb8
Training/pituitary/Tr-pi_0015.jpg,pituitary,cbf0c6e83823bb9deca10e8df22caa30990ff5c1638d2808ed648deacfcd75e4
Training/pituitary/Tr-pi_0017.jpg,pituitary,612883797d661e00d1de5b584acd319684e96e687aec5182fec5021c1d2debf6
Training/pituitary/Tr-pi_0022.jpg,pituitary,619c95d49f80460a2723aca7b699d93583746b71cbf38cc878d85bf07bfac9e0
Training/pituitary/Tr-pi_0023.jpg,pituitary,e347258cf08b55604a77b34f5449e3b9c24579f528aba1e191f1ec0897489c4a
Training/pituitary/Tr-pi_0025.jpg,pituitary,f225bab250a109486b978e52fddf1b478da7811ae759ace2bfa14330d601db77
Training/pituitary/Tr-pi_0026.jpg,pituitary,62fed2638ded6d0f1f9aecbaf71ed8800feadd41e00cb7f5b0630eaa398e0712
Training/pituitary/Tr-pi_0027.jpg,pituitary,6a3cbd7cfeec3597f894288b1c7abdce35da39896cb6884a10264ac8c5ff5695
Training/pituitary/Tr-pi_0028.jpg,pituitary,5b490174983013cfdf7fba18d2b522e46073c7d9d289159ca21a286d85665148
Training/pituitary/Tr-pi_0029.jpg,pituitary,f75bec4a247cc7c2a68717160d4302905cf47399875dda19674c6a97883e2b7c
Training/pituitary/Tr-pi_0030.jpg,pituitary,3d4b908d39922072dc4ef972216f4062adaa62c3ce6622f860f21a039e171a89
Training/pituitary/Tr-pi_0031.jpg,pituitary,29ee791ab266a6d9cb1a7b30d61d8ba93b3636ea2aa68eafb5b13b450b5d2ced
Training/pituitary/Tr-pi_0032.jpg,pituitary,805a331f00d33a927555fb69eb3c694ae4f0f008cbecc892a666b9dd63b89518
Training/pituitary/Tr-pi_0033.jpg,pituitary,ba2c2e727b9563c494dc910f0503216ec9c38248af9e402421ae7cf274d56cab
Training/pituitary/Tr-pi_0034.jpg,pituitary,401c874169b2a1a0e0399f9f499735eb7539e9c2ea2ef37e376116174a242204
Training/pituitary/Tr-pi_0035.jpg,pituitary,f59605a9076d7a3cff5cca14c7ec768a40e00f4e47e9f2f6e929170d02396d81
Training/pituitary/Tr-pi_0036.jpg,pituitary,b4bd72ae00a8a13da50534ebdde32366ab60b69b219515112356ac5a24b1bac1
Training/pituitary/Tr-pi_0037.jpg,pituitary,3804a20b65da56c2c75c3ac576c7bf93e80e0a80e0d9a179e4041764ac75fd58
Training/pituitary/Tr-pi_0039.jpg,pituitary,2208db4f94c29e8f98223741b5778c837acd2aacff1f4ea29c7e3281d84586f1
Training/pituitary/Tr-pi_0040.jpg,pituitary,0b8eb0d5ea57ea7f094ed9fa29350f7201fae8333e044b89c70bb09664b6a6d0
Training/pituitary/Tr-pi_0041.jpg,pituitary,5b434c06140079af48509d2a3c63f006684109bdda03090f84c57ed334c3c5cd
Training/pituitary/Tr-pi_0043.jpg,pituitary,857318e9eb1f335d05f4700258466a78972a3e147365b2e3d0405def9eee3d26
Training/pituitary/Tr-pi_0044.jpg,pituitary,ee78940b5ae5d8ca3af0fa6dd1bc77b1e522373cdf266c44201bb39fe4a91260
Training/pituitary/Tr-pi_0046.jpg,pituitary,c27c953b150b8cfa6c2820bac42a13a5d1b5b6420409973ba07a18542429afd5
Training/pituitary/Tr-pi_0047.jpg,pituitary,454389a96853f36193737a5f5caacdc29b605ea188ac19949b0f96847dda34cc
Training/pituitary/Tr-pi_0048.jpg,pituitary,093339c41d9946158257322dbd4a2aeb5e56fa736aeea67c8333318ad5434aad
Training/pituitary/Tr-pi_0050.jpg,pituitary,a8d83b4a409171d5e2fbfc5bb45b3fca899f2a43a05277f951a361c2935204c4
Training/pituitary/Tr-pi_0051.jpg,pituitary,7e754b053fde0b657d3f4c4a3d4808304b6c2d39a31c75522185e42dd67e2183
Training/pituitary/Tr-pi_0052.jpg,pituitary,17348de7094bd75efa8be700086a44d480d539446cfd66f640d0cdb89644fcc9
Training/pituitary/Tr-pi_0054.jpg,pituitary,5dc617b4e5e82154c5626d11ba9c751b8bf549c6a355069ec3b41c225ffa9cd3
Training/pituitary/Tr-pi_0055.jpg,pituitary,049f628e90a618faa7038e5bbd06e8cf564aff2138d8ae090e3116158279e6d3
Training/pituitary/Tr-pi_0056.jpg,pituitary,5356fe18570b280ba478b8334ff4ff1bb06131fecd66bbb8c92db12f79803a32
Training/pituitary/Tr-pi_0057.jpg,pituitary,1f0b1f08b16fd1d7172bc7633eca7d69ca10392607541fa45b1dc3c4282bf239
Training/pituitary/Tr-pi_0058.jpg,pituitary,d55f5e1110988831e955b84909a0175cf29d478ab715385996763d39e4d36274
Training/pituitary/Tr-pi_0059.jpg,pituitary,0e3d0c18da9f9c54c9957d7b1a5bf41795310b1710ac50dabffc5a8c69eb5e0b
Training/pituitary/Tr-pi_0061.jpg,pituitary,9fda5386c137c79edb9299eec880295385f7df883134a4255c2dbea2e8120b3b
Training/pituitary/Tr-pi_0063.jpg,pituitary,11576cbb30883fcaae6d7bf292b4753abc5c8504d913a5d70e2874e09349d9f6
Training/pituitary/Tr-pi_0065.jpg,pituitary,79553eb9e0da2f6f54a0909d59a4fb07e013219b70a12e9c8dc81e2d7cb0dfd9
Training/pituitary/Tr-pi_0066.jpg,pituitary,b35e517f8f891c6c79cfe47473d96a085550c9a3178413792693f24cda4ff097
Training/pituitary/Tr-pi_0067.jpg,pituitary,bfb27422febf755950e82f0403eacc775278799c400bd9e0278cc718bb630346
Training/pituitary/Tr-pi_0069.jpg,pituitary,097af0282e23e240abe6f6d6492d46cfa7992f374647989d77cefbc46c6ec2dd
Training/pituitary/Tr-pi_0070.jpg,pituitary,e8c1b5633b2e1a987e9a30697258a78509cd7cba6ab388d2cbc1651cb6ebf1f8
Training/pituitary/Tr-pi_0071.jpg,pituitary,47a7c0ad869afb29985e7d05ea020885bb6fb15d8e8469eb144a84dedec56b53
Training/pituitary/Tr-pi_0073.jpg,pituitary,42231ab7fe57d5d19f542c507fc4146aca2a6eefa4426992e6a1448784631037
Training/pituitary/Tr-pi_0074.jpg,pituitary,9b6060250c99bd228c2fa14f190cfd90959504fb93223218a111c65d6ba59ac4
Training/pituitary/Tr-pi_0075.jpg,pituitary,0c32dba4f62379edb1d0b6670bc6853badc1d3c18c78aa9878453be85437e472
Training/pituitary/Tr-pi_0076.jpg,pituitary,4a9895bdf8b3c8d5e95c374c0deb40db7b4d01b5f3a7730e548ea53595edf8bf
Training/pituitary/Tr-pi_0078.jpg,pituitary,ba8cbdf176ae8c770981af701895f2bda3648e4836e9b5a3e32e54c0c0ff620b
Training/pituitary/Tr-pi_0079.jpg,pituitary,b516b70c6785e9ca133745b3486e6e6639fd00be5ce542d27d2b8276ed4dd476
Training/pituitary/Tr-pi_0080.jpg,pituitary,1e52268bb60aff5502ed380763af0a9e52b14f404fd638df9adfc3b146f295b5
Training/pituitary/Tr-pi_0081.jpg,pituitary,5534abc53fbac7fbffe4af8f436237c415f70bc3e5360117e7b2c90a0a253728
Training/pituitary/Tr-pi_0083.jpg,pituitary,4fa0587d9070123d715af0204fa373a64846bc42a6ed1d55e5017196bd7b0113
Training/pituitary/Tr-pi_0084.jpg,pituitary,2d59841b61f3795785f46860ab4d79c697efb911f259f1ad7ad84d4659799b42
Training/pituitary/Tr-pi_0085.jpg,pituitary,d927f8b4b691186b8070f2161d1c6dd13fbeadf51d2319689787308ff817c6e6
Training/pituitary/Tr-pi_0086.jpg,pituitary,ae4bcb9723206abafc6b2e1d6b8fd47cff87822ae2316626fa15e90a39c37508
Training/pituitary/Tr-pi_0088.jpg,pituitary,b843611b7381ac2326524d41ef5cd990358d49076bf7b043e85b4bc57f7a696e
Training/pituitary/Tr-pi_0089.jpg,pituitary,6fceaa0c3235e9fe2105f1e1beeb9bc3334396aae30eb9aba6ad3936531a4527
Training/pituitary/Tr-pi_0090.jpg,pituitary,18771a5f6c07a554a483f978a8fd31a12098dffc7e5fa6ac4b1ff7b80ef9fc37
Training/pituitary/Tr-pi_0092.jpg,pituitary,3873f9a154315185f20744d373f2376f3578fee4256389f764bf70b0b55ffa54
Training/pituitary/Tr-pi_0093.jpg,pituitary,0320f2ea582ad1dfaa9c05864360b873f5fec1fee3e35cf6b5e6237c53351497
Training/pituitary/Tr-pi_0094.jpg,pituitary,e0d5d1154904c9cd2e1a571ca029578ae46ea3e2d869062685ea7b050f8ab591
Training/pituitary/Tr-pi_0095.jpg,pituitary,013fb05dc794ae389ed805767e26a11def0bff389c0e569f868be6ac8fd0a90f
Training/pituitary/Tr-pi_0096.jpg,pituitary,74e17e573688e7caf1a968212a414b3398dfde9376b56fe561c00a416a4ba480
Training/pituitary/Tr-pi_0098.jpg,pituitary,97d915930127e6f5a024b182ebaecec6f8f796eb236da1dc26d886e2121068ed
Training/pituitary/Tr-pi_0100.jpg,pituitary,f30ed5f606402b91e4e5ec4fdbc0ab825cb494a48bcaaee4451f0dd1d09dacdb
Training/pituitary/Tr-pi_0101.jpg,pituitary,dfdb6e40b5fdb41ab638409b48971ab15aadd91a1ec60e3470109bf1d698f390
Training/pituitary/Tr-pi_0102.jpg,pituitary,a3f2fbef5ba86a9391d686bba154ab3e45b05a3f5801cc659239723973338a9c
Training/pituitary/Tr-pi_0103.jpg,pituitary,d9adabf0b0ea24661b38872c9689bce9d0f84899b3e46fad6aebeccade28ffd1
Training/pituitary/Tr-pi_0104.jpg,pituitary,278c865065e2744ef9904c76c2b15595e63023bb6167bb419facae9b2a267eb8
Training/pituitary/Tr-pi_0105.jpg,pituitary,c5662b6a9ac5ff4083d41ecd6be33e4692ffe16248596d5db04e3706d8b386ea
Training/pituitary/Tr-pi_0106.jpg,pituitary,c52c1de88a87a899f1c5db55927006d3bb41014e85554d95b586357246b14b61
Training/pituitary/Tr-pi_0107.jpg,pituitary,dea65808e631f46024aaa034984629ab8a455f2b951ca7022f12fa9e62b7c8ff
Training/pituitary/Tr-pi_0110.jpg,pituitary,ddd225e7b6c584a9167cf040f591192f9bd3674ad2ccf6dc1c1b93e72665b1bb
Training/pituitary/Tr-pi_0111.jpg,pituitary,ea7d6b08b7112c10cb818c2ebb590ce9bb2cc5bb52f93bc37cc664cf881aefd8
Training/pituitary/Tr-pi_0112.jpg,pituitary,23affe95d0bb96140f72e3f46e0179fecfa4cd9ce310088d725f101b966a2fd8
Training/pituitary/Tr-pi_0114.jpg,pituitary,b433361a026675a250f22f0a71a080015c1e6ea1e85a954f529e3ca0329a8e25
Training/pituitary/Tr-pi_0115.jpg,pituitary,bc6ba73fa474b22796340c9f1b830f94ab593fee5c4a7540d453fef9628dbc8b
Training/pituitary/Tr-pi_0116.jpg,pituitary,6275732018fc4b7958bb99e27a41b1212060c3dba72dd47df63b7787302a7e5c
Training/pituitary/Tr-pi_0117.jpg,pituitary,a7f1feac8a82c7da74d07afa3a66ad0fb595a8ab9c73195ea77dc1870a9b1028
Training/pituitary/Tr-pi_0119.jpg,pituitary,a4ff4ff5bea9a05a2f6f20e71187c56db6b736f4cac424586112a4aa7d723c69
Training/pituitary/Tr-pi_0120.jpg,pituitary,69e80166e4e9903bdcf909fb33069d846ae20789d412be78830808a1e2fd9a7a
Training/pituitary/Tr-pi_0122.jpg,pituitary,0fa10a90752d99ee5543b3e76263ca7566a8e2f18d26e112c934d9973f5011de
Training/pituitary/Tr-pi_0124.jpg,pituitary,6c0a57ec9b31044d7ead0dd1ff3124a3c5ad222e31a8b2e8ddb700d20d3b865e
Training/pituitary/Tr-pi_0125.jpg,pituitary,8c550079ec553c39bbc38980f8392c1976fb37c5703e93855fc3aa4189df97db
Training/pituitary/Tr-pi_0126.jpg,pituitary,da37773fc37350e9fcab014dcb3009def0e4c4faf5bb6f6e3dc7652753b15ec2
Training/pituitary/Tr-pi_0127.jpg,pituitary,14fb1c17d91efa30b2b00c22970cc73817a7a9eb489329fbcc0b35206eaaea51
Training/pituitary/Tr-pi_0129.jpg,pituitary,ff4f5c412f7a34b723bfc9c0572f54be109031bdb317c008920fa6775ef422ae
Training/pituitary/Tr-pi_0130.jpg,pituitary,c5cc791e3c34a75c7dd5294057cf972d118738c34c02d55009ebba3e9437c82a
Training/pituitary/Tr-pi_0131.jpg,pituitary,5deebc6f15bd49c212271b69fd3cd083580b4225140e053d9db074abaa2e7529
Training/pituitary/Tr-pi_0132.jpg,pituitary,e2072eaa2bc858f6ccb4bc0eec8b9f844a9957f0bc2a0a0564a5306ea7b83cfd
Training/pituitary/Tr-pi_0133.jpg,pituitary,68a212377e2252810edf3b67891b656ced1ea2639995165acdcbf04f136f073c
Training/pituitary/Tr-pi_0134.jpg,pituitary,fa722d489855c3b86aee183ec10619a5fb285ea210b7b212de43a8e6ee4a290f
Training/pituitary/Tr-pi_0136.jpg,pituitary,49b8e362ec3809a5c9701d679f368d530f990abef8c6470571631c7a93f284f6
Training/pituitary/Tr-pi_0137.jpg,pituitary,1f1a1c219300acd07d315313dec59994139b88061b373e050a8acf8f77ebf39c
Training/pituitary/Tr-pi_0138.jpg,pituitary,e99c672f26af250b3eded9b23e6ac650ffded757868636f7483b30e7bbcb7a1c
Training/pituitary/Tr-pi_0139.jpg,pituitary,b1e756f5c57b34fe3e996c6cd456125878d7d1fe98f7645ebf5dd7f9d54a3172
Training/pituitary/Tr-pi_0141.jpg,pituitary,1cc6dd52e9e3f6b90046cbcf4fbb22ebb1388256d6ef6f3178499080f635f4ec
Training/pituitary/Tr-pi_0142.jpg,pituitary,584e5c3ae82eebfbd089c0a33e772fa0d566da5d3f34ac042fd5cd0344e883e6
Training/pituitary/Tr-pi_0143.jpg,pituitary,81920af4b5738e9cd262af33d4cdea2d30410b7942ec4e550a4d30fd5e2f484c
Training/pituitary/Tr-pi_0144.jpg,pituitary,7f37320f54c70ee7debee6efe24c8f7c3a1193a48c68f6b91abf06e0a068a862
Training/pituitary/Tr-pi_0145.jpg,pituitary,13b5d2994a046400cddce42771ad82a47ee704a1734bd5ed27449826528d8878
Training/pituitary/Tr-pi_0146.jpg,pituitary,be1b0d02304dc1a217826b1659f7349e926b9d08ac28feeb6ec6cbfbc202944d
Training/pituitary/Tr-pi_0147.jpg,pituitary,010841515b9457161c3065e47b2b983ebf5883edb809e206b1d43a4c745ca8d6
Training/pituitary/Tr-pi_0149.jpg,pituitary,5f40b89cd3632b62df22b37306d0ff3d78fa1680a13ff3a981eb078df4e33b24
Training/pituitary/Tr-pi_0150.jpg,pituitary,8082b25fcb59c0adc03966144585a364dabb720055655e61eb2245166908b1df
Training/pituitary/Tr-pi_0152.jpg,pituitary,80eea514ad8f0221f208b36ced55d1b0659e43b63825a6601179159248d860c1
Training/pituitary/Tr-pi_0153.jpg,pituitary,c7f66f83f1c6b20c3aad82ff4fb4df53e01b14c8b52db1db656fa7007ae39f6f
Training/pituitary/Tr-pi_0155.jpg,pituitary,b75093dcc93238d15dec03fad81ad2dc37035a955a59f83e0717881082b76fc6
Training/pituitary/Tr-pi_0156.jpg,pituitary,ad50349c5d725c937e70f2286a7f00c865dad3ab012935ffe071142e9379b76d
Training/pituitary/Tr-pi_0158.jpg,pituitary,44c816949c301091212df595aa3db5f598a27643d563d0595a7d23de9d1a71b6
Training/pituitary/Tr-pi_0159.jpg,pituitary,6c374ab41105e5927d08e15103c8c27416f8e7d03c15c03d104ace5b310bd0ed
Training/pituitary/Tr-pi_0161.jpg,pituitary,886a008f152db4002ce438fdc12cf795a8f16ec749a33251a463a82c6a9aa529
Training/pituitary/Tr-pi_0162.jpg,pituitary,794624ac5739eb6e1101fb344278641978b97280e159f6fb6610d4a7105d8175
Training/pituitary/Tr-pi_0163.jpg,pituitary,8a80675672f9be41830b87889beb2ab5c8a4e3f728cde3b4e48d5ca50ac5fc0d
Training/pituitary/Tr-pi_0164.jpg,pituitary,f4222a5ad9f3b58f8bb00a22f4a306ab14b9b8deef1e94c998724f4fea92cf8c
Training/pituitary/Tr-pi_0165.jpg,pituitary,fa40724a7210c30ee619fb77af6ada50148e70e55216d40bfbaf8e9c3f7ae462
Training/pituitary/Tr-pi_0166.jpg,pituitary,47864d2cbb0014ecfdde55c7378cff1d6328e8888a386ea958e56c388cf01e0d
Training/pituitary/Tr-pi_0167.jpg,pituitary,00c30197dc30f7dd8b029ebd3a700d0d63833a434fa54a1fa869c421494a7544
Training/pituitary/Tr-pi_0169.jpg,pituitary,8a4a14e666a67b90bf01bac1b85170bacf41fda33c7a7394d5e82e83c6f6f324
Training/pituitary/Tr-pi_0171.jpg,pituitary,98dad9659eb6bb1504d09d240a10a980e5f78db48340e098127b91a3b928665b
Training/pituitary/Tr-pi_0172.jpg,pituitary,1dbe4efa3047cd8f8eb027ed7f13e58eaa5a74a326ffd1102a4c235bd7182f7f
Training/pituitary/Tr-pi_0174.jpg,pituitary,58ebe415bb00af6702b457b014c58afd9c302861e503dbc5ee01cd0ac6b09036
Training/pituitary/Tr-pi_0175.jpg,pituitary,6e7df1c2518806102376ee4fd86b7512535cd89a8272c185d1932a438eb9eeb4
Training/pituitary/Tr-pi_0176.jpg,pituitary,61d93c3ed3679a865b1671fcfc8cf2e211e4fe2b0d702fb1506a073d36bcae33
Training/pituitary/Tr-pi_0177.jpg,pituitary,de2effab2ee069e4a228e6f72a9304979cab18164901f9ef301bfa79ec0f2c20
Training/pituitary/Tr-pi_0180.jpg,pituitary,4942c3df21bd714e4d0fe9db03de2c005143ca836e4f22d7aae05e9d6206ae90
Training/pituitary/Tr-pi_0181.jpg,pituitary,3d1b5702ebfbdfd3c460b5d0cc82c2816026bf68197313ed2a2635c3e4b30c6c
Training/pituitary/Tr-pi_0182.jpg,pituitary,02d29847c192393f63c611d44d3e536c967913583dbde3f65aa9dac967435ede
Training/pituitary/Tr-pi_0183.jpg,pituitary,2452fcecdd1db18968cdcfd4b6a8a33da671ea1899a3fff889847521fc728167
Training/pituitary/Tr-pi_0184.jpg,pituitary,a628596a412c41d030403a46a016021bee229ede9d44b4008a3e90e8cca7cb3d
Training/pituitary/Tr-pi_0185.jpg,pituitary,a30902b53ded75d82bc63044ff156a3cc12c52a8b1d12cd860777c2dbe0fe5ab
Training/pituitary/Tr-pi_0187.jpg,pituitary,93d6fc0863ca5409c241367b0285c5c5d5f7f5e2dd96ffe4d69ad2cd74414b4e
Training/pituitary/Tr-pi_0188.jpg,pituitary,5e14dc2513d85e4f09ab6237dbe6d3670134e435c303fa79d88ebb5f45967862
Training/pituitary/Tr-pi_0189.jpg,pituitary,aae40d943f128a07eab4241a19115ae4d066eff59c251d615b4cc11cd8424e57
Training/pituitary/Tr-pi_0190.jpg,pituitary,de22eb828ef4e8a3fc3bc01957398196923119da5945efaf7cd9786413d91006
Training/pituitary/Tr-pi_0191.jpg,pituitary,0f1cb299ff1c665492699839b5bc951b24819e229d6a4d0cff8557f2e09343b3
Training/pituitary/Tr-pi_0192.jpg,pituitary,c1724a49e6d78cdf98935f1e8eb671d659c99b3f547afc98f9621efa88429804
Training/pituitary/Tr-pi_0193.jpg,pituitary,32b7033da0e4acfbd51422d2692e37b962ffa1f9a0e779c89d4b38bb950bdfb8
Training/pituitary/Tr-pi_0194.jpg,pituitary,9960a7ff8e98e8eba2129d547a8aca3a0bd216c40066d075daf89406667926c9
Training/pituitary/Tr-pi_0197.jpg,pituitary,20df36cfc35d068c7a5784f33355cf971f53de120f1d0f56f5e56990dac74c61
Training/pituitary/Tr-pi_0198.jpg,pituitary,009bb0f6f6174828718de2b4566718aabaf61e819e5676b175b04477d9cee02a
Training/pituitary/Tr-pi_0201.jpg,pituitary,9922577861439c4f6eb2518eb54377db4bc147811dc55ef06f6b8f7f658985a1
Training/pituitary/Tr-pi_0202.jpg,pituitary,d87f55bc186dbab65af05275fd1a51aae018eb9faee0751d458a7790fbff800e
Training/pituitary/Tr-pi_0203.jpg,pituitary,8dd4f013fd797381cdcfebe8f00c7107b5d1d97a62c04df86824d7ef98d8c64f
Training/pituitary/Tr-pi_0204.jpg,pituitary,bbd45ab46b78d0c71a4d06b87a20cc8ced4646521db8b5d65ef450e8a7254bc6
Training/pituitary/Tr-pi_0207.jpg,pituitary,85e567bc46c5ba3eb651af2e76d84f1f8353f3bb02009a4d44aab284a32d9e9c
Training/pituitary/Tr-pi_0208.jpg,pituitary,9d65acd152ccaa81d3531e73d412898186474f3eedbbbf9c3ae13ef4f341ef68
Training/pituitary/Tr-pi_0209.jpg,pituitary,6fd1bbdeceb17b97157035d5eababa06fab8b0655d248531967fe58ac42be1ba
Training/pituitary/Tr-pi_0210.jpg,pituitary,3006fcd22a70086e4994174ce9a92437d0440148532d9c84dde675c488ec5066
Training/pituitary/Tr-pi_0212.jpg,pituitary,d24ed1577de77f289d9fff6eb001012389a169e57e99a1d8a80d553ed1188d3e
Training/pituitary/Tr-pi_0213.jpg,pituitary,86a29a42c81f4204cac89a9915aeff2e19225b346261ea1f6b8917fbf5d038d7
Training/pituitary/Tr-pi_0214.jpg,pituitary,1946fe759b2ccaa5e476b6a50564a6ee8f2ed90909e7362d95d45c7f3aa3bed6
Training/pituitary/Tr-pi_0216.jpg,pituitary,6e1b243fd3c78e5d161d93311c0dd539ae88ceec43b683ea21e7fc415e2b9cfc
Training/pituitary/Tr-pi_0217.jpg,pituitary,89ef780c0cd2b86da2dc97763f038defb5ff3307147dfce9901854616cf069eb
Training/pituitary/Tr-pi_0219.jpg,pituitary,5ad5cba7d03927d82fc5985a79b57ff7c0f5d93427431f25b4f44838290f61fc
Training/pituitary/Tr-pi_0220.jpg,pituitary,cc622752849a3bac19daa1e3a9bfe657aa51e1aa136c7dfc752e8c35d22ceecf
Training/pituitary/Tr-pi_0223.jpg,pituitary,e740d14e4fcdfed23ad9b58b86914d01bf2066bdec9bcef075d6aca8190be581
Training/pituitary/Tr-pi_0224.jpg,pituitary,3e0458aa51bf4574bd16d42413768eb5451887b59c8b9cdf508ce7032b9edc71
Training/pituitary/Tr-pi_0225.jpg,pituitary,8e2a3b157a7649233a936aa55b4b3c3174ab2d651fbf87f1af9070a58ddaef1f
Training/pituitary/Tr-pi_0226.jpg,pituitary,a1ee82164acd190067400d50f236fbb6004c0002fe3c09e4cf2d71752865140b
Training/pituitary/Tr-pi_0228.jpg,pituitary,19a6c0a87129e3bc3be050bfb95355f21a14788b9fa5d8ec1358f76488bda1dc
Training/pituitary/Tr-pi_0229.jpg,pituitary,e578d23762d2b3736ff6b8d0c0ec8e6e40532e47228d7878250daa97d955ff76
Training/pituitary/Tr-pi_0230.jpg,pituitary,54cd82638bdd10c0d459ec7ff9417b813ccc44cc41471d959add974cd302cb24
Training/pituitary/Tr-pi_0231.jpg,pituitary,0aacc35e5930ea8e75ec9e42976bc4f4d104ec618d8797e5c5c3341df88fee42
Training/pituitary/Tr-pi_0232.jpg,pituitary,d03ab191af0d13be18912d424aee462c1cc65da5c2a704ce4812d3a7c82a7015
Training/pituitary/Tr-pi_0233.jpg,pituitary,33943605cf9def01a34236e38ed428bbf50cb7f889cbacea692e913ae2f0b028
Training/pituitary/Tr-pi_0235.jpg,pituitary,303e83613fa2aed8932bf7ca1035153e807541b5b4ad6eeb89b22225d175ebc9
Training/pituitary/Tr-pi_0236.jpg,pituitary,6d6db7080f888869bb383d3012022bd0ed6fc01f8a2d45c4f083f60c07611523
Training/pituitary/Tr-pi_0237.jpg,pituitary,fc848452cfe821fcf1d013530ae002c2f863447e453ffce056d61cea5d1d9d2b
Training/pituitary/Tr-pi_0238.jpg,pituitary,7faa62cebc2aeee8be60da975c2e918cec90dc220ad9da886e680c926a4092dd
Training/pituitary/Tr-pi_0239.jpg,pituitary,6747d3908e600f71db2c8b219df0d3c5eb0f6ba1fd228b06202053be0769a90a
Training/pituitary/Tr-pi_0240.jpg,pituitary,de0474536d195a0fc4209cb2707a6a7d20fa3e6158989071c8815b09d2546c5e
Training/pituitary/Tr-pi_0241.jpg,pituitary,f0f807c33e892a71ec56d183f5a5956c2ffde3cfc9334aafe4fb748a5790a1bb
Training/pituitary/Tr-pi_0242.jpg,pituitary,9dd82ba057eed76ed646f547d3a24df84f66a3ecc4f50b23bd743c797f27b6fb
Training/pituitary/Tr-pi_0243.jpg,pituitary,337dc53236cb4b2d78a50b5c73323c66787fda550cf3fef17cb70603f7b8b370
Training/pituitary/Tr-pi_0244.jpg,pituitary,9e4a16cf08dedf989025984901b55dc8dc8b78067bbb2bb251d580107e3176bb
Training/pituitary/Tr-pi_0245.jpg,pituitary,822e33dbd71f34989a2c0a056cf52ca4fef933146de8c0c5c0b8a124f28b40d8
Training/pituitary/Tr-pi_0247.jpg,pituitary,0dec5bfe981da76279f9b98735d7adcbe30bcc5e61bb2c9d4611ba3c48a6fef3
Training/pituitary/Tr-pi_0248.jpg,pituitary,b911f9d0054756eb919496a218099c5b535e680958058e257cdb966ac8fe6efd
Training/pituitary/Tr-pi_0250.jpg,pituitary,2fc97fcdbb74907e1f32a2ee95a97353a26c40076a53628a530f738f3292a1ee
Training/pituitary/Tr-pi_0251.jpg,pituitary,e80f43f4f1febc8a8031b42cfaf228b1764355e42d0512505b8929ebf432dd60
Training/pituitary/Tr-pi_0252.jpg,pituitary,e4f48a4105f7f4e8dc9ea6f6a81eaa424fd42fb554a2e67a86dbcb40f5fe2bf1
Training/pituitary/Tr-pi_0253.jpg,pituitary,0a7449717c1352419403dfb54d64a7a0ee57853ca104902308f8bb1fa4633564
Training/pituitary/Tr-pi_0254.jpg,pituitary,a621d023075294efa0c20daa710bb9ce0582e5c3e5b003a6da26f889711572dc
Training/pituitary/Tr-pi_0255.jpg,pituitary,eb221075b4c98d851e75a3a58df90813e15077672ea696fca50956bf8bf5b50a
Training/pituitary/Tr-pi_0256.jpg,pituitary,9c55281145ad89b215c12f83dd29adecd66ace3272d6341e58930a6c2d78a30f
Training/pituitary/Tr-pi_0257.jpg,pituitary,559afe311562c0dc04c739d25fdb0921ff752d5b7f9f14f574930c24ec226e23
Training/pituitary/Tr-pi_0258.jpg,pituitary,3e4b037418a95624d7b9b553bcfac3f2b6abc36c5c29e49e6457a3a65301c673
Training/pituitary/Tr-pi_0259.jpg,pituitary,0658cca24ed6e02cc6d8779d0e65732e284b6f8e6cd861c3455c18ff4fd4b78c
Training/pituitary/Tr-pi_0261.jpg,pituitary,16d348ec88f78b272762e93c244d8555001602a05c12254d8c83c1c5748e5e23
Training/pituitary/Tr-pi_0263.jpg,pituitary,8cc006891641c908e4aec0c2a10f2d84a59a90b843c0ebf23a27a2258a0c84da
Training/pituitary/Tr-pi_0264.jpg,pituitary,ed149475c7a9435e7b615565966a4ad952e1d3dc9cd4c950b930bc16e6111141
Training/pituitary/Tr-pi_0265.jpg,pituitary,2bf901bbe9c81f23f75e6c8b8f6ba3644015c844dc4d180dfa42c5c28c8c97e5
Training/pituitary/Tr-pi_0267.jpg,pituitary,c707f62bd833251a20afe675431e77796960cf0d694567238db38408b3ed398a
Training/pituitary/Tr-pi_0268.jpg,pituitary,4226cdcacfe5729e7e7643cec5a2131359e75db088a69e4e96fb190a8e37df65
Training/pituitary/Tr-pi_0269.jpg,pituitary,8e4654c468f9beb4031129740efb2f537f76c877caed0ecd25d86246e18477cf
Training/pituitary/Tr-pi_0271.jpg,pituitary,9954e4a8d90d70f3eb0d6acaaa365ddda31fe28b1a1257c8f97e9c91c5be840f
Training/pituitary/Tr-pi_0272.jpg,pituitary,2c8f4332510fb895098c5d6fb6e5f5b991bc2abd1b10491523dda47804a19791
Training/pituitary/Tr-pi_0273.jpg,pituitary,7632831f8e0a76e0e1abbf512bd7fdbcaf9b2926ada2ee880712b6eba8952e24
Training/pituitary/Tr-pi_0274.jpg,pituitary,cd3f4e97721fa8bb0a23d92945e6e258f2777038dd09b09b1338deb76a089f5d
Training/pituitary/Tr-pi_0275.jpg,pituitary,c5fae0f09610230c9e916ed7da7508c4d133f8fb8d5762f6f2d182414d49704d
Training/pituitary/Tr-pi_0276.jpg,pituitary,ac62dd6ff602203e01d2bb6cc6ec679dbd9ecfbdc5956b5d810fbb18d344c27a
Training/pituitary/Tr-pi_0277.jpg,pituitary,45bfb484733b3c9c87adf8053e8449d1a6e4f59c62acba918d38e394cf60a0cb
Training/pituitary/Tr-pi_0278.jpg,pituitary,8812ef8e88fca80388f8c2c2d94cd87d5c110dc498c34db3a423a9afd848c307
Training/pituitary/Tr-pi_0280.jpg,pituitary,6c8faf8ddb7eb55c5228605110f32660552f95cf8fe7e8704043d502075e328b
Training/pituitary/Tr-pi_0282.jpg,pituitary,62a78b702593ff7e379675b20afe6e79366db5ee72244976e51d21b58ca5e469
Training/pituitary/Tr-pi_0283.jpg,pituitary,965a01763a8338819299be72a1dde9fbfbf5518fb4c457f4d8537e7495e0fdf5
Training/pituitary/Tr-pi_0284.jpg,pituitary,f577cd479a63dd0e82a84947ed2dd86f0d79fd5bb44863e0120eeefaf15f79d0
Training/pituitary/Tr-pi_0285.jpg,pituitary,84e577fd8f43864bfcd18563438878b07ca2bf460b5deee29c29ddb95ca8bedb
Training/pituitary/Tr-pi_0286.jpg,pituitary,1fadb135a51ace8f7a2a26560928bf8c7f705b1583306954c0fb2fd902c83a13
Training/pituitary/Tr-pi_0289.jpg,pituitary,9b04704b9b8ef627aca274e1f7971b0ab1ecf38447955f00c8243f3a41f11201
Training/pituitary/Tr-pi_0290.jpg,pituitary,1aa543b9341db2a5df86a5c1e9c5d0423a361a3c52361789da09f10bde2fbd53
Training/pituitary/Tr-pi_0291.jpg,pituitary,611fe8ce7986149f0693be2fa5ca0b07276487417ae90dedac16b83e4f6fd951
Training/pituitary/Tr-pi_0292.jpg,pituitary,43079ffd91b6e9f24760cd3be48da2abb42f2d8c0225059f572b8549243e387b
Training/pituitary/Tr-pi_0294.jpg,pituitary,4acae295aaa6340a3d15c7a4f89f1faec9360399027cfcbbb170322c8814f315
Training/pituitary/Tr-pi_0295.jpg,pituitary,ee1f01512eaf7c962888aa9f2b772a524c6edc53fadb5d4d9f7f138d522f1da8
Training/pituitary/Tr-pi_0296.jpg,pituitary,9cc3adb410ba218fae26901ced61fe1fe65a90d0eae987c97a3ea067be29e9cc
Training/pituitary/Tr-pi_0297.jpg,pituitary,14c093b2bd4ce077350d71a4018c16de1e346ca1d4bb3c180fb5cc04fcd0d8dc
Training/pituitary/Tr-pi_0298.jpg,pituitary,c162de1261513b12fed6f5c8ab2b662984b76b49d82a0129799fa9ff318b897c
Training/pituitary/Tr-pi_0301.jpg,pituitary,9d52ef1e01a510dd5189e96e12daff9d03a95f82c4a4432b7673119ed2901c9b
Training/pituitary/Tr-pi_0302.jpg,pituitary,985becedd72bb864ddefbec92e3cd20ca023b108111116dfd96356e443452922
Training/pituitary/Tr-pi_0304.jpg,pituitary,a9621878f7ba2bcb032775326139a3c6d3282ab79bfeee39e768f75f2daf53c6
Training/pituitary/Tr-pi_0306.jpg,pituitary,fe921d2f3176bc6edbc13072e6455922d77e0cbf04dc68f31a859c69b3841d2b
Training/pituitary/Tr-pi_0308.jpg,pituitary,348d58cfc04120f075df4bf25f5f8ce5264c8c4db354c1f31ecf2b0d5e157703
Training/pituitary/Tr-pi_0309.jpg,pituitary,5a57f2ca38fbbfb354bfb562793880147a5591f268b2340cd81e0b44802f1a76
Training/pituitary/Tr-pi_0310.jpg,pituitary,07098fbf1270f93c1cab9c4b90f19ba1605f5bc8489d264b615f93f41f18e06d
Training/pituitary/Tr-pi_0311.jpg,pituitary,2e8d38cba8deed8e53e9934afd0901ddf095bec047a3674e616df51449c38ec5
Training/pituitary/Tr-pi_0312.jpg,pituitary,e9732ddbbbe4891f6d1cefc7890f2bce1b7bd714c93351e3e4b55ed6a2365572
Training/pituitary/Tr-pi_0313.jpg,pituitary,36a29c054877743cdee0765607760598569bc949ad90ecdc90b4969e3212a987
Training/pituitary/Tr-pi_0314.jpg,pituitary,eb975fe37c2b670c57923f1195cbc5d678049ae20aec37cad252e5aa87ea40de
Training/pituitary/Tr-pi_0315.jpg,pituitary,3da70f4a1ba2ad5e016e40ae3e9fb379c055670aec6fd91b871c3169a2320954
Training/pituitary/Tr-pi_0318.jpg,pituitary,a30c747f99de63bda282fdbe6835268357bfe99dcd6e644ca1b2dc22a1f6d6ff
Training/pituitary/Tr-pi_0319.jpg,pituitary,5fe00a3439a718c30be171e28581d26a3932cf18d72bae1c5439eeb9f28e4214
Training/pituitary/Tr-pi_0320.jpg,pituitary,8e2b4a6d3ce98d740a636942e40c14783eac078cf1758678c9d5aee948057aa7
Training/pituitary/Tr-pi_0322.jpg,pituitary,193c915569ac5ac68e10d96e637a5f171f2f143cb6f72162103271b264bcf464
Training/pituitary/Tr-pi_0323.jpg,pituitary,03abfffad1040b692d33000086c2a2b1737f7ea025905d9dbd71176af2b57be4
Training/pituitary/Tr-pi_0325.jpg,pituitary,10fe39e9e871b0c2987ce17f526fd67141d1ca91bc23cdda4cbe44adf196ce1d
Training/pituitary/Tr-pi_0326.jpg,pituitary,63e427a8f573ccfa07896da936543df416364180c0441259d5aec09d7123620b
Training/pituitary/Tr-pi_0328.jpg,pituitary,fb99032b96e86d497cd99177e9a2841d6e06421bf01feab4f71d4ba18ac5cfbb
Training/pituitary/Tr-pi_0329.jpg,pituitary,31192e8feffb05ffcea2b0953cbf12adfe27829cbf596fc54d159e98ccb6f840
Training/pituitary/Tr-pi_0330.jpg,pituitary,f0d2fc593138f61e3e4813641580afff08621c19fbd0cc72daeccf0645a1e21d
Training/pituitary/Tr-pi_0331.jpg,pituitary,30739509d96815b29c929e2539a7ffd65d1fcc784408666f1e655db776e2d54e
Training/pituitary/Tr-pi_0332.jpg,pituitary,5d2460838911025131f9e667ce2afe1b9f0c160d171f47888bdb4324add71b9f
Training/pituitary/Tr-pi_0333.jpg,pituitary,a2144642197a1bc3b518f775a50406a704f36937d357c0384c3b9e000b859a3e
Training/pituitary/Tr-pi_0334.jpg,pituitary,d3092b7290507f5e0b336d7dff5f0c81a048e4e2fb1c7e8ee6fb0d51f7cdc429
Training/pituitary/Tr-pi_0335.jpg,pituitary,d6addb59f4164bfdc94f2137f87f3e4462646e5f377aaf02129bea7e503c53db
Training/pituitary/Tr-pi_0337.jpg,pituitary,c7c2dcac47ada0d13857a269642ee92cb7ddfacf4d50706b124133005774d900
Training/pituitary/Tr-pi_0338.jpg,pituitary,86137c9107b4d273aa49a3ae9c7e1b19852242f83eea452a781c9be9e14b5aed
Training/pituitary/Tr-pi_0339.jpg,pituitary,7b0bc7ee320f1724100bfaa1484d63eceb50b02b5802a672532f79c1b56159a8
Training/pituitary/Tr-pi_0340.jpg,pituitary,39352312b0fedb7e7c118495827984a04535f439ef3d0324dd0bddf1097159be
Training/pituitary/Tr-pi_0341.jpg,pituitary,6dfe0ffeeb7b19416e8f6efdc019817736c4f4a9a003dc0e331b19a8f1770437
Training/pituitary/Tr-pi_0342.jpg,pituitary,8afa71fed3d0307237b24872056b750f3c06ee0d9527c35241b908eb7404080f
Training/pituitary/Tr-pi_0346.jpg,pituitary,c2d27aead070acc3319117253b69af78c2ba7b4530918716cfdb63742e707a3b
Training/pituitary/Tr-pi_0347.jpg,pituitary,6d8f3393815909950e3f14c042567f84cd6e6a901b331a3a9822992d42cc6ae8
Training/pituitary/Tr-pi_0348.jpg,pituitary,61839d9f883352044be49023276e1a99613a6a0ba432686529d7b9c47c215a68
Training/pituitary/Tr-pi_0349.jpg,pituitary,18c55f319af9fcbf7d6d2300e9f0ba4daadabc891614a8aa227fde26c9c4d909
Training/pituitary/Tr-pi_0350.jpg,pituitary,6c50addf215f8070698ffdbdba3776c630bfff719b0e7e3c3a445e1a5e59de2d
Training/pituitary/Tr-pi_0351.jpg,pituitary,dc7024c5becfb5e95f87452725502f1d5cafba36713512d023b3ead227e5c9f2
Training/pituitary/Tr-pi_0352.jpg,pituitary,6d45d2d3dd8a63165576b598ff499cccd04d0bbd60459b43c1b39550aec5d9c2
Training/pituitary/Tr-pi_0353.jpg,pituitary,babe2204448db7fda826482dd1e2b5bcf360708511c1bcabacd7c923d3562d64
Training/pituitary/Tr-pi_0354.jpg,pituitary,54297bfbb3b601b30c2c683c51c70f50d3149f39cf819308701d49034ca49a3b
Training/pituitary/Tr-pi_0355.jpg,pituitary,56ebf4c1a544ae1e4d998444cb08b4c03ebd7c4e51def7d060e69b1923c06d8e
Training/pituitary/Tr-pi_0356.jpg,pituitary,3369bd0b2fc6f289b3f65f40ef7e05a79bfb083a80e2cf45d9cdf2493fb499aa
Training/pituitary/Tr-pi_0357.jpg,pituitary,b66a6c1e11f627956b224a451cb4e4c5e0f291efb98de6587e4c2a459e71753b
Training/pituitary/Tr-pi_0358.jpg,pituitary,39eac376ac3c6aebacff77655015b1e1eb4cc1e67a1853a69796822a7e43124d
Training/pituitary/Tr-pi_0359.jpg,pituitary,270e1278a573a6a559075a6a01d412d00f72ad831c457138db6dad38aacf870b
Training/pituitary/Tr-pi_0360.jpg,pituitary,cb11c4d66feff9efec2ee78763516b4a2de0fab290b881c1eafc81c2876b121c
Training/pituitary/Tr-pi_0361.jpg,pituitary,7fa220a1897c05831b474a73ce2a2c1f54f1b3636a09f74c6f6dba49a42e4a42
Training/pituitary/Tr-pi_0362.jpg,pituitary,a7e2c3a1c4cafcab4be2236e6bffc01e4f1ba131791ef1b73a018b6cab76c696
Training/pituitary/Tr-pi_0363.jpg,pituitary,a5d80f7431c618a38e8c8554ba1a76d78cf67888a0eafa1b18949b543cc6a21f
Training/pituitary/Tr-pi_0364.jpg,pituitary,50c21ea7acf1e4764a1eef56ba29745a58d57ec885640bc658f9b0888933ace8
Training/pituitary/Tr-pi_0365.jpg,pituitary,645df4a69cedf5ed8fd34976fd300304f805220e22bd5eed3ce2689a70ba55b1
Training/pituitary/Tr-pi_0366.jpg,pituitary,bc47b354bb396bd3c9cb95b3c4bdbd5f5a49213a7e4613bd094160460ba31dd2
Training/pituitary/Tr-pi_0368.jpg,pituitary,87b8a4532f3734242ee45cd61680f8c00e5b6066e00bc1aad6765370a9fb1c8e
Training/pituitary/Tr-pi_0370.jpg,pituitary,19ef5a1c7b40af8108cdc471d43b53af4d0e4717edce1868476dffc6f4126d1b
Training/pituitary/Tr-pi_0371.jpg,pituitary,411395c3c10c89ade0e4fe34a0debffb7c4d9f2ddf95396a9df60392dea546e5
Training/pituitary/Tr-pi_0372.jpg,pituitary,3482831604d5b2de54c7d30dc3c6e5cb6281b7128f7a049161d64020f6691f26
Training/pituitary/Tr-pi_0374.jpg,pituitary,260e5c685020e0627f552cf057769a83645dd7f27d2d87e28ae28992b26e5f0b
Training/pituitary/Tr-pi_0377.jpg,pituitary,9cf9b7c9e35b9f5a7ef60e9448f60bc89b5b3b28efd605f8087514a61a160886
Training/pituitary/Tr-pi_0378.jpg,pituitary,5a557308c28993b00e888916cb92c947b13bd5b550167b040be7ce2fd3023030
Training/pituitary/Tr-pi_0379.jpg,pituitary,5aae8a658c8a48719eb15a2006cfef7f2059106699215677f7c89b72ab5e7090
Training/pituitary/Tr-pi_0380.jpg,pituitary,0aad506c709fcdc275a946e718c85274f49b7b9c3034b48334bc701054592946
Training/pituitary/Tr-pi_0382.jpg,pituitary,4d56899f6e68c15728439e6a75953ba43840ba2c53a9b3f114f3f7b22780ef0c
Training/pituitary/Tr-pi_0384.jpg,pituitary,382e731c8bd40e71fe2753b9b8e23edc51315ee859be93ffea0b5fd2fd1ef037
Training/pituitary/Tr-pi_0386.jpg,pituitary,fc24fc9248c1a78f95f7b064ab58aaae6d20b2e31f7d3d6e887f22e4e4b3eff8
Training/pituitary/Tr-pi_0387.jpg,pituitary,888ae8d9710ba7e7b12900ee9ab10ca1452ce99f7be22fdaa0f6e65b9838d1dd
Training/pituitary/Tr-pi_0388.jpg,pituitary,1233966ce8e805be57ca632d63199d4e2ed3955082bc35393fb8a854fc92aec7
Training/pituitary/Tr-pi_0389.jpg,pituitary,23af532520d496eb5c76e72177abe55c6e6b3d6f2e82866db28895a66b724cd1
Training/pituitary/Tr-pi_0390.jpg,pituitary,e3104ad49f305b68dec6ae8c8e8689fb2c673d2a9cdf303e6beacfeb4394f62d
Training/pituitary/Tr-pi_0391.jpg,pituitary,14d3261551437ce7ac559378bc8d837b4ad99649a8bd0b7d962a6fa305f256b4
Training/pituitary/Tr-pi_0392.jpg,pituitary,98205ae2f74a822b06943f61ce321d68375cb8ee6ec9e2d78cd2c2f8a58e4db0
Training/pituitary/Tr-pi_0394.jpg,pituitary,1331dcc11d7fa358653b0a63a4c2f17c9741f2643e384bc3370e8ba910f1dac7
Training/pituitary/Tr-pi_0395.jpg,pituitary,fc8d6f4f05257846134218eabcebc8224018d1c8d080647c8de7a8e668d4b9cd
Training/pituitary/Tr-pi_0398.jpg,pituitary,f15a0a012faa87d2792c395ac5ddbbc5bc2f9af06e8a34511167dcdb2b8530fe
Training/pituitary/Tr-pi_0399.jpg,pituitary,1575e27105569f45619a84d1506682caa2689ce80fcfd7c5611e5df93a5f9955
Training/pituitary/Tr-pi_0400.jpg,pituitary,3c42d2b7bd1d413ebbf053e0eab076e287b961acee51b864ec21f156bdaed437
Training/pituitary/Tr-pi_0401.jpg,pituitary,899b1a25a7f144e7646ecc9fa10e0ef9721dfdb54ed4689556ae0db8907af393
Training/pituitary/Tr-pi_0402.jpg,pituitary,6d5041976ac234dd6163a564439d2d052cdd5c139c1f5d29b50f76457ac98ff6
Training/pituitary/Tr-pi_0403.jpg,pituitary,2630c5486d28e06466ccf17491279ea6ec6ba9e26158b98606256e4090e53e69
Training/pituitary/Tr-pi_0404.jpg,pituitary,f201e240c765dd650146cb09c8197069a6f7fda60be0f6b9ca1286f15d02eb16
Training/pituitary/Tr-pi_0405.jpg,pituitary,1ee599ef78a688ee97a1b76f5fa577e47b377e4798e6892da63540dd3a8aae9f
Training/pituitary/Tr-pi_0406.jpg,pituitary,937e091f6ea63f9bac21a86ef0b98ff1dc4fb9778d78d43b4fab9ce9448c1145
Training/pituitary/Tr-pi_0407.jpg,pituitary,1a978a472d36c94cabd8f4e78a28954d76c11e4acaeb0b730fc2f5069a2eb60b
Training/pituitary/Tr-pi_0408.jpg,pituitary,0a460f8b5dc7a944d20023245fae69c49f08753986de3a9a79b31cc156b7eb1e
Training/pituitary/Tr-pi_0411.jpg,pituitary,2f66e9f714f6422e5f88362cd90bd2dbc922843c6c8a2d456a41153b633252eb
Training/pituitary/Tr-pi_0412.jpg,pituitary,553eb7217a3e2035de88d5ba71324e4a0b55879ea4ecb731184a055bd1208af0
Training/pituitary/Tr-pi_0413.jpg,pituitary,1e7427e18eda9a569729c4617ebb6c0bb646baae199ff99c4586924c6d9bd1ef
Training/pituitary/Tr-pi_0414.jpg,pituitary,796b970d958c295274c690e58fe99371562c8fad19de331a3bee92c4f712abd4
Training/pituitary/Tr-pi_0415.jpg,pituitary,0b4c122bd8f333d3e4c6a4b133f3cb713133ab6990fdb44a24a686d6ef69dffb
Training/pituitary/Tr-pi_0416.jpg,pituitary,fa7e0cdfa197ae41a62ec58af9e2070337211361c57d90a74087262f8147a42c
Training/pituitary/Tr-pi_0417.jpg,pituitary,5a9ab0765b566ab4d4797eceadf63a432242b035349ae19c234e20007ba07206
Training/pituitary/Tr-pi_0418.jpg,pituitary,12d17d53494bfc1317b34bb7ffa820e3781bf709a02fd7f67334fac3c4e4a2ae
Training/pituitary/Tr-pi_0421.jpg,pituitary,0d021d5403a52cbea118a8582bbeaed84b1eb7dfd8ed4ca412957a8e9b8d054c
Training/pituitary/Tr-pi_0422.jpg,pituitary,ca3e36a6fe3d08360dcb5bba47e26cce07bb0046333a2e88e9fa2dd181096594
Training/pituitary/Tr-pi_0423.jpg,pituitary,5747d697079b8100adaf72f45fcb9127e65de0177b4871ba32137e78dafea66b
Training/pituitary/Tr-pi_0424.jpg,pituitary,32d3a461be9d58933094c2cbaf5f0e947b31c61a9fc980d91913469570cf964e
Training/pituitary/Tr-pi_0425.jpg,pituitary,f6ddae0e63d00adfd06956e931c83f6cdb4f9010c02f5d2c41d71929a039790f
Training/pituitary/Tr-pi_0427.jpg,pituitary,f6a1cb41980bdda291824c6f73bc525c5ed8f1f68d05147141e4f5ad0c407c2a
Training/pituitary/Tr-pi_0428.jpg,pituitary,67ee296e5c01518e303d90ed7d3034a39e3e8fdadfb53b27b15d000109c5acb3
Training/pituitary/Tr-pi_0429.jpg,pituitary,cff9504f8d496036ddbfbfeafe078d13f77c1b0931d009bd85ddd47c7038d09c
Training/pituitary/Tr-pi_0430.jpg,pituitary,04c801927f76ea1db923da5c311315c9c48d672da9355db5d30ffc05b8801b14
Training/pituitary/Tr-pi_0432.jpg,pituitary,d475af6f922f35665a02ef8b0a272eca7561db5df1f2384d28b025d1973e1f9e
Training/pituitary/Tr-pi_0433.jpg,pituitary,5dbee04103ba69298735a82da51b30cb96449035c54592e8b0e36b77cd64d3cc
Training/pituitary/Tr-pi_0435.jpg,pituitary,68d38ce323605033ba3fc6597cd59016e4d53ccee2f6e7b6dc06767abc0ada52
Training/pituitary/Tr-pi_0436.jpg,pituitary,5d14603478e75cabc7636f972a4d84e7f7066e1957e993ba83615b15668c0e4d
Training/pituitary/Tr-pi_0437.jpg,pituitary,decd1d966e19fd5ba7cd8e11ea343212102f9a63e8a608a63d58ca0ac078db60
Training/pituitary/Tr-pi_0438.jpg,pituitary,5365a851fc1ee55019434142312aa3e8157e00ea8e6d81f06b0f433c6970cba7
Training/pituitary/Tr-pi_0439.jpg,pituitary,ec2a14871455b127246e7d0ff50667408624486dbbd73870381b28556e76b1a5
Training/pituitary/Tr-pi_0440.jpg,pituitary,b2cb2d85ac9a7812c0accadd910ca71740fb24e2a85da482c3237b2448456021
Training/pituitary/Tr-pi_0441.jpg,pituitary,23703e283ae0fb06613fe7e3c8977a535ff2f3d046e8f9623b4c2d6f703d54ce
Training/pituitary/Tr-pi_0442.jpg,pituitary,3bd54ab8a4eadad26fe4450b81b5e875dcb92bfcb039a1644c85c8d4ab63a7b3
Training/pituitary/Tr-pi_0443.jpg,pituitary,670cf710521bcdd224c3c569aba35f5cecc60c661f498d267dad4e5fdf113ac3
Training/pituitary/Tr-pi_0444.jpg,pituitary,50fa21cec7f9a1ac4d80f95f810d9890563f2e5b91160d4d83e945add7298660
Training/pituitary/Tr-pi_0445.jpg,pituitary,788f2c670fc18ee25858b0ca87df641e2d17cea6702a9b2272002b99409ee345
Training/pituitary/Tr-pi_0446.jpg,pituitary,c1af54f2f9bdee2d2ecce4de81e56045b46c2bb70988dee44a73c4ea6331c846
Training/pituitary/Tr-pi_0447.jpg,pituitary,39783400c275dac344db2bf56cb38f44dbbcf8e1d55978bb9a02924f56e508cf
Training/pituitary/Tr-pi_0448.jpg,pituitary,c8ed3822ad13236d7b3687c9fd1d99a58cbb138dd897b9912bd445bf5c0cc65a
Training/pituitary/Tr-pi_0449.jpg,pituitary,9bfe5dc231cac23932a04fa6d44d84d7ac74ae1a8bcb064dc2ee367710ff89f5
Training/pituitary/Tr-pi_0450.jpg,pituitary,f8df03b7caf49fdeec2121098b04cfc78dd8b46b8b4a4e03d8edcbe829d28d9f
Training/pituitary/Tr-pi_0452.jpg,pituitary,7aec92ccd62386da2ef724e12486ce23443737754717b8e7e564080a58a6e17a
Training/pituitary/Tr-pi_0453.jpg,pituitary,8da6ae1dd833f108fff62fcddc4033fbaaf340ebf4a3b781d3d990242e152da6
Training/pituitary/Tr-pi_0454.jpg,pituitary,7480a84d68678480135e2535f60dd64f440636de99681f5852c7f4ee10b91a82
Training/pituitary/Tr-pi_0455.jpg,pituitary,6ef46426f641b1feb53d9648e37c41276be1d4c9359e061d809e28c2f42d5ac7
Training/pituitary/Tr-pi_0456.jpg,pituitary,904443faf3e2497456d640dac17ee07d2a8b5a86994b9585d4b2ae495a77a55f
Training/pituitary/Tr-pi_0459.jpg,pituitary,ac99800ef216379ddc83e6a707047e311f92c2f5b155cc7c3dbac269720582f3
Training/pituitary/Tr-pi_0460.jpg,pituitary,3e970de0a5eb345d460395176dd4524185ea19d9a6ae39beaad1aac7f3574137
Training/pituitary/Tr-pi_0462.jpg,pituitary,5c8bde4f66583b4bf64f55e6c9b86d66a709371f66c824d3302ea05c7a51ed14
Training/pituitary/Tr-pi_0463.jpg,pituitary,72c4d736543b2a020e0ae6392ca9885e3a1fbb6566aa5b8599087125add8790c
Training/pituitary/Tr-pi_0464.jpg,pituitary,79e5e65d8fe4327a500b0c0cdfb88f63d2de66f860fc80c5de26273abc7d96d7
Training/pituitary/Tr-pi_0465.jpg,pituitary,84cdcb9b556da05793446791a0e594fbecea807483d8462558278cdc51dc2d64
Training/pituitary/Tr-pi_0466.jpg,pituitary,9a94f147cc2efd10a2582c58935b06b9d60c88df70209376044424e61d52e02c
Training/pituitary/Tr-pi_0467.jpg,pituitary,8bd8d992f706ae89b630a35133fe050b0de384ab1fcecd0455b8c3295e1baa53
Training/pituitary/Tr-pi_0468.jpg,pituitary,247e415184c433b2d62ce0f917f41f5074e7b21cb840191f5c7f0582189975e8
Training/pituitary/Tr-pi_0469.jpg,pituitary,6a837342a26f0d6394fa84c5e542305089e270cb94c93c8ea27daf200401a051
Training/pituitary/Tr-pi_0471.jpg,pituitary,754cf18c00e16569deffd5afb54753751a1b04b3fe23805217a809271d8ef9d2
Training/pituitary/Tr-pi_0472.jpg,pituitary,7d5fd4745b9a6ce5cdcf9b2d1dd31c6e36a1a9e1aec63e656369022dd0cd9a7c
Training/pituitary/Tr-pi_0473.jpg,pituitary,9273fc5e305b3c9dc9eee8a222097c3d95d1f4795bb7b8af6071b24a9652e722
Training/pituitary/Tr-pi_0474.jpg,pituitary,7b620f6dc323d403afb8ffe83ac2c78116cc93849cc016f6f4217c94aa6e4a5b
Training/pituitary/Tr-pi_0475.jpg,pituitary,2dd61a4f23c2c5a4570c75c9159f959a1f06ab8ad1e5cc055a4e3860e4a0f1a3
Training/pituitary/Tr-pi_0476.jpg,pituitary,7a37832960f5af36ad7ed583953d14e26870b1e85db3fe6651869eaedafca54c
Training/pituitary/Tr-pi_0477.jpg,pituitary,c7495e22ffb59fd9c4d24dc1c26fe07714eec3d326a9f7bd5853da2689e56e40
Training/pituitary/Tr-pi_0478.jpg,pituitary,c9ff6c4dca1b3894225d3b343e6cd954457e20cf1d92e507a3b1f217488a0bab
Training/pituitary/Tr-pi_0479.jpg,pituitary,7c83596ebea3b67efe509e1a76f84863141801ed52363c9768bc830d974856bb
Training/pituitary/Tr-pi_0480.jpg,pituitary,a05c9ce5e5d881a699864e9191a29a86dcbc615a4bbb7102974985d8b77c4fab
Training/pituitary/Tr-pi_0481.jpg,pituitary,5434a246fb3fc03fd79f1f7e7fb76544f31edaa55a739458d743e81edc359877
Training/pituitary/Tr-pi_0482.jpg,pituitary,540668fe197377a5f521b503dc71b92ddde622519eac3abbca513500ed70af96
Training/pituitary/Tr-pi_0484.jpg,pituitary,735ae73f6bb1d377c08a1636780f66f33cfd3d0635c0406d6f5f31af117ae3e0
Training/pituitary/Tr-pi_0485.jpg,pituitary,df30274174729c0df0c8fd4e94cc43d0f7904e2eee37aae34bcfcedd158df915
Training/pituitary/Tr-pi_0486.jpg,pituitary,cae5bc54935b055a2082ffdd505abe014160234770705edccddb0f9f91e968ff
Training/pituitary/Tr-pi_0488.jpg,pituitary,309fa403cb3b19f98f910c2380104e52fdab120c56385456f5afd6183ae1db04
Training/pituitary/Tr-pi_0489.jpg,pituitary,fa1cd4c3598c3d5352be3c9211f555cdd4f94e21e5be76efc572d994c379b874
Training/pituitary/Tr-pi_0490.jpg,pituitary,09cd823a79f25b43c4cc77fa7a3d384abeb00f29625749532e893195341d046a
Training/pituitary/Tr-pi_0491.jpg,pituitary,603857b3e7a0653753e5304fed14dcde90caba1d24259f3449dbe98ff75326ad
Training/pituitary/Tr-pi_0492.jpg,pituitary,a07d92151173d87fcc6db595fc2ade901f1ef67a772105ed8888d1e6a2954f16
Training/pituitary/Tr-pi_0493.jpg,pituitary,f205a3db058de969817ebf824a7586f87db0d11c27861b86ec523c593a18bd05
Training/pituitary/Tr-pi_0495.jpg,pituitary,90c38f90445e35eb3247b27b72d7058386a8c60cafabf283138942db5258e98c
Training/pituitary/Tr-pi_0497.jpg,pituitary,09206f2d5b723082801fbf8e4b4c9488b4483a7bf7e54c1b42ab4cd3bfee1cdf
Training/pituitary/Tr-pi_0498.jpg,pituitary,fad27740b667c47774af77007e256ca35958f71d156c5fe63a1f5c30e7e7921b
Training/pituitary/Tr-pi_0499.jpg,pituitary,0b6aecf17d845b06faae1131b291236b4a0e543810b9e0b25fc9ba635d5a236d
Training/pituitary/Tr-pi_0501.jpg,pituitary,f42e328ad28f07a73b2a3763a41f5fcfa4ddf76833f36e67113854aa2cd331a0
Training/pituitary/Tr-pi_0502.jpg,pituitary,9c2c4b66957c20ce74ed30e23571e885877da32ae12de47f99a9b008f5745fb7
Training/pituitary/Tr-pi_0503.jpg,pituitary,65ba59bbcde5d612e3ac0c4629e1bb60d79f7240f9da8e6bebb44889eb8f1a36
Training/pituitary/Tr-pi_0504.jpg,pituitary,bcf975c9a4f371ea4e30a1c293dfdc32425777d4a7418007ae41fdf189364039
Training/pituitary/Tr-pi_0505.jpg,pituitary,72fe1f98706723a00af8904dc8ae759a54af0cb2420a5872491a29d2bde1781a
Training/pituitary/Tr-pi_0507.jpg,pituitary,174fe12e5c249b8c43b4fc1ef2930311380ca961f077581433b26279a1b1aeb2
Training/pituitary/Tr-pi_0508.jpg,pituitary,ca1bc7dc7e5c20459779884e37f46b44e365a7c99a3dad494a72d36e97dd62bb
Training/pituitary/Tr-pi_0509.jpg,pituitary,8de9bf73b9a2a5ea5df336195b0b1da7a75b56d63b436466a10fa285fbfc10e9
Training/pituitary/Tr-pi_0511.jpg,pituitary,31ac1ace044ac3cf7b3e90c01f4cf0d564f59686fb291670cfacb8ecab9b4034
Training/pituitary/Tr-pi_0512.jpg,pituitary,427bf07b252f4195624a2ba37cfdaca038fd306cba31a86736c3afcb6b7d8ead
Training/pituitary/Tr-pi_0513.jpg,pituitary,cffc6b8395fdd325b5fe01933adff862fe062918feffa495ff46106714a64cba
Training/pituitary/Tr-pi_0519.jpg,pituitary,7e776e6a167da6c04583f344284ad1f6ae8228f4bee74a1be86bd5a772eaff39
Training/pituitary/Tr-pi_0520.jpg,pituitary,fa1b99a077c2038fb23ef239e11ae9c34bae7cb6ffcaf1fc44a4793a775384ce
Training/pituitary/Tr-pi_0522.jpg,pituitary,53c244ce759f93b06e708f2229dc31b494a5aee44b4317354c70bc25e9a1b37f
Training/pituitary/Tr-pi_0523.jpg,pituitary,53cf25a2e4879eab804e2fa56f1ad22f8d5c8082c5729ad027eb734bb854c986
Training/pituitary/Tr-pi_0524.jpg,pituitary,0ab28e8d7266b04f99dcd7c8c2f210e1fddec11f21d2e53f134ccd7e8d6e99d1
Training/pituitary/Tr-pi_0525.jpg,pituitary,deb84c8fc0de967539c870cf987b48056fadb9ab53c33899d0f7fce691b0c820
Training/pituitary/Tr-pi_0531.jpg,pituitary,47fb0e56ae77b0729a47f21cd1226910be3d42eec971376a62737ca4c448d9ef
Training/pituitary/Tr-pi_0532.jpg,pituitary,f6346cc85d2e6661bd1c8fc0f9ddf794c359bcf7d9602942430fe1263f1d53a4
Training/pituitary/Tr-pi_0533.jpg,pituitary,191ce712494ccfda4f1a2a43f3c6c8e8530a34774c3d6df1b4b6221d23b3d77c
Training/pituitary/Tr-pi_0534.jpg,pituitary,c311a5a5f69d793b73860932397a7b85db7c52bd86bb3b209c01666a259c38df
Training/pituitary/Tr-pi_0535.jpg,pituitary,c591efc5cb6c606349fca7ae9ac60e34db1adb10379e45d413ee4625f8d37fb1
Training/pituitary/Tr-pi_0537.jpg,pituitary,38ab38314afe35fd679fd4c68481f09d818dfab7bff03397394525828eb64571
Training/pituitary/Tr-pi_0538.jpg,pituitary,6d4f59f661247bdd290f3432a628db82fac30fc1afbabb3d801bac4146055ef7
Training/pituitary/Tr-pi_0539.jpg,pituitary,cc2fba74aa724ca2f3c59562a3a4578b20b10ecff17058796424221022bf3ad0
Training/pituitary/Tr-pi_0540.jpg,pituitary,efe1e6fe0be253ca90c4a2e1475afe42260c625522c6e49e946c085f1bd1e3ba
Training/pituitary/Tr-pi_0541.jpg,pituitary,2215206c95fadc542497cc6e26ec8f8579f0aaa63d954a1319043adb49028634
Training/pituitary/Tr-pi_0542.jpg,pituitary,058826b9810d817cc1a658890fd576f3c00421905db94192d3bd741061855a5e
Training/pituitary/Tr-pi_0543.jpg,pituitary,2cee72de4b0234183c86e09a1a06af992ff34b060d58196bba3ed6502a4573db
Training/pituitary/Tr-pi_0544.jpg,pituitary,5e066539936f4693c92f1b465478dc6fd5182c2b477f3b1fd5be4bbfa63f6376
Training/pituitary/Tr-pi_0545.jpg,pituitary,e8ae2877be78382ab2cb00041e44099e9c195b0a654e7ed9de61897e759e4090
Training/pituitary/Tr-pi_0546.jpg,pituitary,44ec4360b4807b440c40dde7cd4d50e23c3923c71bc5af68be03deb2a1c0e981
Training/pituitary/Tr-pi_0547.jpg,pituitary,1ddc5ccc4a192592b15e96d23e5bc20536915b59931a6e87b0fa629b9f24225e
Training/pituitary/Tr-pi_0548.jpg,pituitary,7b727ef9da960c73a9c99e070f15cbedd8e9686ee1e842b7552b14659d601a3a
Training/pituitary/Tr-pi_0549.jpg,pituitary,fe8493e02fe3f88f19e3849671cdfd86a8143d6cc467c0a969070c77007b03b1
Training/pituitary/Tr-pi_0550.jpg,pituitary,0b3f6def454efcb1fd21b5a0bbb0edab25e75a482253408e17c16c946a5bfc15
Training/pituitary/Tr-pi_0551.jpg,pituitary,2aead0b5290aabb6692ebc13e1f3903f775d5a4e3fae743807329c8eb057690c
Training/pituitary/Tr-pi_0552.jpg,pituitary,d258ca512dff806f60f55f61281227d0f15481a7bb1ba61332188c929c6b3ac5
Training/pituitary/Tr-pi_0553.jpg,pituitary,ec9e88f25618c8f6a84e1eb35d524e7cc5ebdf3aecc77ff9f0d6fad52ceb9e81
Training/pituitary/Tr-pi_0554.jpg,pituitary,e90511c049be079697bf936cb5bbfe2377c7271c96af2322e3be075b6a3bf19b
Training/pituitary/Tr-pi_0555.jpg,pituitary,70334e5860fa4fb7b90aad8b0f4610f0a844d8f41954ba921ff4e07dad757249
Training/pituitary/Tr-pi_0556.jpg,pituitary,53a7cc5a84fc54cccda7288d9c89c6d3beff638273ce61c3dd6fef8ccec9df2d
Training/pituitary/Tr-pi_0557.jpg,pituitary,d60ecf5a2ea3fe4315dbf40a023dc838c66ae07266b3ab49be8beeb3733cd326
Training/pituitary/Tr-pi_0558.jpg,pituitary,cfe4ad7e1504a741c8a20e7c0006b41a2e5d2b4c29051f41c191f17533921f2d
Training/pituitary/Tr-pi_0559.jpg,pituitary,c2eb40de407cccb68b425748f0fabae16ecd3745ff2f53b5f4b2367756b3fb49
Training/pituitary/Tr-pi_0561.jpg,pituitary,e768c7285ac62088ed8a10c68cf8b5ee1c77dbd4c54250c2f33af19a796b0591
Training/pituitary/Tr-pi_0562.jpg,pituitary,066b191d32c41e3832b347ae5fdb6f6930eb69e58caf500d67fd164a4becb04a
Training/pituitary/Tr-pi_0563.jpg,pituitary,455f8958327ddb42a83fa2c2f60aa13819692ab9a254473bdfba3f70ec068045
Training/pituitary/Tr-pi_0565.jpg,pituitary,2783e2f2826cef2cfaf626795d957fd243ed705416665402b666bc9fa49b7d23
Training/pituitary/Tr-pi_0566.jpg,pituitary,ade862e9fe92a2beb335640aa8b1ad31e78554b6c5ac1b8725be0c6b73fae3a8
Training/pituitary/Tr-pi_0567.jpg,pituitary,e0880717a78aaeb6fb85e7c316ca249f40cd529f7809a70fa16dcecf4ea7388d
Training/pituitary/Tr-pi_0568.jpg,pituitary,874ea23fc0bd01f04545ed6f880a492866b976d3d0731842883b630355e23b54
Training/pituitary/Tr-pi_0569.jpg,pituitary,87bcb7ff0b80ee6e111fa4b7fd6dba2d3e53323516597f9ea1c792e337308caa
Training/pituitary/Tr-pi_0573.jpg,pituitary,1917cf11a66f068be75028215d0795510db90c59c333653e904340889c38e490
Training/pituitary/Tr-pi_0574.jpg,pituitary,c5898d1c6a700de9bfa1bd82a802318501301bf59165d7fcad5818685713f0e8
Training/pituitary/Tr-pi_0575.jpg,pituitary,0e83f73c27a75d6063ff2ce1d0608e483eb67c67a2245240f0d0b462ebc4265a
Training/pituitary/Tr-pi_0576.jpg,pituitary,677ad07d344037fc8c15eb5eee7dee8b6fd3c82750c3a6f053488c836c1a887e
Training/pituitary/Tr-pi_0577.jpg,pituitary,4a5a54e0a5ca4178d549835f7065b3da2224e8bf43113ca842a83e7268a87dcd
Training/pituitary/Tr-pi_0578.jpg,pituitary,82b1c1685bb58701d9a0853b9e5836c76be2f73d196c8bdbb6f82460c5a45ae7
Training/pituitary/Tr-pi_0581.jpg,pituitary,d88d33d633371ca01dc8ded95c5f3d5cd3e9b42ce875ac9ce1f1ea9647102540
Training/pituitary/Tr-pi_0582.jpg,pituitary,750e8005bbe06ef89ba534bf54e3575bc2bf381076dde6dad69fdf5e93606017
Training/pituitary/Tr-pi_0583.jpg,pituitary,2ef5ee3a753e06b1cbaf151c1ba493506921b1e41e0ed49184ec045035616ab1
Training/pituitary/Tr-pi_0584.jpg,pituitary,0d50d81e9b33e55e1edb0caf63b7285a7abdc8aa5c35fbd097eb82b6b248f23a
Training/pituitary/Tr-pi_0585.jpg,pituitary,8101c9db813f501b561195e9baf1324c1b736c44df5499b8c223b25030b7970d
Training/pituitary/Tr-pi_0586.jpg,pituitary,08cd316a43731a36ea32870b4250cf94d1263579ad9ea12a7a002161c6ce39a8
Training/pituitary/Tr-pi_0587.jpg,pituitary,67be465cd4b08a09327b4bfa6728226fd234cfa12e5c6c5cf0cb2fa1998fa596
Training/pituitary/Tr-pi_0588.jpg,pituitary,e09c0efd7275fe6dcca7d375884a8a3bfdb440ccf7db0fe590457059f1daea1b
Training/pituitary/Tr-pi_0589.jpg,pituitary,352e008e1018d3c2819adac79f88d5c22c147ea8eb9c1f36d8cebfc488e8229b
Training/pituitary/Tr-pi_0590.jpg,pituitary,1336473438403b16e8acbabc0843178ce1e74a6efb2329e3210461c9bd4d14e4
Training/pituitary/Tr-pi_0591.jpg,pituitary,9b6671dcbc7f725e2260b83cecf05f2b90b551e0be4e7d2e8fdfb6b3be71d26c
Training/pituitary/Tr-pi_0592.jpg,pituitary,370550cb48abc22988396cd82c752a280c79356b4927f145ca573969713eadf3
Training/pituitary/Tr-pi_0594.jpg,pituitary,82fc4228e4a0c2137a3167ec0b34c1559cad191b8485090b01158e8db9342319
Training/pituitary/Tr-pi_0595.jpg,pituitary,130b423db0534d535ac335bf4124cbdd57307c12b7350c033308a1930793c32f
Training/pituitary/Tr-pi_0596.jpg,pituitary,535de7eda579869cc1c1bbba650b32a4067b9868f20c24bc219c7c036d478297
Training/pituitary/Tr-pi_0598.jpg,pituitary,3b43fd98ee693140dc5a59301ba0d52de9cbe93dfd0d663cdfd5c392cb64b93b
Training/pituitary/Tr-pi_0599.jpg,pituitary,72274e133fc0dd456b714c7df073f130b650e0aeec2dfe8e5c0d3ce05cc1436a
Training/pituitary/Tr-pi_0601.jpg,pituitary,5b9f0e5c909d3087a9350490ade735eb27e10007babc76d582b5d406eefa1957
Training/pituitary/Tr-pi_0602.jpg,pituitary,58759635771025c8ef4c93739686c035cf6f55f495af139f3e1c25e93db7446f
Training/pituitary/Tr-pi_0603.jpg,pituitary,8840d527142d62d959ede782b425e7f8d0700935c0266757d48b3acf329ce1dc
Training/pituitary/Tr-pi_0604.jpg,pituitary,e9ccc36ccdbefa5fb2d05b38469d98e77aea14e7a4a7a35c6e45896cd27bfab8
Training/pituitary/Tr-pi_0605.jpg,pituitary,d490013a548d4650f795d0c5068b435ad8b99f95ee6dec3fda5c971196770776
Training/pituitary/Tr-pi_0608.jpg,pituitary,68fbf9942b76cad1883696e51d5d86baa5b8049af7bf3bfd8f4018f23d7ea004
Training/pituitary/Tr-pi_0609.jpg,pituitary,60bbc02f497e29dee46e7c1b5f6935f3b5d1c6b17ef7a51961c78c06999a4e6b
Training/pituitary/Tr-pi_0610.jpg,pituitary,39d9807c2c27d1d392583549d3b8621de14748bf20bf632a34b1177423d0164b
Training/pituitary/Tr-pi_0611.jpg,pituitary,8d301a1109a04cb3844e786c5d7c81a31ae2548129d71cb85db96063a3cada50
Training/pituitary/Tr-pi_0612.jpg,pituitary,a7b97ddff50de42ac10918d1ee94387d5579476cf59fd13fce3dd8aad2f0b9fa
Training/pituitary/Tr-pi_0613.jpg,pituitary,b52b210dcbdc4488777b4d8991fca0b982eb3ee2e5df62a042f54362c0f4371d
Training/pituitary/Tr-pi_0615.jpg,pituitary,78e590a1637c7390ec297f555f54429cf95df40b4b38e8ebe5ba8052870af69b
Training/pituitary/Tr-pi_0616.jpg,pituitary,75f49af5933b522f7708a6b1065428cc73a15d52113ba7e0838accb7f8c2953f
Training/pituitary/Tr-pi_0617.jpg,pituitary,72ad48da50eaff7286f161ae2e149fa6044b2cbe4108758a61097401b549bc96
Training/pituitary/Tr-pi_0618.jpg,pituitary,85b2b50cbb2fe555ec127e1e3dd192cc0a0a3dd6f17abf916298954003a2e2e6
Training/pituitary/Tr-pi_0619.jpg,pituitary,42db2d21b9b9975cfeecb9273a2e926dfb3228aaabf2db98983f0ead1148df8d
Training/pituitary/Tr-pi_0620.jpg,pituitary,d99fba18f58e2098cc9332ef713d98c1ef093264dfa46971c361abc69649b5d1
Training/pituitary/Tr-pi_0622.jpg,pituitary,973dd2fc395935d3f23ee0d2b77bf5e2695ec6286c2fc77c55d43ff9401cab11
Training/pituitary/Tr-pi_0623.jpg,pituitary,cbf4590e16586adc61e35f23beaa4cae1d54f72bb6aacef9b651e9ccbc373fe9
Training/pituitary/Tr-pi_0624.jpg,pituitary,f414d154689193923b979389256f55b99d479877f8ee32b8c85d8389466a8870
Training/pituitary/Tr-pi_0625.jpg,pituitary,f48db6f4e980df12a68ef8a8629251dbdd807ba746e8f8a8093b8dd1d59bcd61
Training/pituitary/Tr-pi_0626.jpg,pituitary,82c88c6719d19311dac25cc5550726eef75353376d96faaa40c648e4a3ed768e
Training/pituitary/Tr-pi_0627.jpg,pituitary,3293977201549bf836f267330630728c527c3da7528298682f81efc21d0af509
Training/pituitary/Tr-pi_0628.jpg,pituitary,d4bb00896b12984eeac0ad1d64ec997aebd6193e9ba2978500794960f2eba344
Training/pituitary/Tr-pi_0630.jpg,pituitary,a8702df017101fc70cbefde3a6a3d43cacefaa05442af42d5f9775cb7cd73402
Training/pituitary/Tr-pi_0631.jpg,pituitary,ab8ab7cc4ee406a8d8b708773da397a08396a7319d0e773c8ca61299a5d2fe33
Training/pituitary/Tr-pi_0633.jpg,pituitary,460d9f628c53b46d03cfad9589f853ef133d40a8ce3bd6bf7023b90fb1b8cfd0
Training/pituitary/Tr-pi_0634.jpg,pituitary,933dabb7739d807944d505fe002b4bfa403e430f0f6edcd2df16846d072dfa9b
Training/pituitary/Tr-pi_0635.jpg,pituitary,12a9ad0b17210155f4e554d072e20338e2066628685a42462c1b607b517c2dfa
Training/pituitary/Tr-pi_0636.jpg,pituitary,ce3f714e32bee416a61d22812a46f93a875a6c3022dac9d33160b950128675c9
Training/pituitary/Tr-pi_0637.jpg,pituitary,14fa61b19d2bae5ad6145a7a6bec82cfe4ad2ed5660ca0f5b47eec2b788ef51b
Training/pituitary/Tr-pi_0638.jpg,pituitary,7146eb3c3870bc861fce28c098680e794b381d30cecc282acaedd508da2dbd51
Training/pituitary/Tr-pi_0639.jpg,pituitary,b2832fb6c2ccdc84d802a60fc2feeb8e19096149b4e9ddb59431baccc16716d2
Training/pituitary/Tr-pi_0640.jpg,pituitary,e2f6b85374e93981fc5362eda26d8487eed83981b23552cacc8089c2b810ede1
Training/pituitary/Tr-pi_0641.jpg,pituitary,e3632c3db28f34854cc5cdccb42da8fa98e8207ea5449cea36acffa8aa1a245d
Training/pituitary/Tr-pi_0642.jpg,pituitary,01b8c3e1318e688ffb4aa4d83b3ff6aebfffb0b85a00d30589cf8eff2903705f
Training/pituitary/Tr-pi_0643.jpg,pituitary,2b67885b0fbbdfdae2618f504fe267f89cc19f4d8b7cdc6add3bab223e0df89d
Training/pituitary/Tr-pi_0644.jpg,pituitary,ea11d00c1dce521b3c1375cbdf87f0ef268708e1167d44c9f6d1f2caf53e0c6d
Training/pituitary/Tr-pi_0645.jpg,pituitary,b3aa25154b8cc96cb537d78178e89eed1c3698c9b30d9fdb19bff850844d15ed
Training/pituitary/Tr-pi_0646.jpg,pituitary,c711207e6e46367c0f5003a1cbddf8a9ac90797eede32dd2d207e39c1e4eb016
Training/pituitary/Tr-pi_0647.jpg,pituitary,064e1587f9ec449a4f7bf29302220a8ff9f75dcbffb01b168f84b2343f470a91
Training/pituitary/Tr-pi_0648.jpg,pituitary,96757b1c8a7fcdede67a6c1c66c75fda341e4606ab19605ad93367975d8ed5fe
Training/pituitary/Tr-pi_0649.jpg,pituitary,3b7aa24d390beb1641274fda437655f427898a8e7a142f6bf03324b5b361a845
Training/pituitary/Tr-pi_0651.jpg,pituitary,c5cb06c7d654dad3bab137d1772c870c2cb96f4b2ac977151a249f6f3c60b6d7
Training/pituitary/Tr-pi_0652.jpg,pituitary,e6d2957611dd36324ac338eed0f1c17acd611ba81b81ebbb380bf3b9c97186e1
Training/pituitary/Tr-pi_0653.jpg,pituitary,9f99d911e66ecc5e010cff0694465df42eb8be2fcd747cba19dc102276faf4c8
Training/pituitary/Tr-pi_0654.jpg,pituitary,a3de65b332088979a3e9acc22fdc47e650b6b1b2d5aab39adf81f9d5bec4f06a
Training/pituitary/Tr-pi_0657.jpg,pituitary,a52d8f94f6c05eb03bd3f45b4bc71a933a598f2f1f9fb900207688308a0f562f
Training/pituitary/Tr-pi_0658.jpg,pituitary,e406e11fc41eeeadfb90f8ddb5202af455f2e953f0b5ab2154713f5f1163db68
Training/pituitary/Tr-pi_0659.jpg,pituitary,f3d5b508c07875febcede2f8acbd89ca0685693338c7c2648821c3abce04d7b1
Training/pituitary/Tr-pi_0661.jpg,pituitary,f2704934bf4c3fafb58b89eec7e2ec75fbe55dc80ff163ba4eb13505f27011a0
Training/pituitary/Tr-pi_0662.jpg,pituitary,1f4da220ec9b219d0f0688c5124561d7795850d970da051b1dec56ca9b660484
Training/pituitary/Tr-pi_0663.jpg,pituitary,71f17d2dbabdfd524d9f3298ca19be7d26d7787b16394196e88051ce7253c9c3
Training/pituitary/Tr-pi_0665.jpg,pituitary,e90dc3f71e289ba330c0e39c7b0f7efa88e57c51e1dd7edd8160a34a390061d7
Training/pituitary/Tr-pi_0666.jpg,pituitary,7afbdea3da7eede0945b28d3a919d6c9d6e65336f17f9a0c856772920f26846d
Training/pituitary/Tr-pi_0667.jpg,pituitary,d18e158bc00f01d81fc4c7adbac7d4cedae5eb0090d49a0f839c251adea724b4
Training/pituitary/Tr-pi_0669.jpg,pituitary,688becb1a46d9eccf3ec8c54c10bc2fb060c8da0968b1c6645de3b94c667fa2c
Training/pituitary/Tr-pi_0671.jpg,pituitary,63cf4a70dbad6c02b2c70d260aa7adc7196eac66490fe5debab01b023711559d
Training/pituitary/Tr-pi_0673.jpg,pituitary,da789c5da48dd6ef19caee5eba19a1371806120fc65c83f7e86c98a7e676d3d5
Training/pituitary/Tr-pi_0674.jpg,pituitary,1ffc396a73047d5737df4c77752830b2ff2a6b83500db43953e031a5315d376e
Training/pituitary/Tr-pi_0676.jpg,pituitary,690ed9d73b96706b833cfbb95e40543fe022c7579ab74693873e2c26766c5efb
Training/pituitary/Tr-pi_0678.jpg,pituitary,25f8a20c433412d24450f61d7051151c45a85dd5b9e2c7e4d4922d3d368ba5c1
Training/pituitary/Tr-pi_0679.jpg,pituitary,2a2fa83d4eac4e8f1fbb5f0f0bac8346d443ffdd47843daee80cda87cec60b1c
Training/pituitary/Tr-pi_0680.jpg,pituitary,eda90d9108bb00a0c4344d96acf7f90ba0f60bd98db3362834a5257d13ece4f6
Training/pituitary/Tr-pi_0681.jpg,pituitary,cd9b3882004231dd7d2676caceaa6914f9f906b088a065079392aa1f6ef019d6
Training/pituitary/Tr-pi_0682.jpg,pituitary,4984ea2d2d3b0d6d6308ab42e2e3bbbc024c116120cb72c537e3d7c3017e8f19
Training/pituitary/Tr-pi_0684.jpg,pituitary,7f75d5f2c625916417712266deb889f246c63ae3a989bd35e136aa354f0098a6
Training/pituitary/Tr-pi_0685.jpg,pituitary,a1d8352b9c16ae767d381d13ace7fbb9b8b136c68d05d8e27e7eee1b1f35470a
Training/pituitary/Tr-pi_0686.jpg,pituitary,906cfc7638d89309ffbe5d6a542ba43dc34c7f4f651dde4759c5f47b2144477f
Training/pituitary/Tr-pi_0687.jpg,pituitary,19ca9a84a19ccbaf66d2e92f02725941a2683f8825a6d01c4c03d1d6a071c03e
Training/pituitary/Tr-pi_0689.jpg,pituitary,b41c73b1bccaaf3d1d613f90ecac9ca4dd941667bf41d49d08889e2911ab2fac
Training/pituitary/Tr-pi_0690.jpg,pituitary,657b5eb0159551118c02c1de4d0fb3e5a27eecda0dae57ec5059419d70259d51
Training/pituitary/Tr-pi_0691.jpg,pituitary,a85299682d201c279642624cbd064fb1962c15c3acc252ba9c5bda078b7ffad2
Training/pituitary/Tr-pi_0692.jpg,pituitary,f60ed46213fcd857140781cb2b82c4074e70b1c4ba336f3ed529fa52ad4dbe0d
Training/pituitary/Tr-pi_0693.jpg,pituitary,31a9bddf62935ff2fed532e172c546f2a6de8170e24a2fe08653c8e888fe9364
Training/pituitary/Tr-pi_0696.jpg,pituitary,dcc90f736f0c8c57f817f7d8129c1d97d90f48590f6555ee0912bed53a83f8f6
Training/pituitary/Tr-pi_0697.jpg,pituitary,65d655023aee8cd776cfba83e5db2e533acf65db14540d709377b8990089dde7
Training/pituitary/Tr-pi_0698.jpg,pituitary,fa7bcc1175b6196b2b341fc02685f6f1776ed84e110c658a98af3308460941f3
Training/pituitary/Tr-pi_0699.jpg,pituitary,4aab0d5e125c1aba01cff994911e87fabd5348087a300f3228eaba99114045fe
Training/pituitary/Tr-pi_0700.jpg,pituitary,23f4c925707b94c973d3fb46def1574fc19f8ff12c20c43b8a11edc2d6f7ecd6
Training/pituitary/Tr-pi_0702.jpg,pituitary,d94441353e8d7ed1ee1c991fdfe82b29650db99a9b824c657b9595a4a63c9f71
Training/pituitary/Tr-pi_0703.jpg,pituitary,669c9deff6239c893d4aa6b2582029c843509648fd3ab8f1ff81626bb87da901
Training/pituitary/Tr-pi_0704.jpg,pituitary,b43008d80d9962a942b3a5e094bccba4986140eb882b59729fde9b7cb1e5fa5e
Training/pituitary/Tr-pi_0707.jpg,pituitary,6e35b3f86f547e5cd9f4f08492279a467cfb9f45d699112b4eff8f7bed1a35e3
Training/pituitary/Tr-pi_0708.jpg,pituitary,ccf576e4a922bc6d5d45c2df317026a7f39e37cb44587d0bdb4da2e5468c7fcf
Training/pituitary/Tr-pi_0709.jpg,pituitary,3275c3825fe6ea7a94d7e958cf4fa15d0d3cf0337258abc843195bd9600b4bc0
Training/pituitary/Tr-pi_0710.jpg,pituitary,ecb9603292cad935619bdac8830e4288116dbc1e1ea541193471ad6c55d505fb
Training/pituitary/Tr-pi_0711.jpg,pituitary,53b899408d8068fd71e574ff4b61b547572668c74f53f888c042983148f5b5d6
Training/pituitary/Tr-pi_0712.jpg,pituitary,934b52967d00fb73284336ff980fd9af7cc910f35faab92e67562b3bd4705d18
Training/pituitary/Tr-pi_0713.jpg,pituitary,03bf6187fa392665517d8aa2f50eccc5e487abc2e1fd7eba4d9366a645d7a804
Training/pituitary/Tr-pi_0714.jpg,pituitary,90e03e7ff4fbbc01da7958e0fa757b513d44cf21f09b58b108adf3e872692e0c
Training/pituitary/Tr-pi_0715.jpg,pituitary,d90c88b227a505cda8e51e39715edff3109fd89669047cb7fb9d7e7bb7c2722b
Training/pituitary/Tr-pi_0717.jpg,pituitary,29ce9014057d30ecb39df96566b8350d9bca30703e5142df7954a9b8dca8976c
Training/pituitary/Tr-pi_0718.jpg,pituitary,18f9ce91ea4fc88aacee4ab5a3a82fe3f67c53395209275eaf94dd78f1cf59e8
Training/pituitary/Tr-pi_0719.jpg,pituitary,da43936baef1156047d2e64836a66c622dfb69f2157dcf912a1b4832272a1bb9
Training/pituitary/Tr-pi_0720.jpg,pituitary,d6664db9856b5f89f699099e4e591b9a872c0ef693f51efc918e6ae28bfbc76c
Training/pituitary/Tr-pi_0721.jpg,pituitary,4f50ceba4e5670e0b94aa4527280a79a6414a8a77e8c2fb0fd1edd4ea8f9e238
Training/pituitary/Tr-pi_0722.jpg,pituitary,605451ef8728da6eb9f33745b1362d9d855f6937aab1e922d0a9b59e4e0b0b2f
Training/pituitary/Tr-pi_0723.jpg,pituitary,cd42dc532af977e069c6092ede3cd6b9bd0d63aa1698ee22f2020fa961883878
Training/pituitary/Tr-pi_0724.jpg,pituitary,b6592ab4c14f4cdaf5d6d4ce72fa133bab7e288a24c079ec14203294b2a8ae33
Training/pituitary/Tr-pi_0725.jpg,pituitary,8d7477dd9677e2b1f4b39b130787ffc3748050472348c56e2aee605be83da45b
Training/pituitary/Tr-pi_0726.jpg,pituitary,91e5c8121738343f597bc25434938986569717b628bb65800a26281ad4f73494
Training/pituitary/Tr-pi_0727.jpg,pituitary,84466958a02a064d25701d1d70a3a752cf66f8f6add734e19d4d67f127557497
Training/pituitary/Tr-pi_0728.jpg,pituitary,a6a96199edd6b7394588d6ffb33860f6940fa97c7df39a3b2e8622aee3ce10b2
Training/pituitary/Tr-pi_0730.jpg,pituitary,6f58dfbade33923517d3941f9f72073de2c24e8e668c83e7eb898c43494b7dad
Training/pituitary/Tr-pi_0732.jpg,pituitary,3337b3536da469d340b5102797c5c8d3fac25017032315574494b920e4722f82
Training/pituitary/Tr-pi_0733.jpg,pituitary,54cc35e1a7ec2b445398de2ffd13028d8a9a7ddf18f5aa97becbeb3aac773a7f
Training/pituitary/Tr-pi_0734.jpg,pituitary,b85b0f35fd606fd6d98280f06500206ebc9038bad3e88f23965a036a0812e685
Training/pituitary/Tr-pi_0735.jpg,pituitary,e9dbc5350fb0f3f328d170e56058271e51119827a357e4f8f5bd1b0c0ce33b05
Training/pituitary/Tr-pi_0737.jpg,pituitary,676b8ece5576809886faaac26dba4160774c826c8d0adecbb41d42d74f281756
Training/pituitary/Tr-pi_0738.jpg,pituitary,bd2e33ff80b87f138376b082bf11ca8d8ea36d9cb1475881d40f2601b7751809
Training/pituitary/Tr-pi_0739.jpg,pituitary,5770383cf5e78f38c754c3b6c008762876870a649411597b947cdedfd6e74694
Training/pituitary/Tr-pi_0741.jpg,pituitary,0a17297340207cb908b0869f5cc1a36bf83ff6dc888de2ea8feecaa2af9a656c
Training/pituitary/Tr-pi_0743.jpg,pituitary,93c048797863776f29ff4e855cd515591ffa6ebc024509586746009bfc90378e
Training/pituitary/Tr-pi_0745.jpg,pituitary,4cd9be28c335a75d975ffb5899844126eff977adf92eae4ac0fad646f9f15c8d
Training/pituitary/Tr-pi_0746.jpg,pituitary,88b362d8c30cc058afb8199a5555a6ffd3dae1d27cdb73f8a3fdc4b74e82f034
Training/pituitary/Tr-pi_0747.jpg,pituitary,2b25982fc80b8e26959ec3508e7bae7cd1e61d26d4e0c1da0c4390f2f53461b9
Training/pituitary/Tr-pi_0748.jpg,pituitary,d2fdefb71177662b7099aa1db4f2ead9e7749be1743ae08f24caac62df9f18b3
Training/pituitary/Tr-pi_0749.jpg,pituitary,ad10cf3e409e39b3a6599d3c4fd771f06732a6ddae03a71e84b48bdcc2e2d358
Training/pituitary/Tr-pi_0750.jpg,pituitary,178d4240956328d13e3f4b1429a212fb5129bc2c0db90e6f459be0dec24f1b78
Training/pituitary/Tr-pi_0751.jpg,pituitary,026e8df9f23edbd0caa5c1f130587abede8609a95fe334391459f8853a9d5a66
Training/pituitary/Tr-pi_0752.jpg,pituitary,5279da3cd452d2ec12004419bd57fd7b3baad9b24d69f972ef322d53c2758c22
Training/pituitary/Tr-pi_0754.jpg,pituitary,d0dfcbc779f79a3c48d165802c61972a1f3d3caaf9366c401218853a4c3663ad
Training/pituitary/Tr-pi_0755.jpg,pituitary,f78384bc60ccf5f792f6d97ee8b4c9d30bcb0a69aa884e58c98fbebc5dc0cf29
Training/pituitary/Tr-pi_0756.jpg,pituitary,4ec4a8bb61f8eafd1be3ef1f140ba4a3ae7eaba72c137cd6555451dc3ac3614e
Training/pituitary/Tr-pi_0757.jpg,pituitary,9652169786420306650613dd51653cdcfd5af138be3e811fa8041c55a57f1873
Training/pituitary/Tr-pi_0759.jpg,pituitary,f37ee9f2897615a6a32a1547de64a9e5b0a4b385c8d7745156046ee9a009429b
Training/pituitary/Tr-pi_0760.jpg,pituitary,faf19893727a2e4033346c3e70a3226b48984c7adf9e844c2793f8da3b7fc369
Training/pituitary/Tr-pi_0763.jpg,pituitary,4dfc272a54cb24534f43f84a144e0b5892dfdb1bef2b45c8ae51c93a20752dea
Training/pituitary/Tr-pi_0764.jpg,pituitary,903f7032278faf351d9a9f9fb3c323499a7082cd4309acf58aa7541337a92341
Training/pituitary/Tr-pi_0765.jpg,pituitary,ce0aecf78b0bbb733b3ac48a7ef17017ff58ef74903b7f11f155f6b91e79f9c3
Training/pituitary/Tr-pi_0766.jpg,pituitary,0b5a26cdf6d7566d2b330a4dba743ad9d93efc0151e39b6b3352a707917f2234
Training/pituitary/Tr-pi_0767.jpg,pituitary,b7aafafb3940a0611c76223ca4a1156dce7e9388a0d4c6b0dfe5f750b3856c7d
Training/pituitary/Tr-pi_0768.jpg,pituitary,1b3e281ffef61a1ada3ba7d86139f3ae122fc2f66227a01abab0501f9f2d7f05
Training/pituitary/Tr-pi_0769.jpg,pituitary,de3d7d57ddd1631bf7ae7a0101fd57350c2a927c8d091b706b12062187fcabe8
Training/pituitary/Tr-pi_0770.jpg,pituitary,7d9c427a188bfc1e2ab6a0c45e3139b35065f697f9f869c47b850ca0bd45d03e
Training/pituitary/Tr-pi_0771.jpg,pituitary,021ee6d047629e09d4a1ca7edb1618046e0f61ce996a8dea861af2143761c1bd
Training/pituitary/Tr-pi_0772.jpg,pituitary,0bff7bed09773012f217adcab9a0bbfb25111295433cb93fe7a85753dbef3471
Training/pituitary/Tr-pi_0774.jpg,pituitary,18628e92ec08f071bbeaf5178fdec6f0bfbb5931d4f5a19702ea25c7b4356f0b
Training/pituitary/Tr-pi_0777.jpg,pituitary,bea06b78765f9cfa8492ef002875900770a0109e42dac339c7ccf620a1ac5fab
Training/pituitary/Tr-pi_0778.jpg,pituitary,c226b0ac5312d62b7e4fc76a14abbea4b5f76c730ea94a2cd079829ac641da23
Training/pituitary/Tr-pi_0779.jpg,pituitary,28ad332c89f823c1d9feb2c74dec045720c7a2d1b3e81b58197cc59f79000641
Training/pituitary/Tr-pi_0780.jpg,pituitary,e5613b1d09318c6bbd168ce0e6b8410298f82683dff50c50b825cc03aa074363
Training/pituitary/Tr-pi_0781.jpg,pituitary,27b05cb14af81ac26fa2e95c57e935299e012cd33d4f7e56a8a1c59ea56433dd
Training/pituitary/Tr-pi_0782.jpg,pituitary,889e556b5d106131225daa3c350c8a7ada3f0bdd4269f25266f476dfa01b46c7
Training/pituitary/Tr-pi_0783.jpg,pituitary,e3f1f2b2b0ecd24a4b1b9e1b6b118dc9730cc8fe9d449b90da1c414a7e5f0286
Training/pituitary/Tr-pi_0784.jpg,pituitary,6d8b42fc5d2e90a795d64323a8a729f263e4123d124afbb39ef558dc87bee365
Training/pituitary/Tr-pi_0785.jpg,pituitary,ce0bcba0f4d073b4b72581878fd4b84039d3b7d5549bb0b72915ef3ee440edf0
Training/pituitary/Tr-pi_0787.jpg,pituitary,644685bd941f50c8b8d0fb7338fa4f4303e1240306565351378f58e3b925e990
Training/pituitary/Tr-pi_0789.jpg,pituitary,7aea623cd3fc1de9fe1e4f13c449b2cb7a2b566e540f85bc1ae9713c34feed77
Training/pituitary/Tr-pi_0790.jpg,pituitary,f979c2ffaff14bed490da1abc1da62e265cbc4fe7283ab32b76708963ac43bae
Training/pituitary/Tr-pi_0791.jpg,pituitary,e6d97c4f8c3ba3b5739ba21c182ca6afae14ef272d358464fd1f9a9d733db04e
Training/pituitary/Tr-pi_0792.jpg,pituitary,4f81bf5bea728dd3780e779548921ac365edfdfe5729ce6f729f67290efe6676
Training/pituitary/Tr-pi_0793.jpg,pituitary,fc092ed78ea1933ce3ea2e6b61d202ee8d65ccddc769160cde5f0e3e61eef32b
Training/pituitary/Tr-pi_0795.jpg,pituitary,761943775874081c3c78264789fab68bf482f2dcc74fe40e1db47d28f7dedd6b
Training/pituitary/Tr-pi_0796.jpg,pituitary,4280d9e41e42de3c020ccb13aa8c046acae89c5c7a4521e70009b7802ea41efe
Training/pituitary/Tr-pi_0797.jpg,pituitary,c8dcce3bcef1c7f20a760c7c45ecd1fd2b3d63db6a68dfc1ce3a778055f2fbf6
Training/pituitary/Tr-pi_0798.jpg,pituitary,74fb4e4980ec2ab8c794f8191982316698fb902dab2cdb96726de2cf8b198bf9
Training/pituitary/Tr-pi_0799.jpg,pituitary,48c78905e55d3425dfdf12b41539c384205cc994552c05fd18f49d844bd7feb2
Training/pituitary/Tr-pi_0800.jpg,pituitary,8917aca4efc5d2ccb439f75bb16e0e52aac2b80066f8c38fbbe4cc82b6d527ed
Training/pituitary/Tr-pi_0801.jpg,pituitary,0776b47cd9935257742f82453873feeb3c8802a5ffcf9005f1714bf8d4cf70d7
Training/pituitary/Tr-pi_0802.jpg,pituitary,2388416bf23a568115d8c48110c1d82626ece27b4fc8ef125c48dfd53207e69d
Training/pituitary/Tr-pi_0803.jpg,pituitary,f0cb894e428939d6397f7d7cd979b9ca20a130cc82c31ec97b94c4529623a03f
Training/pituitary/Tr-pi_0804.jpg,pituitary,8362156ee991e72f55b79b3e5cd7db7778a4723f8a4494badbbd4708eae79076
Training/pituitary/Tr-pi_0805.jpg,pituitary,716da22a02b0f0f5b35ef26e210d116c4ffd554fdd26badb327e78ec64896c76
Training/pituitary/Tr-pi_0806.jpg,pituitary,0acf557ebea430cf45a626782df6e1e4ddf7f504884a0453d77282404f9d4e39
Training/pituitary/Tr-pi_0807.jpg,pituitary,e9301bc1238dec58231b97fac2328dd35405b013c2993d1debfbe2950b2fc1b5
Training/pituitary/Tr-pi_0808.jpg,pituitary,894e93695918c3d9931976247514c784bd550610945aa758aad6f05912f07595
Training/pituitary/Tr-pi_0809.jpg,pituitary,40cf1052ea58ac671f2a05637085aaf9b4a8b76ca1b57be15470a715e7f96d9d
Training/pituitary/Tr-pi_0810.jpg,pituitary,d5550bfb5701fb6ae38c580c6fb96b381cd7370bfbada6b325128b354f92e8bc
Training/pituitary/Tr-pi_0811.jpg,pituitary,b8b512cf40c3672f2d60c2a1590b489cd147538089dc3935d9de339a00287866
Training/pituitary/Tr-pi_0813.jpg,pituitary,5dd3957afc0f4b344338ac12091e02ca817ebdf78d590db5ff36c16ff14d90a2
Training/pituitary/Tr-pi_0814.jpg,pituitary,f2bbb59d2ff9f6b35aab3e034148e2a2b08f8511d240ae14d988cd18ba3f26ef
Training/pituitary/Tr-pi_0815.jpg,pituitary,fb5297484adcf8d221124e6a9594be5c3deb3fac53fb868197c4fa376588c9c2
Training/pituitary/Tr-pi_0816.jpg,pituitary,5dfc77c03494564ee66de0e89e78ccffe74036e5f1f4e8143439cc796c0eb24c
Training/pituitary/Tr-pi_0817.jpg,pituitary,e6be27f4ff802aa0b3b7564f906fe3fbaea01fa5b5104a65a005165b8a3ff971
Training/pituitary/Tr-pi_0820.jpg,pituitary,2a129cc0470928d2b81f0da5154d842607948222797e2b1a1d6691da9694099b
Training/pituitary/Tr-pi_0821.jpg,pituitary,445b8aa5930df30748b06fbac0456c9c9e256953d4d841a6f42d99153eab6fdc
Training/pituitary/Tr-pi_0822.jpg,pituitary,9038765a6a4121bab8b4e47357ef593b200fa67d35b10e3d4a7141bab595f706
Training/pituitary/Tr-pi_0823.jpg,pituitary,34d2b5004feeba619b3d3dd5beed733971562980ad358957b345858f5d45bd7a
Training/pituitary/Tr-pi_0824.jpg,pituitary,146bb9c0482641b9043793b18d6fce743c12fe1f9d4ed8524dc3ca685b84d103
Training/pituitary/Tr-pi_0825.jpg,pituitary,16d060ce98e765fdb13b52baa655490f88d4c3e5c01a59f860262ea129ad6ec2
Training/pituitary/Tr-pi_0826.jpg,pituitary,af8a3f12745af74ce90b86f240982c8e525ee803219731bdbf93a3e56f166e5d
Training/pituitary/Tr-pi_0827.jpg,pituitary,966b783f0904f0a1e269638cb29afe60b93072a5023abcc4096fceb87d0bf69e
Training/pituitary/Tr-pi_0828.jpg,pituitary,0101f4332fd57e4812af6093f471cdfaf9db4bf976192c64fb4f0e169fb15787
Training/pituitary/Tr-pi_0829.jpg,pituitary,fd924f149d4d7d9b46d77c728cd15f298c96c58aca33a9bce4bc21c493e7b4ee
Training/pituitary/Tr-pi_0830.jpg,pituitary,2a5a8b4fe4aae0487b4116c0d4525333fc7bb31be85af5cf3528945c37c2ee57
Training/pituitary/Tr-pi_0831.jpg,pituitary,eb3b4a031b8879c4ea1d61971804dc36293d36c59238c3dab67475d3b0137379
Training/pituitary/Tr-pi_0832.jpg,pituitary,076c03f7cdbb31442cb8bc5e96fd3f28fcefbb7b3d47c6f859e4b48f230531be
Training/pituitary/Tr-pi_0834.jpg,pituitary,543320ab64731031acfbdafe905f380f4b25fe06b2b309770e5edda74b643f4d
Training/pituitary/Tr-pi_0835.jpg,pituitary,89743222c471d2a9d693cdc67e96d8ca5685b0489df4547f7a4866e87da4e408
Training/pituitary/Tr-pi_0836.jpg,pituitary,9191713973a0c1785dac224231a09c94236776ba630a032b554aaaf5b1b033eb
Training/pituitary/Tr-pi_0840.jpg,pituitary,6749f78b3b9ea7efa5baa387c6c684a95c6e98fb033102fc4958c1215c01023c
Training/pituitary/Tr-pi_0841.jpg,pituitary,c5de0aa9e0adb9c7d3e94228479b96f6aaaeaca521bc57aec49a247fe7790641
Training/pituitary/Tr-pi_0843.jpg,pituitary,ef78100b55df5e524435a5a555d42fc7d0e909b6400f17917b655c504b192371
Training/pituitary/Tr-pi_0844.jpg,pituitary,d4d574ce487be642016532453336ca6403b65971034e325fae945cf62db00f6c
Training/pituitary/Tr-pi_0845.jpg,pituitary,48091dce8d2dcac542371227081e683be9c59510b1f7c6b2c31943d2e6058c96
Training/pituitary/Tr-pi_0846.jpg,pituitary,d622c25575d638cf3ff8995d9c5d66b2a0c954f7156fe322284ef4bc8329e620
Training/pituitary/Tr-pi_0848.jpg,pituitary,6b17a5a26f33a48f265dc322915176bb5a039949516bb41a84e1972fc2af1685
Training/pituitary/Tr-pi_0850.jpg,pituitary,694f73be38251b40dd8f1d0b7b69c2d4bc8b4b9dda70e2ae143eb20f7125b444
Training/pituitary/Tr-pi_0851.jpg,pituitary,4bf1d90c772da2bee9dafb8ef1c79584806235d370d8b6f71e5f17a68f6fd56c
Training/pituitary/Tr-pi_0852.jpg,pituitary,fdf47eeeeecb6468e2eb2d64c7b76dccc4efa41f803266e33a917fb24bafd082
Training/pituitary/Tr-pi_0853.jpg,pituitary,b6fcb60f786757a85528ddeb7b4fb2d8a08ce895f4049a812d3342074b3c3b46
Training/pituitary/Tr-pi_0854.jpg,pituitary,f0d1cc447aaf54febd9d1b7aaba824b7f0605ca33a166d6fec65889d0530da7d
Training/pituitary/Tr-pi_0855.jpg,pituitary,55ebb3cc959965389f826fdee7a275092ec392e2f706e2569b02aaaf1a429dec
Training/pituitary/Tr-pi_0857.jpg,pituitary,6df7823d2482095c088593459709b49edc1f91d162446bd72e4b83c8f8a0660d
Training/pituitary/Tr-pi_0859.jpg,pituitary,f06ebc6ff91cc502a0d77c9909fc224e6ac4bc4e3b242d7c9c25c6fab895985d
Training/pituitary/Tr-pi_0860.jpg,pituitary,5903c1c4cfb40c055de99c0cc57a1f4176aad99cab845791cb51f51ebc004a89
Training/pituitary/Tr-pi_0861.jpg,pituitary,4b989435a9f0efd1e8f736c831eda04dfe6616981c0f0769379113d8bb1fee38
Training/pituitary/Tr-pi_0863.jpg,pituitary,a2cf5cc53e074a31781ab40fa1c6c3879be8a508d7551ffd053198c70f82f66c
Training/pituitary/Tr-pi_0864.jpg,pituitary,33a516631a63d33b2e822d5d080d0d41276aedb7897b3463eff5c86e0490810c
Training/pituitary/Tr-pi_0865.jpg,pituitary,28a5f64b741d9a8a8921caf15668bef7da8525dcb4680697be2c63ab197471e7
Training/pituitary/Tr-pi_0866.jpg,pituitary,5e0ee7fc360a26a2f470612de72fbbdf903fffe139c098c68c0f6d6f0d8f7459
Training/pituitary/Tr-pi_0868.jpg,pituitary,5438ee9b795115b63b875fed6a2b1907307a8d4109c9ae18071a4b081a256f8d
Training/pituitary/Tr-pi_0870.jpg,pituitary,7a8979181d60e8e272c975740a594de739f640fe2ff215185d9e2f9943bdfc62
Training/pituitary/Tr-pi_0871.jpg,pituitary,bdbb4972f9a0720d289f9fb2a96a8c564d30ae2b43ff2559b723b80dd8faf93e
Training/pituitary/Tr-pi_0872.jpg,pituitary,21a64f68380ab7d0a417d6813492d49ea649d17a23cdb7715fbd4f764120961b
Training/pituitary/Tr-pi_0873.jpg,pituitary,b157acf9ed953e2bcfc188db0f31a5f2ec36527b7ba405096116856567ce894c
Training/pituitary/Tr-pi_0874.jpg,pituitary,fed0dbb8a45355a437b239f4e1a3e6b480b4f91601c6529eb5da1dc6b1e3976c
Training/pituitary/Tr-pi_0875.jpg,pituitary,0d91dcc0f1145077c4d46aae43e32a232dd437a6c4c052c16c37a819ae2219d3
Training/pituitary/Tr-pi_0877.jpg,pituitary,866daaf8eb6f40b5007d37f96c47510876674603048185d5bdf4e19b0dd45da1
Training/pituitary/Tr-pi_0878.jpg,pituitary,1f8b1f5fba5cb60f430f205c466832cfeb59b2083ab216a0cfb918bafbbaa2d8
Training/pituitary/Tr-pi_0879.jpg,pituitary,463212c92242d2b3423e9ab1e1d2a9d73a837fd1228560ad898311c715e61201
Training/pituitary/Tr-pi_0882.jpg,pituitary,fc101304448f1f1c4bcf189855b2c213411523521f093fdbdb262b2c82a19ee0
Training/pituitary/Tr-pi_0883.jpg,pituitary,a7292299596072d5318e91c7d72ebf6b709ad656a75e204e917ce257ea32048a
Training/pituitary/Tr-pi_0885.jpg,pituitary,18119fd14ca164d7384283a9affa626cd8f5cc12877f9c46763ed165ffcf6466
Training/pituitary/Tr-pi_0887.jpg,pituitary,ad4e1861544fadbb830c3c83777c3e52276d1376a787dc95e87de724e893872b
Training/pituitary/Tr-pi_0888.jpg,pituitary,cea4c922d06dbda75189aedefeb29c088b6bb4a984f8a91ed9129335713fa191
Training/pituitary/Tr-pi_0889.jpg,pituitary,83db19e0e3311a28244d46953580bc4ff5d0036c896cbd5a872ab682b07a7768
Training/pituitary/Tr-pi_0890.jpg,pituitary,4acbd12f65ce29de18070253e510bf2eef0690e76a0a6e4031e4bf4396d921f2
Training/pituitary/Tr-pi_0892.jpg,pituitary,e0ccb5ebb712943da7ea7176ed5bf2612985622464519399e7fc85422a30efb6
Training/pituitary/Tr-pi_0893.jpg,pituitary,05e94a7495d6ad9167059d51bab54a91d28abcad187b11205937d8f91bd1af27
Training/pituitary/Tr-pi_0894.jpg,pituitary,1c88854a283f9450f2e5e9ec08eb658db6ad83a65ba30af8933ba27c8091f66e
Training/pituitary/Tr-pi_0895.jpg,pituitary,872468d6915839d41a98d8b161c22128139cfb7dc4cb72c509885cc0d79c999d
Training/pituitary/Tr-pi_0896.jpg,pituitary,662dc9fad6a39e36031be790e4bb18761c9bc3474f5bc587982e0e51deff1405
Training/pituitary/Tr-pi_0898.jpg,pituitary,234dc23dead7c2de108b5f94d500e1a35b8239647dba2af6f00ac8e85bdd2ba1
Training/pituitary/Tr-pi_0900.jpg,pituitary,eae34319770192325978813354c35f4c938c94bf18f95a79f66c40ad853a95fc
Training/pituitary/Tr-pi_0901.jpg,pituitary,2e60bcc6f9117340d6e69a7a175345081e9025262dc4029f63d8195b564a6bff
Training/pituitary/Tr-pi_0902.jpg,pituitary,cb34a1f2dbbe8fd0af471c14f440e1ea6ddcc05fef5ff5215b1e013858a98ea2
Training/pituitary/Tr-pi_0903.jpg,pituitary,e5f2fec461da2a4b8e940a4044ee9e53a56f545cd5fc4b1a927de22627288f90
Training/pituitary/Tr-pi_0906.jpg,pituitary,fc0a6d9917d487f66ea2e38901278480cc8a6125a666a3bc6089fa0af3facd47
Training/pituitary/Tr-pi_0908.jpg,pituitary,b520bae47e20f3954e402d28f4341eddf6b43b0134d4e8ba039bf1eb344f9a91
Training/pituitary/Tr-pi_0909.jpg,pituitary,175adcad60ecfeaf4eaf91256e11a581dc5684fc3babfd8ef901a8f614bdc264
Training/pituitary/Tr-pi_0910.jpg,pituitary,9bad72b301093e229375f389d3ea8a819faf96f1d8f3e3b66fb25ebffb9583d7
Training/pituitary/Tr-pi_0911.jpg,pituitary,f1d953aa17ddfa85687a527c573a814876e3ed157e844fe78ad3abd3017ee46c
Training/pituitary/Tr-pi_0912.jpg,pituitary,b6d0a2dccd920255a9005ee4246f8218dd6c237e60e9fb812160128c72d60cee
Training/pituitary/Tr-pi_0913.jpg,pituitary,4cd2207a82a255664bc6cc96855daa94da4cb8affd6e919e3ef51f196e5e5df7
Training/pituitary/Tr-pi_0914.jpg,pituitary,9a4f44940012b22b81a332c7b2bfc716f9bd037c3e0785550267a349c1277d4c
Training/pituitary/Tr-pi_0915.jpg,pituitary,19ff858279ad5e5fc13995a694954ebc16bc5b0c5d9c555e96e6920f27b51272
Training/pituitary/Tr-pi_0916.jpg,pituitary,e4c5a117ef28935711f03fb9654718ac8d6d5295eee215a746fdbefa021cc8f1
Training/pituitary/Tr-pi_0917.jpg,pituitary,0a62519a926698e3094235b8a17785cdc624ff65ce79c66b5eb3d81305bc2d67
Training/pituitary/Tr-pi_0919.jpg,pituitary,de55d290aae472fd5c06abba6ad5ba789b5d87f422b682e5e6eaaa4ca7c8f716
Training/pituitary/Tr-pi_0920.jpg,pituitary,4d62d91117fc65fae4dc320473a8874037689c9a8be50cd227f9443b914398b8
Training/pituitary/Tr-pi_0921.jpg,pituitary,b3702b83372ee6b6cf7b20eae6f27492db189f52a599be79233e6622f256006a
Training/pituitary/Tr-pi_0922.jpg,pituitary,bee4bd665ca935bbbb9f3cd0540b4b6f77e47f61f37cf76de303600cd5c4a3e0
Training/pituitary/Tr-pi_0923.jpg,pituitary,8173535070c25d762a4d48c2d0503d3f44262d24c2bf896ec10904ad0c63f2a7
Training/pituitary/Tr-pi_0924.jpg,pituitary,15d1329cbb1fa681af3a038d0343b9f1260a5a23abc37e65d83e8111ed4c24f4
Training/pituitary/Tr-pi_0925.jpg,pituitary,643a183fb0f167032628a1f260c8842e829987b57212527eaf13096017e11ce4
Training/pituitary/Tr-pi_0926.jpg,pituitary,67430307dea958013dc0a0c638c386ec11c7fd947e4883e291a74b13bb51341a
Training/pituitary/Tr-pi_0927.jpg,pituitary,7a1b03d1697f629529105f3a9ff944ca7f9c1a04b4f68dae6e2f5357a75b307a
Training/pituitary/Tr-pi_0928.jpg,pituitary,bd5410edd670e33c589528b639860071b8e36cd5c80b6f0525cade35dbe1d46c
Training/pituitary/Tr-pi_0929.jpg,pituitary,68643c08b53b71bc9c95e4aa6f7eae2056f310597883c2c53ce650a783c98d66
Training/pituitary/Tr-pi_0930.jpg,pituitary,c0e1eced705e35b7b4b5fee440b03a292e4f7d3001534669633009ce85139cc6
Training/pituitary/Tr-pi_0932.jpg,pituitary,6cba0227284eda770556edcd432d889a63f2d06206a9cc2dcef0fc1924d312c1
Training/pituitary/Tr-pi_0935.jpg,pituitary,2f8cd87f28a824a265269ec5cf2a6984db97fbb293f3573449e9aa740f024cd9
Training/pituitary/Tr-pi_0936.jpg,pituitary,0c1a09af2ede5982a12730325549fc53b3304ebf1fb21683a4dcb1559d595d37
Training/pituitary/Tr-pi_0937.jpg,pituitary,4579464b35711d2565a50f88f5bb5095546a6a089a432b5be9c9955b7747456d
Training/pituitary/Tr-pi_0938.jpg,pituitary,6c885fc81b8102ff60a0b232c3725421d93032fda5116dd96d27d6b7daff5299
Training/pituitary/Tr-pi_0939.jpg,pituitary,4d0f817cf442c516efe4950f981a743593db417941c67428ecf467234adcc00d
Training/pituitary/Tr-pi_0940.jpg,pituitary,4905358ae30fa69c3193709a77cbe4524e306e88c21c116db07d70b33db00cf5
Training/pituitary/Tr-pi_0942.jpg,pituitary,f98c189594f4ec3664de95c882f05b701aa3aaed37295404e258b76c1bb5b7d6
Training/pituitary/Tr-pi_0943.jpg,pituitary,d8976d3ba61c32573aa2e3a6b3ea8bfa75809ca046b12f049d0a8c8467018d0b
Training/pituitary/Tr-pi_0945.jpg,pituitary,f56ec899eebc1e4a8fc530386883a87eb4129d89899aff0557b14d3cf0854ad1
Training/pituitary/Tr-pi_0946.jpg,pituitary,b7dd89650ba1ebe258f3093c457b6a4f17e204f682115cb8a87e7b7a5e696b87
Training/pituitary/Tr-pi_0947.jpg,pituitary,e87cfa11c08282fa7196ac1054f99bbc0630a1cb1fc8495215315f1c2860b925
Training/pituitary/Tr-pi_0948.jpg,pituitary,da51f7b055ccab4ca496e94860db20edcc7dad22563851b13a7eab56b411d259
Training/pituitary/Tr-pi_0949.jpg,pituitary,8420bb8691ff6db60d9cfa6ebe52eb887908f686515e3e261c7f26c132949005
Training/pituitary/Tr-pi_0951.jpg,pituitary,ba39b457e101851b31300eb8c347a96c52b5d269c6b680187c63d09f8cff819e
Training/pituitary/Tr-pi_0952.jpg,pituitary,692fe274c703ec9d6861cea9c8111df3070cc94be9b6474df3c43e4f8d64bd8f
Training/pituitary/Tr-pi_0953.jpg,pituitary,4f1b9f668d6871413be23b3c53d80ae2b830fa6db2b033c34a2478940520f2e0
Training/pituitary/Tr-pi_0954.jpg,pituitary,36ae31f0ee0de7f7b50e3b77fde7bf81a67b3c5830824e988de1e173104f98df
Training/pituitary/Tr-pi_0955.jpg,pituitary,ea3bde674f5a2db1efc1cff4c02cb12f3333048beab21e26cc2c20ac99a869b4
Training/pituitary/Tr-pi_0956.jpg,pituitary,2612867e90b790affacfcd5588c07d84079de0e900d2730f80db3e82a02ed943
Training/pituitary/Tr-pi_0957.jpg,pituitary,c8c19ccfc1303e9dd26313fee866072437d944554c81a510c2b4b77a0e8d0ce5
Training/pituitary/Tr-pi_0958.jpg,pituitary,8b83da9681e3fdfa4b48db0b2339e7494526545296c335e7d311a49272cc7c0d
Training/pituitary/Tr-pi_0959.jpg,pituitary,22e3ca67aaf4ddfa9bc4edcbd1a18168d142af2c2dfb83bc420e0d7966554620
Training/pituitary/Tr-pi_0961.jpg,pituitary,9cc4098042fe29d03fcd577f2f0de873875cf10caaa6a0d07ffac0d682ceb83e
Training/pituitary/Tr-pi_0964.jpg,pituitary,c236714d558942b424ad540d445ff8a24a10a23a1d427c3884b315daacfe8d45
Training/pituitary/Tr-pi_0965.jpg,pituitary,48276de05c27ebe673f6782a04a26ec64196ccd30875f6bf9e32b20a8db050ad
Training/pituitary/Tr-pi_0967.jpg,pituitary,84475f1c4dfae5e5b16b5f8dbaede29b77a0d9cfbe5f892ffba2124dc88a3780
Training/pituitary/Tr-pi_0968.jpg,pituitary,004fc7f2f08330c9489e7095ee49b960fbc8c5c50c23855117499271ecc28cc6
Training/pituitary/Tr-pi_0969.jpg,pituitary,3aa48dc87b01639c66569821f197a9681df3ac3dccadeafb69811a722e78b0b4
Training/pituitary/Tr-pi_0970.jpg,pituitary,ced10a5a01cb4cd0b47392feb3c1b673dc1a33dc68af69333c3ee8a1df951c19
Training/pituitary/Tr-pi_0971.jpg,pituitary,5c42515ee062d906336ae4efda54ef293ba8788ef65bf00944a9c501c4aaf0ae
Training/pituitary/Tr-pi_0972.jpg,pituitary,a4ac81339ffc1bcdcd0e538f53cde3102baed27f5787c5d1952529f8193a9a31
Training/pituitary/Tr-pi_0973.jpg,pituitary,150f6317e8cd4d7659b345a5f5caceae68af75d8390317bc3ef6d87244caec31
Training/pituitary/Tr-pi_0974.jpg,pituitary,312af7a0a68d36b2bcd412ea814213f0928aeef574dc2b2d7f1f75288f2e3bf2
Training/pituitary/Tr-pi_0975.jpg,pituitary,13a3b308144b209a488737415f09f37aac496bbb8f628e8a7d9752199a047ae1
Training/pituitary/Tr-pi_0976.jpg,pituitary,1df5eb93b14ce767d7cd1b1b9738008e09117265d9a0c7051ebb5cfb86320283
Training/pituitary/Tr-pi_0977.jpg,pituitary,d330b7fa3112951c73bbfc0bc217a15aaae45158e1d8b9feddfaf0600e4e2218
Training/pituitary/Tr-pi_0978.jpg,pituitary,849a42ce51625d0783ae7e31494101364239d600da8f964c7c2f33cd99e8057c
Training/pituitary/Tr-pi_0981.jpg,pituitary,f2ab017925e3b90670a98cbc192c8a4432c5669a04f5017a5a5f6f0f05a4a85e
Training/pituitary/Tr-pi_0982.jpg,pituitary,17ec1daf360621a7d62aeb222a542eef0e0a9d4994f3afbd79015f68ac4d66ac
Training/pituitary/Tr-pi_0983.jpg,pituitary,a37663421e799bc285a51b683ac95315658860d8428d84ef55514e1256271bac
Training/pituitary/Tr-pi_0984.jpg,pituitary,3a94f090c2f5e925afe5d137eacb8ea77b32dce334f7856415afbd3be28e2cde
Training/pituitary/Tr-pi_0985.jpg,pituitary,a31a892f2589e15d5841388859b06416c1f5465e74fdcb35369e3df6cdacf220
Training/pituitary/Tr-pi_0986.jpg,pituitary,1c745b2322ce4e21cd4ad3330bc31e7f4d407b79e542c7191c9a94debc43f1c3
Training/pituitary/Tr-pi_0987.jpg,pituitary,eefbca2e0cf43f1331b1b8155ed7f7293a3d3f02a7965fbe02954a832cc97c5b
Training/pituitary/Tr-pi_0988.jpg,pituitary,22b0c494ccada3a509b48cf1213f75e0b3dcb1aa488d7131db8df8a03271c233
Training/pituitary/Tr-pi_0989.jpg,pituitary,c9714030b4910b17070f5b2c81857b4c80c03099836361b0da174a09e31db18c
Training/pituitary/Tr-pi_0991.jpg,pituitary,ffa9821fcc25c3f937cf0becd8be6dd011047bbcb9ead523719968e4496fb977
Training/pituitary/Tr-pi_0992.jpg,pituitary,f7e9212f0be6b82943dc10864e037aacc0c58b0d4f320ecc7807a536e0d75dc5
Training/pituitary/Tr-pi_0993.jpg,pituitary,283fab2c9a0259b5348c9058246ab9f177a28f73a683676f9795f15b5a7d6afc
Training/pituitary/Tr-pi_0994.jpg,pituitary,b94771b6211955ad4f768cd85e80fe97eea0e3f45e33325289165ffeae635866
Training/pituitary/Tr-pi_0995.jpg,pituitary,733c45d0ec6220baa6579657de738fa1d25d62ef2c726cb537082563a9bd0ac8
Training/pituitary/Tr-pi_0996.jpg,pituitary,a1da7746214388cd5cd0ba3867290eafa53c943159a3dcadf51a55557fcc182c
Training/pituitary/Tr-pi_0997.jpg,pituitary,0e765056f1a35344471cd0ccbd3e957daf6ea9930e00c95a2a37d2ef75368dc6
Training/pituitary/Tr-pi_0998.jpg,pituitary,9d1436bd2db72d6b415d2e50ef22fcbfa942684931cb82da1aa43d23e6b2fbb5
Training/pituitary/Tr-pi_0999.jpg,pituitary,1f8c2c1822033def299a6d7d22119834321b28a926a87712aab5bbd8bd6f69d1
Training/pituitary/Tr-pi_1000.jpg,pituitary,4a356a4bebeae83bdca7414ea9cbe9e1539c8e2151f49838d05c2cad1378b47d
Training/pituitary/Tr-pi_1001.jpg,pituitary,1fa4832f992ad72fab13a481f6cbccfa6e67daf32af33677bd05ade98158d412
Training/pituitary/Tr-pi_1002.jpg,pituitary,6bad9b8efe753dc2f50c0b40fbb9344c80f1ec5e442f37728f8a8b4af5ecccf0
Training/pituitary/Tr-pi_1003.jpg,pituitary,0bc139e82d0149d570f4742ea81325af95b8b89130bcd29fb770a707f4347800
Training/pituitary/Tr-pi_1005.jpg,pituitary,d4e085ae03619bc8af9364044e7f4a2a1a70e3c361c48d6aa8aa7919af6af22f
Training/pituitary/Tr-pi_1006.jpg,pituitary,155b204e07d34bad5b7250644ef9f3c80d1d47d62653c117c78929aa0b02b443
Training/pituitary/Tr-pi_1007.jpg,pituitary,046d5c9778b50b9b16df3b053817af4112fb4b2c7caeadc5ea074db83a6a8fbd
Training/pituitary/Tr-pi_1008.jpg,pituitary,c583dc707de5486fbf3dc0e774bf8fdf600ba420be452f2df812d74376d9b65e
Training/pituitary/Tr-pi_1010.jpg,pituitary,c77370ad7588f17fb97f0440c4cb6cd44fd348c9e2272ecb1f88f6380f33eb83
Training/pituitary/Tr-pi_1011.jpg,pituitary,268f79fb85ac7c3c8ecff68dfdd25a25d06bb7d571789469bd5382b66ffc9473
Training/pituitary/Tr-pi_1012.jpg,pituitary,f2dc762be0431c060995d1dfd4d725b2cc02ba967bbd269142ec3dc20323a55b
Training/pituitary/Tr-pi_1013.jpg,pituitary,1564442e03e45fa07892de9d58adce37a50851b07bee06e3b073b6ad7efdbfb0
Training/pituitary/Tr-pi_1014.jpg,pituitary,5f9ce08383990a78a03bcdb239f221b090e4d3e586f9bd065d510c4d2aa4b61f
Training/pituitary/Tr-pi_1015.jpg,pituitary,a322fa687abb49bc4c60a281fc20afced6b1ab546acb43730f17abfec864e2f6
Training/pituitary/Tr-pi_1017.jpg,pituitary,123586f85b52e7a9e4429bb3ccf198dada162fdfef3997644029f27f68453a8f
Training/pituitary/Tr-pi_1018.jpg,pituitary,9561a7e3dc25691c9b641ac2394ada7bad22442b24abca31123599c416040f84
Training/pituitary/Tr-pi_1019.jpg,pituitary,ae9b5d9d602146ccb2bdd92a9ccb616f9bae77f36a90e719efad40454019337a
Training/pituitary/Tr-pi_1020.jpg,pituitary,dab849140b486429e3763e3381fef6c290718ba82870e80038264e19bbcb7b17
Training/pituitary/Tr-pi_1021.jpg,pituitary,3ecda9413d53b2ce6b9f46f5730603028d7d607192e8c93c2a0c0c0d932e5171
Training/pituitary/Tr-pi_1022.jpg,pituitary,6ecaccfcfdcb904023ee4abfd70411e512a37377dc09643fff3a40850659708a
Training/pituitary/Tr-pi_1023.jpg,pituitary,c82b3f451d34671e317619130567064628a5e6fe6f6d98b3d75a4d0b8b0d2777
Training/pituitary/Tr-pi_1025.jpg,pituitary,93192fe5666b9dc79cb659af97e18852315c1483245d3aebeda65968a2f2db96
Training/pituitary/Tr-pi_1026.jpg,pituitary,2b2547b2824b6e38856072cf15b03ecdce80ffebe802175fc32593ea7103523c
Training/pituitary/Tr-pi_1027.jpg,pituitary,63d211771828f1da7b472e35e0c0ee1ceab1cde1ed45827c133dc6af4026a4e1
Training/pituitary/Tr-pi_1028.jpg,pituitary,d81e993e706045e6d7950a3ca07fa9268a4957b9ff0e3c84bb0be10ee345e5e8
Training/pituitary/Tr-pi_1029.jpg,pituitary,5b39d33facdf14cafe67f35029c5784f6c69928ca1c0d400558032b82c8c242d
Training/pituitary/Tr-pi_1030.jpg,pituitary,0e746ed4aca4b1439885710cf7c5f51582460d3b495ea48a3c539054fe524c75
Training/pituitary/Tr-pi_1032.jpg,pituitary,b5eca169ad1834fdbf50d5dfe169c73a0919a2dcc135973acd9a1134a0f67c25
Training/pituitary/Tr-pi_1033.jpg,pituitary,8a82830496d05db0282e78f624a861c74bd0ed23c4a731b879580a050feec4d7
Training/pituitary/Tr-pi_1034.jpg,pituitary,40e0f7a8a41dc0ec853c05882665b4be20f4694fd566bac8ebf8ad3613b4e06e
Training/pituitary/Tr-pi_1036.jpg,pituitary,809b1a3d17025a675fcd20a6901639950e276003c1cff5d11bc27f6d6a4c3f29
Training/pituitary/Tr-pi_1037.jpg,pituitary,185d4d9ad36cbbdbc7b6b70977c6975b9a9cec691225d6798868fa99e0bcc6b6
Training/pituitary/Tr-pi_1038.jpg,pituitary,8a2d9f79cbfec824d28ad0dbd96c99aa23cce5ffa048474b9570580e8547dc6c
Training/pituitary/Tr-pi_1039.jpg,pituitary,3a0726d0d352e0b2ff95be596a176b987eb5afa5fe369cb3c26f32c6c32ebcc4
Training/pituitary/Tr-pi_1041.jpg,pituitary,32c47f4c09f46695c774e6e261fea52ef4862476faf5b395ef7a215066899e5f
Training/pituitary/Tr-pi_1042.jpg,pituitary,35198c716edb5fdcc19a59d61dc606cbe5720ab9358096464ead604761f6861f
Training/pituitary/Tr-pi_1044.jpg,pituitary,252c464b2f770214cdb356378fd5cf303016bef997f7f590a93378685caa0379
Training/pituitary/Tr-pi_1045.jpg,pituitary,0f471808f012fdc7fb7794315f707e02ba09d18493a217456cc85cd11b02c87f
Training/pituitary/Tr-pi_1046.jpg,pituitary,3281c9f58728cf3c81d7806a0b131ff087adffd3987edd36d74ed155281120d0
Training/pituitary/Tr-pi_1048.jpg,pituitary,eede8665398d4b1e6430af58b29399ef73d637b37515146575375c32c8e795c6
Training/pituitary/Tr-pi_1049.jpg,pituitary,8b9d40c509a34092e1c67534987a68f2c1f95bd46c13cdfde94132769d3eccb8
Training/pituitary/Tr-pi_1050.jpg,pituitary,82192070458c7aba527fd0c8a6adf25a3e2c98ae27f9832dffbad0b704acb20f
Training/pituitary/Tr-pi_1051.jpg,pituitary,db2f744d1907885e2436d2bbc0e585edca7dbefa39a63d4a696593de2f6be5ed
Training/pituitary/Tr-pi_1053.jpg,pituitary,218396ad947642c0349a685b28840e3cff7b600deac1e540cacf2db6ea0538b7
Training/pituitary/Tr-pi_1054.jpg,pituitary,18f56c6fb63237e35ddec1267a3e069b0c6401ab8d18fce3f12803f1bf1ffb22
Training/pituitary/Tr-pi_1055.jpg,pituitary,1de1b8b7a58742f393421eb55c203a9ecb990e11574bcda26ad3227fb75d3727
Training/pituitary/Tr-pi_1056.jpg,pituitary,0f669fc64de815a3e71c5f7ad39a6367c7b34d6bdaa42c2a7695152e9baab435
Training/pituitary/Tr-pi_1057.jpg,pituitary,70b889d37c615fdf56e361c3c48761bd1d87d4ff96079b487aff645214674ebb
Training/pituitary/Tr-pi_1058.jpg,pituitary,96ec0162d6e670af8c73e2079c8f4a8f6c1dd1e05bf998cd408c869c935bd115
Training/pituitary/Tr-pi_1059.jpg,pituitary,c92000e46dc946281e4e85f1160fed03a93d841bfa0318bf42c1659164d10253
Training/pituitary/Tr-pi_1060.jpg,pituitary,ce40872570c794587f3221ac6db546e448772aebc39b38d2287f2b1cd6e785bb
Training/pituitary/Tr-pi_1061.jpg,pituitary,6b01920202a8fcb9c1d8be891edde76ecd87e4ea43561d187a086497da9f7846
Training/pituitary/Tr-pi_1063.jpg,pituitary,e96976dd8f85ef37224765a65ee592e8148992ec50dad8e6cf66c0bb1c5c8e8d
Training/pituitary/Tr-pi_1064.jpg,pituitary,5b6c500d25a28500f8225be2bb557de392813f810d955b9f9ae51541da47ccee
Training/pituitary/Tr-pi_1065.jpg,pituitary,935acfca74b11ceec67d26a4661ad764b4d32ec30b07fa25d69e208e10e3fa84
Training/pituitary/Tr-pi_1066.jpg,pituitary,801de7cd53c3b4590bd04cfa9cb71275262e2ae32f420fb85aefd2559f185c6f
Training/pituitary/Tr-pi_1067.jpg,pituitary,509575b4c8edbaf3475777003ccb732b34a32b7ff839c56177a464b14780ae2e
Training/pituitary/Tr-pi_1068.jpg,pituitary,0f35ccae7f3f4c5c26b23d94b72316a62048e7ebf3dd7bbda2f83e3c38cfbc8b
Training/pituitary/Tr-pi_1070.jpg,pituitary,7a3964761e1ce5edfdf6e169b8eb758ca57fa331c0c0290cb888081fb586705a
Training/pituitary/Tr-pi_1071.jpg,pituitary,35ef3dd0fac8dcba82304fdb8ce709e3f656538899ad332ac23e6821c4ab3164
Training/pituitary/Tr-pi_1072.jpg,pituitary,92a4ab952d824b44ba9f395a906b785238279b096a0f74e2ae2b5e0026adc635
Training/pituitary/Tr-pi_1074.jpg,pituitary,ae1c5cf7abefbcd014e92cd4181cee593cdb382726647e6e8bbcc044ca0680c9
Training/pituitary/Tr-pi_1075.jpg,pituitary,2cfdbb9ec9817e1c3d082e05bafbda873564cd306a497c5d766ffe5ce0ed1f57
Training/pituitary/Tr-pi_1076.jpg,pituitary,699323cdaed52de139183980d96ddb55e87d6b92495de9b3b8895ad14625f9c9
Training/pituitary/Tr-pi_1077.jpg,pituitary,5aa00eb43b76989355553eb41ad34e4b1cb0cef508e8e6e32678224731df6018
Training/pituitary/Tr-pi_1079.jpg,pituitary,3f1029451ece4cd3461a59dc55b36b07d7acf1eae3258fe521a2b1ad299f23da
Training/pituitary/Tr-pi_1080.jpg,pituitary,852be46f03cb7b00ace268fabb7c03ddc9a3d506c519caf910d37ba1096b50e4
Training/pituitary/Tr-pi_1082.jpg,pituitary,118be45b89c0b5efe8c596838666db6159b279482731ffc81506f5dd72a77294
Training/pituitary/Tr-pi_1083.jpg,pituitary,3209b6829c3cf24515eb71b4375eb2550a99b7cdc9c37a9f085b4c3a29654f50
Training/pituitary/Tr-pi_1084.jpg,pituitary,adc8a05eddedb0e7a505fb3295a1df5925fd36957f8edb3fabef9be0e89dcdf6
Training/pituitary/Tr-pi_1085.jpg,pituitary,84651a019d2c338a77c7c51a3775af37ac24c2c990361386b4a1dbbcb5038b0d
Training/pituitary/Tr-pi_1086.jpg,pituitary,c7c25ee8a29e06b0a1291dc13c488c021d4043633102a221b0cbb6bf4ad60cf9
Training/pituitary/Tr-pi_1088.jpg,pituitary,3137608daad571c60d27b63520498c2fd513f15ff61fa9b1d4460df74b5c01f5
Training/pituitary/Tr-pi_1089.jpg,pituitary,4b37d7e0b48c309dd59c4fa57faa674f0ceeab1db9812263e06d9901efa7e34c
Training/pituitary/Tr-pi_1090.jpg,pituitary,be696943c64f1968eaca33aaa76c39d2901873b1e2f59415e87d6844d13a7a28
Training/pituitary/Tr-pi_1091.jpg,pituitary,eeef379fa149ea360e72ed9393cc9d3ccff15068bee8777a36433ad99ec37262
Training/pituitary/Tr-pi_1092.jpg,pituitary,3330c36e01c6d722a62a7938a23a030d43a38bf0abfbf355dc31cf393c124434
Training/pituitary/Tr-pi_1093.jpg,pituitary,32e8b16afe4dfe2de84703cd5d907f2af21817ab2300ef18b3f652be4f6e2fee
Training/pituitary/Tr-pi_1094.jpg,pituitary,d7ea4a1e0a3385c37355c03fcd325351dfd9740d4a5da53f5646bdcbe5beec3e
Training/pituitary/Tr-pi_1095.jpg,pituitary,6f693af8ba877cdd600d162ecdef37e0911c2968ba1a67ccd45a19ec59fba6bf
Training/pituitary/Tr-pi_1096.jpg,pituitary,f47c2a35aab50fe4076545244df0e888f1e94bd2523ee6850557c37a1fda5feb
Training/pituitary/Tr-pi_1097.jpg,pituitary,8d8d28f69b65a655c34bb5bebdfc8496d66af61c4a3025fa0dd33b8618def4ed
Training/pituitary/Tr-pi_1098.jpg,pituitary,ec80c8c8576fab2d6600af12200698ea11bcff4b4aabdbc56e2b6d0f883c7f2c
Training/pituitary/Tr-pi_1100.jpg,pituitary,16ff9fb169a6a472535da28292346f219d4ea96ea4330e292a558329bf4f245c
Training/pituitary/Tr-pi_1101.jpg,pituitary,56604f94de8b6aae46a57dc660acd6a4850a9c473c6fd5aad87a32d0528845e4
Training/pituitary/Tr-pi_1102.jpg,pituitary,594ce6c137d5ce76384722d763f00a5388125dd217eed21688c06d969ed0b232
Training/pituitary/Tr-pi_1103.jpg,pituitary,db031aba8ea9a7b4946ca4ba06e0d3247fa5a6e786c791f6c095703f7dcd0fe9
Training/pituitary/Tr-pi_1104.jpg,pituitary,513e4222e5b5085fa99a0d614326401325417985a1c2ac8357e16e0754709838
Training/pituitary/Tr-pi_1106.jpg,pituitary,e0a01074e1a8ea4533638b3a2197b787d613ef8d1846e18ec6203890b31f5c3d
Training/pituitary/Tr-pi_1107.jpg,pituitary,8a8bf76f5ddc3f8100f8424cf1e3378736e2417d154e91bb48aec0998c495905
Training/pituitary/Tr-pi_1110.jpg,pituitary,cf21f3db7147ef404d3b98c25e00a741a82d3f34454fd6d2cd483c446d9ec871
Training/pituitary/Tr-pi_1111.jpg,pituitary,c4f788cb092c7e0fc5a4ee000f148bf1b855558b661caaab88d3e5a04cfe5fb7
Training/pituitary/Tr-pi_1112.jpg,pituitary,da4830061e4bdc6275a43661754de03ad6913b0c0636110ff069de7ce08fab3c
Training/pituitary/Tr-pi_1114.jpg,pituitary,84702e8ea4bfacbc9fdc9541851eb65bf3c2f71134df8125120b3e4782a9ccdf
Training/pituitary/Tr-pi_1115.jpg,pituitary,cd7b0c3380b7f938d17927b7f1b15d3f180664589699cf42f2a0fc1ce15a7951
Training/pituitary/Tr-pi_1117.jpg,pituitary,3d4ec2b45be65b6c7e010e10d7aaf6876ac3b711c12d3d4bdbfb0852c47d6c43
Training/pituitary/Tr-pi_1118.jpg,pituitary,f9ed71d8b9a247acb62b3b01a15b030aff454cae6f4463721691e9bc211e9b4a
Training/pituitary/Tr-pi_1120.jpg,pituitary,684b2f70702ff61f58f8b62f4ae748e0e17743e601d27e538730d2b623ea735e
Training/pituitary/Tr-pi_1121.jpg,pituitary,6e37891401bb4ed6151f239a5dff69bc3528790f6c672fc85d78b0dd8fae6dc8
Training/pituitary/Tr-pi_1123.jpg,pituitary,304abf91e762be0186a18eeb3c2ebdc4cb5614fadc9850393f5080b246285604
Training/pituitary/Tr-pi_1125.jpg,pituitary,9900224be3682ae6fb715a651c199461b10d5efdc480b6b16d8572a4555f31f8
Training/pituitary/Tr-pi_1126.jpg,pituitary,ccd3ca6bc5ffff3e4c53e71d5780f59e4474c609547490a5c2bc53bceb7644d7
Training/pituitary/Tr-pi_1127.jpg,pituitary,d78d98cabe123566113be733a907aebb41fcbce1510655be1a5d560a2eb76019
Training/pituitary/Tr-pi_1128.jpg,pituitary,e280df4632d8cc0f1b7a7287cdb10b344a15fa346e18a8acbd9e89168a20dcff
Training/pituitary/Tr-pi_1130.jpg,pituitary,116e7940cb16530a4773424e373c4666c90d2ca7b13b482aa31a43ff55e29760
Training/pituitary/Tr-pi_1131.jpg,pituitary,84bff75699f713c58a751ac2e0b557568b15b78ce4307101c0520ad1c495a641
Training/pituitary/Tr-pi_1132.jpg,pituitary,68f6893488aedab3a6b2482536611710b068ea049122c4581c631580427501d3
Training/pituitary/Tr-pi_1133.jpg,pituitary,a107f5db04acfc1f59203ba956dc582d209f492cca27e47fde2c4e2256e4d597
Training/pituitary/Tr-pi_1134.jpg,pituitary,b119ba991ef9234c8c7ba8eaf4b385c4aecea15ddbeef76e526d2b966bd63e23
Training/pituitary/Tr-pi_1136.jpg,pituitary,bfbf5bf0cceb59e2c024078ed0de539f7d98d0df7a521d6884c249791e8473cd
Training/pituitary/Tr-pi_1138.jpg,pituitary,dffc9f9c9478154c0f85370871fe4245522c8eff460bd7a2b6c63216a0d86dff
Training/pituitary/Tr-pi_1139.jpg,pituitary,a9cfb4ffb72014bb945b3a277a8104cf2002ce73783ac179d4b96bfdced5657f
Training/pituitary/Tr-pi_1141.jpg,pituitary,f525740b7388aa0e856690c508a55c6fe753d3445c05bacdb09b8d30352259c2
Training/pituitary/Tr-pi_1142.jpg,pituitary,fb0ab523f605f46836eeecb5a6cbe34deb0c42fd14e8ea801048bffc6e6cb1c0
Training/pituitary/Tr-pi_1143.jpg,pituitary,4382f089b8f9ebc8be686aeee74e51db6e155a97f76da0c97f24c37c9653e100
Training/pituitary/Tr-pi_1144.jpg,pituitary,d175dd05f31d0cc6c61cc54e31c7a81c92aac9324d91550dc928a5c7f4910d84
Training/pituitary/Tr-pi_1145.jpg,pituitary,df85f34c33e2ad8b86d5657a37a48b0d2b050f1c0a44f2c21d93f9b9b6b3586b
Training/pituitary/Tr-pi_1146.jpg,pituitary,1c46e75ea767287555fe60713098012ddf168ab90459c2206353dbf302396c40
Training/pituitary/Tr-pi_1147.jpg,pituitary,c0df2067b19f03007beee855c93e868387d23481a3b8490d6f5ae18c6b297c46
Training/pituitary/Tr-pi_1149.jpg,pituitary,fc8974c04a97fd0115d433b4a99ed5f6e5fdf52a7afdc270dfc461d816a7baf4
Training/pituitary/Tr-pi_1150.jpg,pituitary,bea491c50e5d3a060156e6871748d8149f7f62982579afbdfe81bec49c642730
Training/pituitary/Tr-pi_1152.jpg,pituitary,5eef214999a0e35bd7b1cced1d58271ae93dcd032b2ce52ee782b1bec9e5b3b5
Training/pituitary/Tr-pi_1153.jpg,pituitary,80e1c5ac80a61b89fb9dbf47e9e2768fa2ae8634498459b3e89e8a1fd3e34bf7
Training/pituitary/Tr-pi_1154.jpg,pituitary,2e005ff19bb2baf6f9696dbf6554d35d9718905318f0c9c8aa02b59d91093775
Training/pituitary/Tr-pi_1155.jpg,pituitary,b3f782714f66c3495c470c063affc8ccb18f6516a925a2cabc307f0c92a61d6e
Training/pituitary/Tr-pi_1156.jpg,pituitary,abfebdbbdb72508fcdc56473ec41a69840a4146a32887f03ff66770e2e4489d7
Training/pituitary/Tr-pi_1157.jpg,pituitary,d36b7f8e134c90b872660d0f6585a2be98443dd073b329b5aefd893d785e78e4
Training/pituitary/Tr-pi_1158.jpg,pituitary,994b1b0c5ebadf7b59c7e56ce0b3d1d23c240c66e45a7486588377d0848eecad
Training/pituitary/Tr-pi_1159.jpg,pituitary,c273de243dc3e985bc7f90633f0c19a93dc485a83d44b788573af7484601b87e
Training/pituitary/Tr-pi_1160.jpg,pituitary,63da4ed73f4206e22fda56c313baec0210cc966e69967ef3fa061540b6d52534
Training/pituitary/Tr-pi_1161.jpg,pituitary,417e88549d26bb4a89b45b57541c1dd0364890e5ef9b3f78678b47df2f751982
Training/pituitary/Tr-pi_1162.jpg,pituitary,7f06e7f32adba8ac9a4f325e13ddf88da6accbed368b3787eaba27c8353b48b5
Training/pituitary/Tr-pi_1163.jpg,pituitary,23566c7893061bc4c9fc965dace7da9b0756c8a143078ffae8e02fd17153e116
Training/pituitary/Tr-pi_1165.jpg,pituitary,bf084ec303080280c2a5e3c9decdc1bfe37973658fa09dbeb496246041096970
Training/pituitary/Tr-pi_1170.jpg,pituitary,813c365fd68794ca865c5d6a68581feafe2c797859e959ac5ecf9fea022627ec
Training/pituitary/Tr-pi_1171.jpg,pituitary,86bbe427251aa3f43574586c1de02534944e78d54d64375d4a2d92d6f348f40f
Training/pituitary/Tr-pi_1172.jpg,pituitary,6143f24860ff08706669d715be5d481e74d8fc5a64c611526267666a94f3268f
Training/pituitary/Tr-pi_1173.jpg,pituitary,e20d72c0370abcda6b0416fbe0e9a404f4eebe817ebf7903d0f3fe9e9b56abfb
Training/pituitary/Tr-pi_1175.jpg,pituitary,9cf5dddcd2fd828317ce24ba40e43ed593ca0033b59d7a581e523d99379923ab
Training/pituitary/Tr-pi_1176.jpg,pituitary,c76083bc8499d21245bac4eb4cad4e0d6e8ec99e75201096927e495d73706025
Training/pituitary/Tr-pi_1178.jpg,pituitary,e845b6b30d7912d8c839200b10603e45ccc176ceefca45d8a7d67b813d6d4b36
Training/pituitary/Tr-pi_1180.jpg,pituitary,82340c85ed154c5ddc2f108d2265a23023e231e473d55d9bed82ab4f5ecf8f65
Training/pituitary/Tr-pi_1182.jpg,pituitary,98e334dcf640253006c2bd5f6bbe81c80a8c9219e98c55e7b4bda3d513ef9810
Training/pituitary/Tr-pi_1183.jpg,pituitary,4a29de6f50164f818ad07ce19ac301ae24bd35f24f2bbddbd5477a8ad52ff67e
Training/pituitary/Tr-pi_1184.jpg,pituitary,5e45a52938fdb2aedd6a97516145a95e0ecaaed6267a35e82539f5295b32ddd0
Training/pituitary/Tr-pi_1185.jpg,pituitary,6f0616cb4ad2e8c24edfe39fd14e5a7320605e5676f74da29463de74bc14a530
Training/pituitary/Tr-pi_1186.jpg,pituitary,99ea012f84dd9079b3e807e061efa3dd4dba3968c9ef293051d280494a95178b
Training/pituitary/Tr-pi_1187.jpg,pituitary,f7c186036b81c58158458dd9c1e57cc79aa8ae07d9db36e9bba6873292209e50
Training/pituitary/Tr-pi_1188.jpg,pituitary,d1c6272bc41e0f7182df50629509b379b2195b0793edb71feed5ecce748e8cb8
Training/pituitary/Tr-pi_1189.jpg,pituitary,ec5bc4b6f2fbf875b0fb9f0e9cef39b6cb53c3cac00e0ce6cc660ccc8f28e0ae
Training/pituitary/Tr-pi_1190.jpg,pituitary,b07040fcda8d8834793e632594237c4fe8ad01dca02acd27d87fa9a9e5c08b9b
Training/pituitary/Tr-pi_1192.jpg,pituitary,0b9e076d1b9f7777c48a1a9f84fcee4f1e7ec3eeee3b9131b2e192899a841c95
Training/pituitary/Tr-pi_1193.jpg,pituitary,64b43067ccd1a28335c4e35a19309afb76d8498b6caced0120640639967df41a
Training/pituitary/Tr-pi_1195.jpg,pituitary,e815467a5ef6c8653d3fdf189e52a214756174fb4a2c9cadb309bf2aff964344
Training/pituitary/Tr-pi_1197.jpg,pituitary,6723a2f9ea2b76f42613efae363c7b2332ddf347f7f0eef13dd81bcb96c8ca99
Training/pituitary/Tr-pi_1198.jpg,pituitary,160ad8c4fca9d3ec97982c855c9025bda10c03d554a2049306d64ca3bec995b2
Training/pituitary/Tr-pi_1199.jpg,pituitary,238bff96b589925f9190d940c659b9a42e2f6db9c225101d012605b86b8000aa
Training/pituitary/Tr-pi_1200.jpg,pituitary,234805d0ea9186ff14a3c41f29ff316056bec2d34648fc98246adf602698d3e7
Training/pituitary/Tr-pi_1202.jpg,pituitary,421e6eb4cfc9852ff32e999a06ce666eab3ab9d3b03639cc7cc69b0cc829388f
Training/pituitary/Tr-pi_1203.jpg,pituitary,ab901f691f2046579e1c82f1393c8757ddde000379fa138bd883fa5c717c5f99
Training/pituitary/Tr-pi_1205.jpg,pituitary,6cabf743e282ecf390c97829e5914fbb72c2dfaa11d54dab0f810681e8e7be4d
Training/pituitary/Tr-pi_1207.jpg,pituitary,2fef14b4b9e0f9bfc354af4654f521385854b62e84c8346a205aa227bf5d4712
Training/pituitary/Tr-pi_1209.jpg,pituitary,2ddbb890302a3bba8e58b274b59abed1b89ae151c86dd4fb10dbf992754ef7cf
Training/pituitary/Tr-pi_1210.jpg,pituitary,496288b003f7863b7441767b1bc601c14f97639ae9821466a050e0f5caf87380
Training/pituitary/Tr-pi_1211.jpg,pituitary,aaeb1dce8d24e0cf72d22693e24a92f6deeded71fe78f8c36541b6870956772d
Training/pituitary/Tr-pi_1212.jpg,pituitary,03dad77027ac10c2591e81b6cf40020a5ae088eca22d27675758dfc9184eae46
Training/pituitary/Tr-pi_1213.jpg,pituitary,b3fea38d6f576e971a91686d98d213961ca5bc00c72e3f85cd68d509ec182426
Training/pituitary/Tr-pi_1214.jpg,pituitary,3cf9bbb6ce5295cad9e903a3b404d87e6347cf8b0917b84c53c7c8cf092d5893
Training/pituitary/Tr-pi_1215.jpg,pituitary,0d9ef486eac4236b3b5c762c2bc4aadf237e2f4347fd0f4a45e5985d90c3d608
Training/pituitary/Tr-pi_1216.jpg,pituitary,942a8ccb6be71868d044836bb17d7a1cb6d9e258c9dc60f32b0f949ca693ab91
Training/pituitary/Tr-pi_1217.jpg,pituitary,05df7724bd5cd4cbb2a5ae616a7571d11835487858764b7bb8793d5eac2eda53
Training/pituitary/Tr-pi_1218.jpg,pituitary,c3fb12f5983a520e72059ebfc838d6901a1eea60fa9bfe776970478844cfda9b
Training/pituitary/Tr-pi_1220.jpg,pituitary,47301d3cc5d60b5a667088fbe5c8ed659ea842a6bf4f01d186bb9a28e734198f
Training/pituitary/Tr-pi_1221.jpg,pituitary,e44308756c14f8a6b9cbb7073ef16959faab0729c14acdc7b595693bd1dd149e
Training/pituitary/Tr-pi_1222.jpg,pituitary,53a5b3234d4d85f45c1812436e9eea9140e9d8f438a1eedcddb736fc72e8eeb2
Training/pituitary/Tr-pi_1223.jpg,pituitary,e8b051083198eb9e96432fcb89e2c8b574dc7298e4e390e60e9e1b54d0ff4b63
Training/pituitary/Tr-pi_1224.jpg,pituitary,28253f27c4e65837b0f35488f2280f1b9e353622c80c817653f43f1326f4d8cc
Training/pituitary/Tr-pi_1225.jpg,pituitary,3be9f22ed41991d9e8374961bea209242d1cc757331937a746dd4abe2e4cec4a
Training/pituitary/Tr-pi_1226.jpg,pituitary,c73c58a9d14933ca8cd3b2a71d6450320dcb143054a384f069aea5b1871b3f13
Training/pituitary/Tr-pi_1227.jpg,pituitary,588e8d23aaf881095407a159556d25ad2a15b52ba6dbac06d0ede34fce3f6864
Training/pituitary/Tr-pi_1228.jpg,pituitary,07636e1aeae516fe77d7ed57d0b1ce0bb95bd0f439b32f755af4457e58e90e22
Training/pituitary/Tr-pi_1229.jpg,pituitary,e46c12ebaf1d4e54f471a9b9ee8b69350f3d67bba871d5c6e5814a85c8b5dc57
Training/pituitary/Tr-pi_1230.jpg,pituitary,1038636f0570797c8a38542d6707b7c2c59b8bee01569302182cfe9defc3c6ba
Training/pituitary/Tr-pi_1231.jpg,pituitary,b2c737427a055d59157685b672fbc68ee66aa972bf15d4134c4ea3e48f71781e
Training/pituitary/Tr-pi_1232.jpg,pituitary,5059f3d7ee27de0fb131bd392d8e602ea97cb54e3dcfc0a9968832d21554ac25
Training/pituitary/Tr-pi_1233.jpg,pituitary,07eef1d507f73f776dd622d3bb1b623a393bc47c0206d4260621893a7291f947
Training/pituitary/Tr-pi_1234.jpg,pituitary,dbda71ebfe6fbf948408284b1c1199efce33fdd2173e4f36763a12382f19931f
Training/pituitary/Tr-pi_1235.jpg,pituitary,415c893286a1a8c1777fb3ce59f71925bd312ab367524040024d16e9d39bbcbb
Training/pituitary/Tr-pi_1236.jpg,pituitary,4aba3695ccb2578b8565d8760dc789af6479caac4ce5d70a042baf82f27abb88
Training/pituitary/Tr-pi_1237.jpg,pituitary,f9a81b4eb4a080608a1c642937fa241316dfb149934868b944384daf84bd8fba
Training/pituitary/Tr-pi_1238.jpg,pituitary,49864523b52b0a00ab6eb0e68e871fb5a823dd97fd112993f3d99ddf86733dd3
Training/pituitary/Tr-pi_1239.jpg,pituitary,b5c34922668edbe4cab27b82376b29074c9c6d007829f0246ca95d89abc50f4c
Training/pituitary/Tr-pi_1240.jpg,pituitary,ec2f6975e8b6b00c308feea551d9650030660bfa51ca699df71dc60746dafc23
Training/pituitary/Tr-pi_1241.jpg,pituitary,b009b05f96a1d7661e060f019d1a560e407777c947d0cbb3c666b57cf937d7c2
Training/pituitary/Tr-pi_1242.jpg,pituitary,44c48b16dc63b13aa8eb3e46f2ac7daebb80a199b88e6ade3e7e05d2f35d4d9b
Training/pituitary/Tr-pi_1245.jpg,pituitary,d21d1082d8e040b22dd2bbcafd074bcb5b4e0f4944c43129e8e7a77f1c784438
Training/pituitary/Tr-pi_1247.jpg,pituitary,00fe0cad64b7ddabb0a2dd787e6186fcf39d11525969fce54cf7609377bee120
Training/pituitary/Tr-pi_1248.jpg,pituitary,b9cc133cfdf85c1d8e86590d9b1b0dd37de204dbf268557f89a2fe03be294130
Training/pituitary/Tr-pi_1249.jpg,pituitary,3725a1aafb5c03578d2695afbc29212649cb8c43d55b3e9703282dfabfca6773
Training/pituitary/Tr-pi_1252.jpg,pituitary,eb5e147c031d5cc6c777dce8c84088647632a92c8c7afec47e2f0dfd738a4a58
Training/pituitary/Tr-pi_1253.jpg,pituitary,537038d03f8039a2083b3ee6dfec07671222a7bfdadb065e2658025335b6dae4
Training/pituitary/Tr-pi_1254.jpg,pituitary,b425d9c3aae91e0723ab0fd2746afecc501de42afd78ab3e86ef9d1c82f9f531
Training/pituitary/Tr-pi_1255.jpg,pituitary,e6418be9aa11335d363f66276839d35b82ec6b7def52135f934343b65aa4d10e
Training/pituitary/Tr-pi_1256.jpg,pituitary,3270a6e9b2e07e7c0224f46dcc598da765547514317d8f191b9e0950df296065
Training/pituitary/Tr-pi_1257.jpg,pituitary,f08ac5f66d70af4a0c3f66181b7ef8ebfed0c9c597bf0cc164d0da5c97613e4d
Training/pituitary/Tr-pi_1258.jpg,pituitary,be0a31d49954d8d60d618f2decb335c5528be43ad60011341b8a306c8e5896fc
Training/pituitary/Tr-pi_1259.jpg,pituitary,89164c880fa1cc1525551d67a32afdadf06c9e69cd149a6612419d2b5cefec69
Training/pituitary/Tr-pi_1260.jpg,pituitary,4bef4fa0c0e86ee50bf5a6dededb29e5468d10fd50ac29dd0d83f568f0290651
Training/pituitary/Tr-pi_1261.jpg,pituitary,f4e926de3e4713048d9660d8367ef4ae3033a6c90bf6b3edbd889ec45c06d35c
Training/pituitary/Tr-pi_1262.jpg,pituitary,609f42dfea660cef3f2338330575ef46f1f0647ce9e8972038097a60061656e4
Training/pituitary/Tr-pi_1263.jpg,pituitary,9adc560600826dfa2f97817666c8cd26b5cc079bca177079bb437410b1a05eb0
Training/pituitary/Tr-pi_1264.jpg,pituitary,a8d143d9f0c6eba55fe2d91eed2d44404d5739bd83d76bc6b27f16dcd6da741d
Training/pituitary/Tr-pi_1266.jpg,pituitary,0387e6ee3b4a1219be979c1b1dc000cfa6ad105d3770738f7337ccefbc522ccb
Training/pituitary/Tr-pi_1267.jpg,pituitary,844ac34753345dbef7de30703c493ef11dfb5b135f72f83896b5caa938161653
Training/pituitary/Tr-pi_1268.jpg,pituitary,519d9e0a94ea961f18f4081c772dd68928496cc4f85dfa6274333386c15d0469
Training/pituitary/Tr-pi_1269.jpg,pituitary,485bc859609a542ce527f8e5b6a919b7af796197b3653851e5d133a1a453f6c4
Training/pituitary/Tr-pi_1270.jpg,pituitary,b637a457abff2af19a653184d5a61e1a88361cc651f21cac1556e09b94ad333e
Training/pituitary/Tr-pi_1271.jpg,pituitary,dec07729b572e234c1e842ad5fd5fc377be8b33cac553f1b7edd65c7a9ecbb7b
Training/pituitary/Tr-pi_1272.jpg,pituitary,7c0a9dcc61577d07109db9b36a5a03d4f1ee3c8082b7294facf0cabd9e02030c
Training/pituitary/Tr-pi_1273.jpg,pituitary,937185fe3ffa6d0b991625ffdeab933af5a69486a79a21793b7feb1c49f60483
Training/pituitary/Tr-pi_1274.jpg,pituitary,3f2d830164f6444c68d9758fc281a416a30456a361fa56c1a90970d79c8354f0
Training/pituitary/Tr-pi_1275.jpg,pituitary,0ab597668fbd311a7f24b72937bf79ab52a0118802fc497d7d2f18289d1ed186
Training/pituitary/Tr-pi_1276.jpg,pituitary,6a47a85bf879219762cec2767066e692db1cde9740a6d3861410cc3bc707e8fc
Training/pituitary/Tr-pi_1278.jpg,pituitary,d1dfa44b4b2bedf9364d31cf92808e05442a1a3ffc0e43a983c0f09befbfc198
Training/pituitary/Tr-pi_1279.jpg,pituitary,5e2aa070d462ea2eb0c2e720ae42d0f1181222cd61ecd2aa135ca163f4ba1ab5
Training/pituitary/Tr-pi_1281.jpg,pituitary,d08e46aaa1920d88737b604e9a67cdcb7a9b5eac72916e1ac2717ab73846cf38
Training/pituitary/Tr-pi_1282.jpg,pituitary,734034483d077f452f315dbb3e44bb398c3b74e6d8d3f82689415ae4e2bf788d
Training/pituitary/Tr-pi_1283.jpg,pituitary,d8b0bbfe35228e4b8124450bcd35bcca61819a96eaf42118eaae1d02afd8a5f2
Training/pituitary/Tr-pi_1285.jpg,pituitary,64da1e2ed0df51e4ec91d439e8fef6bd923ed3992a78ad72b0cc073bb6dd1184
Training/pituitary/Tr-pi_1287.jpg,pituitary,c0ab4ceeb487d2ed96c4c82b96116645e9074cf78b7b91ba1c96d20c75de10ce
Training/pituitary/Tr-pi_1289.jpg,pituitary,3a12147171e02ecf0cf6a0ef637c8bfb20e54911572d1d805cf04488349b336a
Training/pituitary/Tr-pi_1290.jpg,pituitary,d67d2c2e09101718fd97092fb04dbc658f3b25ed9970558fb09e768199e2322a
Training/pituitary/Tr-pi_1291.jpg,pituitary,f291318a6b65f05cb19e20f2f1d686f1d82fd34bdd1415ebc294611cc000d447
Training/pituitary/Tr-pi_1292.jpg,pituitary,3a3f6b3763eb8207b4cef310a5757fe971c46f271a5201e574c13f6572ed95db
Training/pituitary/Tr-pi_1293.jpg,pituitary,fd350eeb3529a13beb02489af5a22828385dc6b30798d3f497ca1fe92a887522
Training/pituitary/Tr-pi_1294.jpg,pituitary,59d781a5fc37a2aa21ae23a44c3f575e421ce3847b91dce8e40fde68f897f77d
Training/pituitary/Tr-pi_1295.jpg,pituitary,5d1aa1c333b2f962207ecbed3184eef5c7b10fa722ccd37a5a304b7da4a31393
Training/pituitary/Tr-pi_1296.jpg,pituitary,36364649c785250940500a0111d7b342ca74877571905282c78baae191513036
Training/pituitary/Tr-pi_1297.jpg,pituitary,bf3930763e2ca22755d8472d76ab37ce8bd476333e4abe349c6b8ca0610f4851
Training/pituitary/Tr-pi_1298.jpg,pituitary,362f3c6f3ca707cd3dc6b4d78e45bbf2bc05b842cfe59f71e3fbab0686afb88a
Training/pituitary/Tr-pi_1299.jpg,pituitary,59f1f1e66a11861289de1957bbe33cf3030971c7419ae792fb2d3f361a398ece
Training/pituitary/Tr-pi_1300.jpg,pituitary,f0de08e0db0b9700ae689d0e9328b2ba856d0194f15c58fbe80f666edafd6f42
Training/pituitary/Tr-pi_1301.jpg,pituitary,ebbee2b534acbd79ae5f53288110c42c76f30d35244ecfe7b90b7d83d612e87a
Training/pituitary/Tr-pi_1302.jpg,pituitary,0a45a995e13a0ca574cc5e0efd9757e62c93130b3a086235d9383cf4abd81280
Training/pituitary/Tr-pi_1303.jpg,pituitary,4d6466d2d97189dc544936d99e09ba5045e739d7a25325018ab10b2d957c42d0
Training/pituitary/Tr-pi_1304.jpg,pituitary,5937e02fc13e1b4f94a346a12214ca0b44a2ce1b80e1aaf93ef5c3c0aba2625c
Training/pituitary/Tr-pi_1305.jpg,pituitary,2ff7c93f77b773d2d436a3e30afd02c385b8c13b59f0a0cb315394b6517c6855
Training/pituitary/Tr-pi_1306.jpg,pituitary,cd12a7d44549931add5490368ff8d34dc95e7612ad0babd2087d3a73af9c566d
Training/pituitary/Tr-pi_1307.jpg,pituitary,65f15f0f7f6c56a3367511ac01007b6459f28285c0f623da5bc8c3f822a353d4
Training/pituitary/Tr-pi_1308.jpg,pituitary,11a8060eaee0a8236dcbbeed8a226a125be3afcf6ba376d8f9f2fc42efa7dbfd
Training/pituitary/Tr-pi_1309.jpg,pituitary,767407813537627d8e7caec87f849847cc6f1f6d148ad61d85f625728c47e1e4
Training/pituitary/Tr-pi_1311.jpg,pituitary,8d52e0a5cbf361241e7776466ebaafde61838820c9d718c03f138c6a0f73717b
Training/pituitary/Tr-pi_1312.jpg,pituitary,d44ef6cb6024cecc6bb3fc1b2becd77391080bd9b5b5d1212b0383cefbb8110b
Training/pituitary/Tr-pi_1313.jpg,pituitary,444bc9b4a0a897da27850c1643469a7d672e9688e5c8c628f0eac658c23dc7cb
Training/pituitary/Tr-pi_1314.jpg,pituitary,cfea4c73b72d4405d9a78c084eab728b58d621876727407e9c3e8b447dd523a5
Training/pituitary/Tr-pi_1315.jpg,pituitary,2fb22a4f507b8ef4c33902be264d3483aa4c42abc96333851ba81dadbcb6ff33
Training/pituitary/Tr-pi_1317.jpg,pituitary,bee39ba336fa1aecfb79a929d3d4e9b2eb56a134d16c17f467c508a9bd32ba08
Training/pituitary/Tr-pi_1319.jpg,pituitary,75d9d6200012e7169cafc421224e64c2babfdeb558ab45c7b7b20058c6fd8ab1
Training/pituitary/Tr-pi_1320.jpg,pituitary,ce2c7d89d1a34dd00b55605b520d7a17a6a176d92ce4b91c69aa3f4fe437d90b
Training/pituitary/Tr-pi_1324.jpg,pituitary,6711d5d0c194fd7ec7eeac340570761cc263023055f4a83842d702d60881c620
Training/pituitary/Tr-pi_1325.jpg,pituitary,55590615259890e6c0ebb6289099fb676ecc50fb853c07569465552809745c05
Training/pituitary/Tr-pi_1326.jpg,pituitary,61b0802c890642f6a3642b23f437a83679add26373923ab9a4951ffefc89548b
Training/pituitary/Tr-pi_1327.jpg,pituitary,27e656afcc646d764fb47785bc3fce63f62a83c06ca08495c986bd09ec8d9957
Training/pituitary/Tr-pi_1328.jpg,pituitary,1c67684ea8f3f1b08bf5105e46fa9b877e18eb8a78ffb500e117b54d3d7c3511
Training/pituitary/Tr-pi_1329.jpg,pituitary,096bd5b8b49079020efdeda50c921c727dfe610aec78228af8904f77caa19fad
Training/pituitary/Tr-pi_1330.jpg,pituitary,4efe9e74cd516c6abc1ed00a53bd2fb5a7a36e5e9e4675cccfb5bdca80a07310
Training/pituitary/Tr-pi_1331.jpg,pituitary,f293d7b720c78b0cb89aced12e741c1eb6825e9adc038b356d52354723814995
Training/pituitary/Tr-pi_1332.jpg,pituitary,94f0a90002966a1553cb210c03dacb2b4b02aefd17508f95034be1f9c22f5248
Training/pituitary/Tr-pi_1333.jpg,pituitary,c629bfcb58cfba854e54216b7e8fc3b1396acc12b3dfd96f18d37cf85e0ba99e
Training/pituitary/Tr-pi_1334.jpg,pituitary,f945a08157480673d2fc485238812436a7447ab644bef6266552921a1ee9469a
Training/pituitary/Tr-pi_1335.jpg,pituitary,30df79a2e98e3ad8744608decbcf79e2afd71745a80d30fe122acb40967face9
Training/pituitary/Tr-pi_1336.jpg,pituitary,546213e80f28768a32499a8e999ef4f66fb6cf26a3fec5b678620a571b10e436
Training/pituitary/Tr-pi_1337.jpg,pituitary,a4934874fa5019e7a9ea18dfc887d920a3088e8692daa79c71bd996f77bc8e2f
Training/pituitary/Tr-pi_1338.jpg,pituitary,2f0c69797a3c6a1660784733e1abe5e9a2647e4e953991f8321e6777a325833b
Training/pituitary/Tr-pi_1339.jpg,pituitary,c1a694d46fac8b5dd98328a67626e108bad691becebc7bbd76acadf089146394
Training/pituitary/Tr-pi_1341.jpg,pituitary,9ae6a3343b970e96387ae95f6ee4d97e918a0b5c179db22f4702e85516e03975
Training/pituitary/Tr-pi_1342.jpg,pituitary,d36673febeeff80e670075dd8ee4cd3cc116237aff4ce5ce86dfdcc4e591b437
Training/pituitary/Tr-pi_1343.jpg,pituitary,0b4f0872cbd52f120a5574d50595ebcb7fdd1a76c6a77591593a905aff13bea2
Training/pituitary/Tr-pi_1344.jpg,pituitary,641754cbcfb03ce04898675c7b5198037000b2acccd39a5442c144d499cedc40
Training/pituitary/Tr-pi_1345.jpg,pituitary,418f14cbc27a85b36589554f09ee532c6c3e3b477c0ab4f15c33c79d67f08f45
Training/pituitary/Tr-pi_1346.jpg,pituitary,fcca8529a47eba7ccf20ba3bda07e181ac9203c45da7ada3c5be3abc020bb36a
Training/pituitary/Tr-pi_1347.jpg,pituitary,7fbf37b7327bbdce9557e0199ae44f502984266154386673ee08ed3c9ae467e6
Training/pituitary/Tr-pi_1349.jpg,pituitary,eb10ebba7e693453aed271c4793e128bf65c42def092932638d7ef6b49559e2d
Training/pituitary/Tr-pi_1350.jpg,pituitary,187934c3f6c495cdc9e24e80df863694e2c2cce2885ab4343c4e2c12042d0604
Training/pituitary/Tr-pi_1351.jpg,pituitary,fa8a37fdc76f2f6ca079fc38e4aa2af76f33ae768c19ce5a819d8cd45459fb3b
Training/pituitary/Tr-pi_1352.jpg,pituitary,446df0912ac64b89e3cc6be51a85ff6abf01762438676380e7d409f4279ea105
Training/pituitary/Tr-pi_1354.jpg,pituitary,61cf8b0dde48a614afedf66ae851c5654467af023fba8eb31170b871af2ad7f3
Training/pituitary/Tr-pi_1356.jpg,pituitary,9dcd531cd97bb3f85d671ab666e6d0116ec0e1173e08ba5eb63b8a08431759e3
Training/pituitary/Tr-pi_1357.jpg,pituitary,3b48b2c7edf2927472697aed875f633ba80c85606f7aa08d8f7a57d1c7126647
Training/pituitary/Tr-pi_1359.jpg,pituitary,85d11b02e9fd30c5809c37b8ea79ec22516e69a6937769dad3313dcdf38332b5
Training/pituitary/Tr-pi_1360.jpg,pituitary,5508c857c4c3cb1afbbab959af2da18fd5487967a3097d4266ff86ae8609e931
Training/pituitary/Tr-pi_1362.jpg,pituitary,d3e5ab970ae66bc783bb34689876126e241f46a30dfdbbaee6a9f3828e0fef01
Training/pituitary/Tr-pi_1363.jpg,pituitary,83d1ef63ae379a75fed4555f47178c0ca28e5cb993ff4567b68992d12853874b
Training/pituitary/Tr-pi_1364.jpg,pituitary,2887fd122d7e0131cf4f31e57c2cae9e550aa63852452632eb168f33bc707084
Training/pituitary/Tr-pi_1365.jpg,pituitary,f453fb86935f756c13266c7c6aef9bd6dc0e026378219d7113a27ebd9ec2b186
Training/pituitary/Tr-pi_1366.jpg,pituitary,1caa281ff54d3afc746ceaca1364152234450bbd17153687abf022012417959d
Training/pituitary/Tr-pi_1367.jpg,pituitary,1d703b3e8136d63427a22b5eacf2493d47a73ed1236100322f487871d765c42c
Training/pituitary/Tr-pi_1368.jpg,pituitary,41671ce92f0a57c27973e17ebdfdb7e5cdc254c27f35d89922b6ccc13054bb4c
Training/pituitary/Tr-pi_1369.jpg,pituitary,46be1a3b9951f9d8c6d22ced05865e5648deaa1d1aa064c2c19d798d0975bde9
Training/pituitary/Tr-pi_1370.jpg,pituitary,0b31367683a4ca4526eb19ed7cd5c7e49c0b6f811bec6faee301aaee6d79b336
Training/pituitary/Tr-pi_1371.jpg,pituitary,7c71d5f40679c14b78d06b381e72550ac5cf21fd64c96464db8a5559e4aa3841
Training/pituitary/Tr-pi_1372.jpg,pituitary,e1c5dfc6ac240a5f3df03e5f6ef43e290632a21400d697425bdb2a263eff0ecb
Training/pituitary/Tr-pi_1373.jpg,pituitary,dcb7bc94346defce7014fa288e4b3c4004a45ee450dff67341b00662d39e2ef3
Training/pituitary/Tr-pi_1375.jpg,pituitary,c00f4d4822ae31955e3188e22f79b5e5ee158a7d7fe12a6c2d7d32d37b78880b
Training/pituitary/Tr-pi_1378.jpg,pituitary,edec969a0dbb445d8d5864d87aa2f52039756f6f42ad6c69f07e74f9905c0f52
Training/pituitary/Tr-pi_1381.jpg,pituitary,82240cea5409e03d9e9ef2f147faa11a7612f612c1e9e22d865f2b3476f737fa
Training/pituitary/Tr-pi_1382.jpg,pituitary,82f6c5aa246ead069a8ec294f79fd8c2ce97c4604de587affc602e56efb7eb5c
Training/pituitary/Tr-pi_1384.jpg,pituitary,c2728d892c8cf6652575711c3fcf1a17a6d84b5ff98aaab6a5d448c5d9fc1461
Training/pituitary/Tr-pi_1386.jpg,pituitary,7b463b728c6842cdd869b9d17d14ef32f90a99c6e45af31cf7476fb9de74b999
Training/pituitary/Tr-pi_1387.jpg,pituitary,18f8f57b4e24675be6b09f4b4aeff670955d7d2ba6d2fbd3c897795bb2a38a8b
Training/pituitary/Tr-pi_1388.jpg,pituitary,31292be38b64ffaa400e35873164d23c714d5c02a08c5bc48f393b011f2d1868
Training/pituitary/Tr-pi_1389.jpg,pituitary,ba76a8a97c43f2de46a3df805c90001c3a157e19710fadf0322792e5b76af3f4
Training/pituitary/Tr-pi_1390.jpg,pituitary,54fb3860c69fe79daef27175ff92095d116bd23ec7658a0ba7283e84e48e0704
Training/pituitary/Tr-pi_1391.jpg,pituitary,b04c0376f9b4a8a7f1ecd8f6e6e0d5e4a605c91adc9079c1ec6a52abb6c67416
Training/pituitary/Tr-pi_1392.jpg,pituitary,61131abc6c35d47066834551e814c5e8106391ce59894f5585616c026f5c5d28
Training/pituitary/Tr-pi_1393.jpg,pituitary,15407511c374c4dd78c098879caa23b6956ab8c62bd91c5f833b119c0e7ec61e
Training/pituitary/Tr-pi_1396.jpg,pituitary,3db3394b70b3d42904ffbb0ad2511996fbdb3a1605e4e46ff73877bb331808f4
Training/pituitary/Tr-pi_1397.jpg,pituitary,714648fe4d16dd71306def2c9a5b621a1b68db3517af24c77b3838460b9cc94f
Training/pituitary/Tr-pi_1398.jpg,pituitary,919b4880b1f291a9f5a200445e75e9dbc89eb506072676edca1da902d4322c6f
Training/pituitary/Tr-pi_1399.jpg,pituitary,8c4634047631bda98b1238a01a8ed4526cc1b4fe4ac34599ac95ab76644dc92e
Training/pituitary/Tr-pi_1400.jpg,pituitary,0f703766db923ddf041115cf724a341cd2d2f225df172abb52b42bd7a9c3d2b2
Training/pituitary/Tr-pi_1401.jpg,pituitary,2f5f11816532741bd3505da372bf237ab159eb7482a660656ac9b421505dd103
Training/pituitary/Tr-pi_1402.jpg,pituitary,9abb8d446e246cd53406031a122ad4730c1271d1c797bcf5037f1eb49cf95451
Training/pituitary/Tr-pi_1403.jpg,pituitary,5239638f47996f1881e676d161905feb527a67b60aa47e17bc80c751baaf65e5
Training/pituitary/Tr-pi_1404.jpg,pituitary,0c337c4e3c72a4952c4ea2418909c62cc05a035254c5d835be6871c662947c3d
Training/pituitary/Tr-pi_1405.jpg,pituitary,63d4e565a87341634005610faadcd3b68775b7978e879e8adf32f510bb66e977
Training/pituitary/Tr-pi_1407.jpg,pituitary,cc762714beda94aa18b78071c85efcafea9a7d53e2466b1201ac7321a0918493
Training/pituitary/Tr-pi_1408.jpg,pituitary,ab6d523e3add6bb89ef2dddc207b6abb6bd42a7318a38377d540dd6476aafb29
Training/pituitary/Tr-pi_1410.jpg,pituitary,5866ed9174ea57221379e19587ac2cc74248c18ed5d6a0604097d479f5c9d66b
Training/pituitary/Tr-pi_1411.jpg,pituitary,3a567c2c66f67c2bd917343b6120a1ce37ec95b69fd8cf028cc80331bf987a6c
Training/pituitary/Tr-pi_1412.jpg,pituitary,9bb5067bcd1c13aac58d5e57bc285060837ffa732b4bb15da01b110a18a14fbb
Training/pituitary/Tr-pi_1413.jpg,pituitary,61484fe9e1ab5bc4531281c9d1f6953eb70a8fa13cd1c885b93de6cae06c53f2
Training/pituitary/Tr-pi_1414.jpg,pituitary,f4a3792ad46c07a21b706b5639df922c2b8ef4e629be30c6028eb370cbc7684f
Training/pituitary/Tr-pi_1416.jpg,pituitary,2b16f9f046a37111eaebfdd077551fd4d0c2d40fab3351c8bb045734349ab700
Training/pituitary/Tr-pi_1418.jpg,pituitary,2c357f08c9ce1aad1ebe14bac6850ade681e629d212e73da696a7160420fcc9e
Training/pituitary/Tr-pi_1419.jpg,pituitary,8460636964861450514a44faf3b40a7b9bee689aa687a417d4ff8840e8d20a9b
Training/pituitary/Tr-pi_1420.jpg,pituitary,22c6a0269baf8dbf71f2d9c878e05504868d2bde679f2e6a445783d888b4eb29
Training/pituitary/Tr-pi_1421.jpg,pituitary,266111b5a5b4dd51202ac2b246032a451861c3aa3edccee2c279411e0853834b
Training/pituitary/Tr-pi_1422.jpg,pituitary,291aafa3dc40f666796da06a13d92d9fa6cfa5564210de58b86bd1fb25e084f5
Training/pituitary/Tr-pi_1426.jpg,pituitary,1d8ea851e6e5b1a7b34197957dd23eba91f24bf5a70ba3d6e9c11d94e288314b
Training/pituitary/Tr-pi_1427.jpg,pituitary,7dae06919e793d10b53a8a88ebb95c1a746db123bd36dde5191cc5976664c502
Training/pituitary/Tr-pi_1428.jpg,pituitary,bd778a1350a30c8c274dff0f974fb7e92b81d293945754df5e59aabb723da753
Training/pituitary/Tr-pi_1429.jpg,pituitary,d56d8d4458622895fc1a4e22f812c8a07019f5c42555b4d01fc202c7af753e19
Training/pituitary/Tr-pi_1430.jpg,pituitary,16ffb7416009659c36190543fa39476d0ec632ad3171d12b8cf778702cdc2d2b
Training/pituitary/Tr-pi_1431.jpg,pituitary,bbeb35ce75fa90cd518b4d367796b8fd34bc767947b72bc9e0a9018b90fd10d6
Training/pituitary/Tr-pi_1432.jpg,pituitary,700f707a2b9a143ef96f4949c4c6d4f1c7619df73438a609a6e7b44ce5cf043a
Training/pituitary/Tr-pi_1433.jpg,pituitary,9d673127a07949fb31411e934ec59e1f5c2c0e82bf6be8fd1243ee49805c556d
Training/pituitary/Tr-pi_1435.jpg,pituitary,293cdaedb1fc046c97105c6a69b062917cc617348d84120e23ee2558571b1e54
Training/pituitary/Tr-pi_1437.jpg,pituitary,ff1805b2f12d1fb11315f07f72dc0e1efb1e3c57667331322f3e76fa22590fb2
Training/pituitary/Tr-pi_1438.jpg,pituitary,9c90e8f04117a90c249bda74662443897c9d53909598a0d891d416a0162ee3b9
Training/pituitary/Tr-pi_1439.jpg,pituitary,295fcf7aa80dace6f167c3ffedef80263f4302eb3f6ddbc7ecf4059adab3e2c3
Training/pituitary/Tr-pi_1441.jpg,pituitary,d0480fbfbb378d452cc3e96ab6cfddbf58287eaefffed06153283cca5e507cd0
Training/pituitary/Tr-pi_1442.jpg,pituitary,d89d2acb35991bf361165b0e225592383db198d9399ca0309d285175887f1fbe
Training/pituitary/Tr-pi_1443.jpg,pituitary,735b7c131df9c6e300747b21dafb1a51e8f7dc055d1ceee0c1615a2995c69a1c
Training/pituitary/Tr-pi_1444.jpg,pituitary,66e8356f46f54696754cce8a4da28cbc518764aa7159a93b2e60c3fb6b5b880e
Training/pituitary/Tr-pi_1445.jpg,pituitary,1b8e1c3d49cc36b62101afb9ad5ec9a94e2871dfcbee19bfd25802984399f8a3
Training/pituitary/Tr-pi_1446.jpg,pituitary,836eabb3d1b4260dd3ac8614fc14fce05548fa7aa22b46a39168bf6cd969769a
Training/pituitary/Tr-pi_1447.jpg,pituitary,eacaef73a62d91a63bbe02be5738c249f52e3ac10673814fa593499b82452daa
Training/pituitary/Tr-pi_1448.jpg,pituitary,d1be0d6195cd814e52da334cdd4eab782c2c854f7665a16c0be5aa1e8c5eddee
Training/pituitary/Tr-pi_1449.jpg,pituitary,980d0327342e3fb447d633b9de799e07c48fd08bff75007cf4d90ec844286a17
Training/pituitary/Tr-pi_1450.jpg,pituitary,6487e1df2bb76afb7da0b36ca841304bee7ad6c2f20abeea230f607babe645a9
Training/pituitary/Tr-pi_1451.jpg,pituitary,a9a8cdb6096e4f8cb83509d3e55468513caa0a3dd60f6881ce8c128f97fd6a07
Training/pituitary/Tr-pi_1453.jpg,pituitary,f912062f8d7a6acecaeee62cc574d0db785172e9282f7f08b8ffff8f0ba6ff1e
Training/pituitary/Tr-pi_1456.jpg,pituitary,dc5b539afa9e171e5ecd3b6ccb321258782c12ae19a1ccc0a19197d22c355986
